task_id,project_id,description,domain,category,context_group,estimated_duration,priority,priority_level,arrival_time,deadline,variation_level,dependencies,template_source
task_000001,proj_00001,Collect raw data for the smart meter dataset from the source system.,energy_consumption,data_collection,data_preparation,53,low,1,55382,56709,standard,,repo
task_000002,proj_00001,Clean missing values in the smart meter dataset before training the prophet model.,energy_consumption,data_cleaning,data_preparation,173,low,1,56629,58158,standard,task_000001,repo
task_000003,proj_00001,Fine-tune the prophet model on a recent snapshot of the smart meter dataset.,energy_consumption,model_training,modelling,289,medium,2,57503,57915,standard,task_000002,repo
task_000004,proj_00001,"Evaluate the prophet model on the smart meter dataset, then check fairness across the main segments.",energy_consumption,model_evaluation,modelling,117,medium,2,57844,58191,multi_step,task_000003,repo
task_000005,proj_00001,Retrain the prophet model after incorporating the new features.,energy_consumption,model_training,modelling,107,medium,2,58548,58958,standard,task_000004,repo
task_000006,proj_00001,Produce a confusion matrix summarising prophet model performance on hourly energy consumption.,energy_consumption,model_evaluation,modelling,41,high,3,59267,59475,standard,task_000005,repo
task_000007,proj_00001,"Update the README with the new smart meter dataset schema, then draft the prophet model release notes.",energy_consumption,reporting_documentation,reporting,50,medium,2,59537,60028,multi_step,task_000006,repo
task_000008,proj_00001,Add monitoring for a recurring failure in the smart meter dataset pipeline.,energy_consumption,data_pipeline_maintenance,infrastructure,105,low,1,74220,75031,standard,,repo
task_000009,proj_00001,Monitor data quality alerts for the smart meter dataset pipeline.,energy_consumption,data_pipeline_maintenance,infrastructure,44,high,3,64784,64955,standard,,repo
task_000010,proj_00002,Merge multiple data extracts into a single defect inspection image dataset.,image_classification,data_collection,data_preparation,71,low,1,23539,24402,standard,,repo
task_000011,proj_00002,Filter out invalid or corrupted rows from the defect inspection image dataset.,image_classification,data_cleaning,data_preparation,205,medium,2,24864,25217,standard,task_000010,repo
task_000012,proj_00002,Analyse correlations between image resolution and image quality label in the defect inspection image dataset.,image_classification,exploratory_data_analysis,analysis,125,medium,2,25348,25626,standard,task_000011,repo
task_000013,proj_00002,Fit the fine-tuned ResNet model on the defect inspection image dataset without using the image resolution column.,image_classification,model_training,modelling,168,high,3,25795,26094,negation,task_000012,repo
task_000014,proj_00002,"First reproduce the reported fine-tuned ResNet model metrics, then investigate the drop in recall.",image_classification,model_evaluation,modelling,66,medium,2,27126,27438,multi_step,task_000013,repo
task_000015,proj_00002,Debug a training failure encountered while fitting the fine-tuned ResNet model.,image_classification,model_training,modelling,359,medium,2,28290,29067,standard,task_000014,repo
task_000016,proj_00002,Compare the fine-tuned ResNet model against the previous version without retraining either of them.,image_classification,model_evaluation,modelling,86,high,3,29122,29273,negation,task_000015,repo
task_000017,proj_00002,Nobody knows how the fine-tuned ResNet model works — fix that.,image_classification,reporting_documentation,reporting,53,medium,2,30180,30409,ambiguous,task_000016,repo
task_000018,proj_00002,"First add monitoring for the recurring failure, then refactor the defect inspection image dataset ingestion.",image_classification,data_pipeline_maintenance,infrastructure,91,low,1,27673,28785,multi_step,,repo
task_000019,proj_00003,Gather the missing records for the hospital admissions dataset without hitting production directly.,healthcare_readmission,data_collection,data_preparation,58,low,1,36300,36921,negation,,repo
task_000020,proj_00003,Clean missing values in the hospital admissions dataset before training the logistic regression model.,healthcare_readmission,data_cleaning,data_preparation,214,high,3,37244,37555,standard,task_000019,repo
task_000021,proj_00003,Run a first exploratory pass over the hospital admissions dataset to understand its structure.,healthcare_readmission,exploratory_data_analysis,analysis,174,high,3,38284,38564,standard,task_000020,repo
task_000022,proj_00003,"Whatever we did last time to the logistic regression model, do it again with the new data.",healthcare_readmission,model_training,modelling,161,low,1,39607,40338,ambiguous,task_000021,repo
task_000023,proj_00003,The logistic regression model was fine last month and now it isn't.,healthcare_readmission,model_evaluation,modelling,30,medium,2,40726,41126,ambiguous,task_000022,repo
task_000024,proj_00003,Draft release notes describing changes to the logistic regression model pipeline.,healthcare_readmission,reporting_documentation,reporting,122,medium,2,40780,41179,standard,task_000023,repo
task_000025,proj_00003,Resolve a data freshness issue affecting the hospital admissions dataset.,healthcare_readmission,data_pipeline_maintenance,infrastructure,87,high,3,36871,37009,standard,,repo
task_000026,proj_00004,Pull the latest records and afterwards check the news articles dataset covers the full time range.,text_summarisation,data_collection,data_preparation,84,high,3,35836,36001,multi_step,,repo
task_000027,proj_00004,Deduplicate the news articles dataset and then standardise the sentence embeddings column formats.,text_summarisation,data_cleaning,data_preparation,201,medium,2,36489,37034,multi_step,task_000026,repo
task_000028,proj_00004,See if we can squeeze more out of sentence embeddings for summary quality.,text_summarisation,feature_engineering,analysis,90,low,1,37563,38024,ambiguous,task_000027,repo
task_000029,proj_00004,Train a topic model to predict summary quality using the news articles dataset.,text_summarisation,model_training,modelling,343,medium,2,38270,38845,standard,task_000028,repo
task_000030,proj_00004,Assessing whether the topic model meets the required performance threshold.,text_summarisation,model_evaluation,modelling,45,medium,2,38299,38480,standard,task_000029,repo
task_000031,proj_00004,Updating the project README with the latest news articles dataset schema.,text_summarisation,reporting_documentation,reporting,161,low,1,38990,40385,standard,task_000030,repo
task_000032,proj_00004,Reviewing pipeline logs after an unexpected failure.,text_summarisation,data_pipeline_maintenance,infrastructure,107,high,3,52410,52693,standard,,repo
task_000033,proj_00005,We're short on records for the hospital admissions dataset — sort it out.,healthcare_readmission,data_collection,data_preparation,43,medium,2,56375,56868,ambiguous,,repo
task_000034,proj_00005,Handle missing observations in the hospital admissions dataset to prepare it for 30-day readmission modelling.,healthcare_readmission,data_cleaning,data_preparation,133,medium,2,56591,56899,standard,task_000033,repo
task_000035,proj_00005,Set up the training pipeline for the logistic regression model.,healthcare_readmission,model_training,modelling,157,medium,2,57115,57463,standard,task_000034,repo
task_000036,proj_00005,Check the logistic regression model for fairness across segments of the hospital admissions dataset.,healthcare_readmission,model_evaluation,modelling,101,medium,2,57994,58253,standard,task_000035,repo
task_000037,proj_00005,Draft release notes describing changes to the logistic regression model pipeline.,healthcare_readmission,reporting_documentation,reporting,42,medium,2,58916,59354,standard,task_000036,repo
task_000038,proj_00006,Collect raw data for the transaction dataset from the source system.,fraud_detection,data_collection,data_preparation,129,low,1,22370,23670,standard,,repo
task_000039,proj_00006,"First fix the encoding issues in the transaction dataset, then reconcile the mismatched identifiers.",fraud_detection,data_cleaning,data_preparation,208,high,3,22969,23349,multi_step,task_000038,repo
task_000040,proj_00006,Not sure what's driving fraudulent transactions — dig into it.,fraud_detection,exploratory_data_analysis,analysis,84,low,1,24339,25108,ambiguous,task_000039,repo
task_000041,proj_00006,Encode categorical variables in the transaction dataset for the gradient boosting model.,fraud_detection,feature_engineering,analysis,251,medium,2,24473,24869,standard,task_000040,repo
task_000042,proj_00006,Give the gradient boosting model another run with the latest transaction dataset.,fraud_detection,model_training,modelling,317,high,3,25684,26166,ambiguous,task_000041,repo
task_000043,proj_00006,"Compute precision, recall and F1 for fraudulent transactions predictions.",fraud_detection,model_evaluation,modelling,160,low,1,26021,26801,standard,task_000042,repo
task_000044,proj_00006,Updating the project README with the latest transaction dataset schema.,fraud_detection,reporting_documentation,reporting,90,low,1,26176,27672,standard,task_000043,repo
task_000045,proj_00006,Fix a broken scheduled job feeding the transaction dataset.,fraud_detection,data_pipeline_maintenance,infrastructure,94,low,1,40549,42078,standard,,repo
task_000046,proj_00007,Gather the missing records for the clinical notes dataset without hitting production directly.,healthcare_readmission,data_collection,data_preparation,48,low,1,40272,41713,negation,,repo
task_000047,proj_00007,Remove duplicate records from the clinical notes dataset.,healthcare_readmission,data_cleaning,data_preparation,167,low,1,40491,41441,standard,task_000046,repo
task_000048,proj_00007,Summarise the clinical notes dataset without producing any new visualisations.,healthcare_readmission,exploratory_data_analysis,analysis,62,high,3,40777,40963,negation,task_000047,repo
task_000049,proj_00007,Build aggregated features summarising prior admissions at the project level.,healthcare_readmission,feature_engineering,analysis,172,high,3,41375,41654,standard,task_000048,repo
task_000050,proj_00007,"Whatever we did last time to the logistic regression model, do it again with the new data.",healthcare_readmission,model_training,modelling,64,high,3,42642,42877,ambiguous,task_000049,repo
task_000051,proj_00007,Compare the logistic regression model against a previous version on the clinical notes dataset.,healthcare_readmission,model_evaluation,modelling,64,medium,2,43270,43508,standard,task_000050,repo
task_000052,proj_00007,Run cross-validation while training the logistic regression model on the clinical notes dataset.,healthcare_readmission,model_training,modelling,199,medium,2,44418,44844,standard,task_000051,repo
task_000053,proj_00007,Validate the logistic regression model on out-of-time data before deployment.,healthcare_readmission,model_evaluation,modelling,97,medium,2,45135,45480,standard,task_000052,repo
task_000054,proj_00007,Updating the project README with the latest clinical notes dataset schema.,healthcare_readmission,reporting_documentation,reporting,138,medium,2,45254,45534,standard,task_000053,repo
task_000055,proj_00008,Query the production database to extract data for the historical sales dataset.,sales_forecasting,data_collection,data_preparation,68,medium,2,1511,1888,standard,,repo
task_000056,proj_00008,Standardise column formats across the historical sales dataset.,sales_forecasting,data_cleaning,data_preparation,140,low,1,2718,3729,standard,task_000055,repo
task_000057,proj_00008,Analyse correlations between promotional calendar and inventory requirements in the historical sales dataset.,sales_forecasting,exploratory_data_analysis,analysis,136,low,1,3479,4366,standard,task_000056,repo
task_000058,proj_00008,Deriving interaction terms between promotional calendar and other variables.,sales_forecasting,feature_engineering,analysis,150,medium,2,4859,5337,standard,task_000057,repo
task_000059,proj_00008,Run cross-validation while training the SARIMA model on the historical sales dataset.,sales_forecasting,model_training,modelling,181,high,3,6145,6401,standard,task_000058,repo
task_000060,proj_00008,Evaluate the SARIMA model on a held-out split of the historical sales dataset.,sales_forecasting,model_evaluation,modelling,75,high,3,7004,7194,standard,task_000059,repo
task_000061,proj_00008,Prepare a one-page summary of SARIMA model results for management.,sales_forecasting,reporting_documentation,reporting,98,low,1,7862,8421,standard,task_000060,repo
task_000062,proj_00008,"The historical sales dataset numbers look stale, find out why.",sales_forecasting,data_pipeline_maintenance,infrastructure,43,low,1,2535,3760,ambiguous,,repo
task_000063,proj_00008,Restore the historical sales dataset pipeline without triggering a full historical backfill.,sales_forecasting,data_pipeline_maintenance,infrastructure,120,high,3,12724,12932,negation,,repo
task_000064,proj_00008,Investigate a failed run in the historical sales dataset ingestion pipeline.,sales_forecasting,data_pipeline_maintenance,infrastructure,99,low,1,8571,9582,standard,,repo
task_000065,proj_00009,Scrape supplementary records to enrich the product image dataset.,image_classification,data_collection,data_preparation,178,high,3,15667,15942,standard,,repo
task_000066,proj_00009,Detect and treat outliers in edge features within the product image dataset.,image_classification,data_cleaning,data_preparation,182,medium,2,15760,16222,standard,task_000065,repo
task_000067,proj_00009,"There's something odd in the product image dataset, can't put my finger on it.",image_classification,exploratory_data_analysis,analysis,74,low,1,16668,18162,ambiguous,task_000066,repo
task_000068,proj_00009,Finalise the feature set to be used by the fine-tuned ResNet model.,image_classification,feature_engineering,analysis,71,medium,2,17072,17263,standard,task_000067,repo
task_000069,proj_00009,Set up the training pipeline for the fine-tuned ResNet model.,image_classification,model_training,modelling,246,medium,2,18151,18857,standard,task_000068,repo
task_000070,proj_00009,Validate the fine-tuned ResNet model without touching the held-out test split.,image_classification,model_evaluation,modelling,61,high,3,18842,19009,negation,task_000069,repo
task_000071,proj_00009,Retrain the fine-tuned ResNet model on the product image dataset without changing the current hyperparameters.,image_classification,model_training,modelling,269,medium,2,19895,20640,negation,task_000070,repo
task_000072,proj_00009,Run an error analysis on the fine-tuned ResNet model predictions for defect presence.,image_classification,model_evaluation,modelling,79,medium,2,20515,20908,standard,task_000071,repo
task_000073,proj_00009,Document known limitations of the current fine-tuned ResNet model.,image_classification,reporting_documentation,reporting,175,low,1,21917,23454,standard,task_000072,repo
task_000074,proj_00010,Query the production database to extract data for the defect inspection image dataset.,image_classification,data_collection,data_preparation,102,medium,2,23605,24151,standard,,repo
task_000075,proj_00010,Treat the outliers in colour histogram without imputing any values.,image_classification,data_cleaning,data_preparation,53,high,3,24888,25031,negation,task_000074,repo
task_000076,proj_00010,Examine colour histogram in the defect inspection image dataset without assuming a normal distribution.,image_classification,exploratory_data_analysis,analysis,102,high,3,26280,26449,negation,task_000075,repo
task_000077,proj_00010,Encode categorical variables in the defect inspection image dataset for the fine-tuned ResNet model.,image_classification,feature_engineering,analysis,122,high,3,26345,26515,standard,task_000076,repo
task_000078,proj_00010,"First fit the fine-tuned ResNet model on a sample, then run the full training on the defect inspection image dataset.",image_classification,model_training,modelling,354,low,1,27292,28672,multi_step,task_000077,repo
task_000079,proj_00010,"Score the fine-tuned ResNet model on the held-out split, then run an error analysis on the failures.",image_classification,model_evaluation,modelling,92,low,1,28319,28662,multi_step,task_000078,repo
task_000080,proj_00010,"First fit the fine-tuned ResNet model on a sample, then run the full training on the defect inspection image dataset.",image_classification,model_training,modelling,172,low,1,28552,30024,multi_step,task_000079,repo
task_000081,proj_00010,"Compute precision, recall and F1 for product category predictions.",image_classification,model_evaluation,modelling,172,medium,2,29518,29872,standard,task_000080,repo
task_000082,proj_00010,Run cross-validation while training the fine-tuned ResNet model on the defect inspection image dataset.,image_classification,model_training,modelling,297,high,3,30467,30937,standard,task_000081,repo
task_000083,proj_00010,Validate the fine-tuned ResNet model without touching the held-out test split.,image_classification,model_evaluation,modelling,143,high,3,31701,32003,negation,task_000082,repo
task_000084,proj_00010,They want something on product category for tomorrow.,image_classification,reporting_documentation,reporting,70,medium,2,32589,33022,ambiguous,task_000083,repo
task_000085,proj_00010,Resolve a data freshness issue affecting the defect inspection image dataset.,image_classification,data_pipeline_maintenance,infrastructure,96,low,1,30734,32137,standard,,repo
task_000086,proj_00010,Resolve a data freshness issue affecting the defect inspection image dataset.,image_classification,data_pipeline_maintenance,infrastructure,50,medium,2,38120,38436,standard,,repo
task_000087,proj_00010,Refactor the ingestion pipeline for the defect inspection image dataset to reduce runtime.,image_classification,data_pipeline_maintenance,infrastructure,57,medium,2,29924,30377,standard,,repo
task_000088,proj_00011,We're short on records for the transaction dataset — sort it out.,fraud_detection,data_collection,data_preparation,136,low,1,44495,45731,ambiguous,,repo
task_000089,proj_00011,Clean missing values in the transaction dataset before training the isolation forest model.,fraud_detection,data_cleaning,data_preparation,225,medium,2,45307,45896,standard,task_000088,repo
task_000090,proj_00011,Summarise the transaction dataset without producing any new visualisations.,fraud_detection,exploratory_data_analysis,analysis,121,medium,2,45334,45789,negation,task_000089,repo
task_000091,proj_00011,Test whether adding device fingerprint-derived features improves signal for fraudulent transactions.,fraud_detection,feature_engineering,analysis,184,low,1,46451,47767,standard,task_000090,repo
task_000092,proj_00011,Train a isolation forest model to predict fraudulent transactions using the transaction dataset.,fraud_detection,model_training,modelling,259,medium,2,47460,48186,standard,task_000091,repo
task_000093,proj_00011,Check the isolation forest model for fairness across segments of the transaction dataset.,fraud_detection,model_evaluation,modelling,149,high,3,48303,48618,standard,task_000092,repo
task_000094,proj_00011,Set up cross-validation and then fit the isolation forest model on the prepared transaction dataset.,fraud_detection,model_training,modelling,348,high,3,48373,48772,multi_step,task_000093,repo
task_000095,proj_00011,"Evaluate the isolation forest model on the transaction dataset, then check fairness across the main segments.",fraud_detection,model_evaluation,modelling,64,high,3,49704,49844,multi_step,task_000094,repo
task_000096,proj_00011,Debug a training failure encountered while fitting the isolation forest model.,fraud_detection,model_training,modelling,254,medium,2,49821,50427,standard,task_000095,repo
task_000097,proj_00011,Validate the isolation forest model without touching the held-out test split.,fraud_detection,model_evaluation,modelling,127,medium,2,50505,50967,negation,task_000096,repo
task_000098,proj_00011,Updating the project README with the latest transaction dataset schema.,fraud_detection,reporting_documentation,reporting,150,low,1,51036,52530,standard,task_000097,repo
task_000099,proj_00012,Retrieving additional records is required to complete the historical sales dataset.,sales_forecasting,data_collection,data_preparation,151,medium,2,20476,21035,standard,,repo
task_000100,proj_00012,"The historical sales dataset looks messy again, deal with it.",sales_forecasting,data_cleaning,data_preparation,209,low,1,20937,22141,ambiguous,task_000099,repo
task_000101,proj_00012,Check for seasonality patterns related to seasonality in the historical sales dataset.,sales_forecasting,exploratory_data_analysis,analysis,86,high,3,21295,21438,standard,task_000100,repo
task_000102,proj_00012,Engineer new features from seasonality to improve inventory requirements prediction.,sales_forecasting,feature_engineering,analysis,297,medium,2,22495,23258,standard,task_000101,repo
task_000103,proj_00012,Set up cross-validation and then fit the gradient boosting regressor on the prepared historical sales dataset.,sales_forecasting,model_training,modelling,161,low,1,23278,24176,multi_step,task_000102,repo
task_000104,proj_00012,Assess the gradient boosting regressor on inventory requirements without relying on accuracy as the headline metric.,sales_forecasting,model_evaluation,modelling,60,high,3,23501,23735,negation,task_000103,repo
task_000105,proj_00012,Get a first inventory requirements baseline without tuning the gradient boosting regressor at all.,sales_forecasting,model_training,modelling,332,medium,2,23600,24241,negation,task_000104,repo
task_000106,proj_00012,The gradient boosting regressor was fine last month and now it isn't.,sales_forecasting,model_evaluation,modelling,117,low,1,23756,24973,ambiguous,task_000105,repo
task_000107,proj_00012,Draft release notes describing changes to the gradient boosting regressor pipeline.,sales_forecasting,reporting_documentation,reporting,140,high,3,24774,25061,standard,task_000106,repo
task_000108,proj_00012,Restart and verify the historical sales dataset pipeline after a maintenance window.,sales_forecasting,data_pipeline_maintenance,infrastructure,108,medium,2,34243,34804,standard,,repo
task_000109,proj_00013,We're short on records for the catalogue image dataset — sort it out.,image_classification,data_collection,data_preparation,92,medium,2,11945,12448,ambiguous,,repo
task_000110,proj_00013,Deduplicate the catalogue image dataset and then standardise the edge features column formats.,image_classification,data_cleaning,data_preparation,116,low,1,13209,14230,multi_step,task_000109,repo
task_000111,proj_00013,Not sure what's driving image quality label — dig into it.,image_classification,exploratory_data_analysis,analysis,99,low,1,13596,14464,ambiguous,task_000110,repo
task_000112,proj_00013,Finalise the feature set to be used by the fine-tuned ResNet model.,image_classification,feature_engineering,analysis,285,medium,2,14308,14854,standard,task_000111,repo
task_000113,proj_00013,Train a fine-tuned ResNet model to predict image quality label using the catalogue image dataset.,image_classification,model_training,modelling,324,high,3,15461,15836,standard,task_000112,repo
task_000114,proj_00013,"Evaluate the fine-tuned ResNet model on the catalogue image dataset, then check fairness across the main segments.",image_classification,model_evaluation,modelling,155,medium,2,15970,16368,multi_step,task_000113,repo
task_000115,proj_00013,Give the fine-tuned ResNet model another run with the latest catalogue image dataset.,image_classification,model_training,modelling,311,medium,2,17399,17838,ambiguous,task_000114,repo
task_000116,proj_00013,Assess the fine-tuned ResNet model on image quality label without relying on accuracy as the headline metric.,image_classification,model_evaluation,modelling,86,medium,2,17604,17934,negation,task_000115,repo
task_000117,proj_00013,"Draft the image quality label findings first, then turn them into slides for stakeholders.",image_classification,reporting_documentation,reporting,151,medium,2,18246,18693,multi_step,task_000116,repo
task_000118,proj_00013,Fix the failing catalogue image dataset job without taking the pipeline offline.,image_classification,data_pipeline_maintenance,infrastructure,60,high,3,29394,29553,negation,,repo
task_000119,proj_00013,Refactor the ingestion pipeline for the catalogue image dataset to reduce runtime.,image_classification,data_pipeline_maintenance,infrastructure,44,low,1,21406,22084,standard,,repo
task_000120,proj_00013,Patch a schema change that broke the catalogue image dataset pipeline.,image_classification,data_pipeline_maintenance,infrastructure,110,medium,2,21698,22281,standard,,repo
task_000121,proj_00014,Requesting access to a new data source needed for the user interaction dataset.,recommendation_system,data_collection,data_preparation,105,low,1,37313,38025,standard,,repo
task_000122,proj_00014,Clean missing values in the user interaction dataset before training the two-tower neural network.,recommendation_system,data_cleaning,data_preparation,211,medium,2,37947,38418,standard,task_000121,repo
task_000123,proj_00014,Analyse correlations between category preference and user click-through rate in the user interaction dataset.,recommendation_system,exploratory_data_analysis,analysis,186,low,1,38055,38739,standard,task_000122,repo
task_000124,proj_00014,The inputs to the two-tower neural network need rethinking.,recommendation_system,feature_engineering,analysis,86,high,3,39376,39638,ambiguous,task_000123,repo
task_000125,proj_00014,Give the two-tower neural network another run with the latest user interaction dataset.,recommendation_system,model_training,modelling,305,medium,2,39973,40492,ambiguous,task_000124,repo
task_000126,proj_00014,Produce a confusion matrix summarising two-tower neural network performance on user click-through rate.,recommendation_system,model_evaluation,modelling,152,low,1,40093,40618,standard,task_000125,repo
task_000127,proj_00014,Nobody knows how the two-tower neural network works — fix that.,recommendation_system,reporting_documentation,reporting,48,medium,2,40928,41447,ambiguous,task_000126,repo
task_000128,proj_00015,"Request access to the new source, then pull an initial extract into the user interaction dataset.",recommendation_system,data_collection,data_preparation,145,high,3,30666,30917,multi_step,,repo
task_000129,proj_00015,"First fix the encoding issues in the user interaction dataset, then reconcile the mismatched identifiers.",recommendation_system,data_cleaning,data_preparation,108,medium,2,31886,32144,multi_step,task_000128,repo
task_000130,proj_00015,Check for seasonality patterns related to item embeddings in the user interaction dataset.,recommendation_system,exploratory_data_analysis,analysis,240,low,1,33149,34061,standard,task_000129,repo
task_000131,proj_00015,Establishing a baseline matrix factorisation model for item relevance prediction.,recommendation_system,model_training,modelling,140,medium,2,33705,34247,standard,task_000130,repo
task_000132,proj_00015,Check the matrix factorisation model for fairness across segments of the user interaction dataset.,recommendation_system,model_evaluation,modelling,30,medium,2,33873,34375,standard,task_000131,repo
task_000133,proj_00015,Nobody knows how the matrix factorisation model works — fix that.,recommendation_system,reporting_documentation,reporting,104,low,1,35104,36038,ambiguous,task_000132,repo
task_000134,proj_00015,Monitor data quality alerts for the user interaction dataset pipeline.,recommendation_system,data_pipeline_maintenance,infrastructure,102,low,1,44458,45341,standard,,repo
task_000135,proj_00015,Add monitoring for a recurring failure in the user interaction dataset pipeline.,recommendation_system,data_pipeline_maintenance,infrastructure,69,low,1,48907,49676,standard,,repo
task_000136,proj_00016,We're short on records for the smart meter dataset — sort it out.,energy_consumption,data_collection,data_preparation,61,low,1,75213,76136,ambiguous,,repo
task_000137,proj_00016,Reconcile mismatched identifiers between two versions of the smart meter dataset.,energy_consumption,data_cleaning,data_preparation,158,medium,2,76052,76554,standard,task_000136,repo
task_000138,proj_00016,Encode categorical variables in the smart meter dataset for the gradient boosting regressor.,energy_consumption,feature_engineering,analysis,287,medium,2,76231,76803,standard,task_000137,repo
task_000139,proj_00016,Debug a training failure encountered while fitting the gradient boosting regressor.,energy_consumption,model_training,modelling,73,low,1,77482,78973,standard,task_000138,repo
task_000140,proj_00016,Evaluate the gradient boosting regressor on a held-out split of the smart meter dataset.,energy_consumption,model_evaluation,modelling,98,medium,2,78699,79006,standard,task_000139,repo
task_000141,proj_00016,Put together whatever we have on the smart meter dataset for the handover.,energy_consumption,reporting_documentation,reporting,143,high,3,79677,79896,ambiguous,task_000140,repo
task_000142,proj_00016,Monitor data quality alerts for the smart meter dataset pipeline.,energy_consumption,data_pipeline_maintenance,infrastructure,75,medium,2,90719,91084,standard,,repo
task_000143,proj_00016,Patch a schema change that broke the smart meter dataset pipeline.,energy_consumption,data_pipeline_maintenance,infrastructure,35,medium,2,85127,85637,standard,,repo
task_000144,proj_00016,Restore the smart meter dataset pipeline without triggering a full historical backfill.,energy_consumption,data_pipeline_maintenance,infrastructure,99,high,3,90842,91111,negation,,repo
task_000145,proj_00017,We're short on records for the subscription churn dataset — sort it out.,customer_churn,data_collection,data_preparation,135,low,1,67466,68902,ambiguous,,repo
task_000146,proj_00017,Something's wrong with contract type in the subscription churn dataset.,customer_churn,data_cleaning,data_preparation,190,medium,2,68221,68557,ambiguous,task_000145,repo
task_000147,proj_00017,Summarising key findings from the exploratory analysis of the subscription churn dataset.,customer_churn,exploratory_data_analysis,analysis,185,low,1,68652,69666,standard,task_000146,repo
task_000148,proj_00017,The inputs to the gradient boosting model need rethinking.,customer_churn,feature_engineering,analysis,91,low,1,69564,70385,ambiguous,task_000147,repo
task_000149,proj_00017,Retrain the gradient boosting model on the subscription churn dataset without changing the current hyperparameters.,customer_churn,model_training,modelling,342,low,1,69903,71320,negation,task_000148,repo
task_000150,proj_00017,Investigate a drop in gradient boosting model recall after the last subscription churn dataset update.,customer_churn,model_evaluation,modelling,59,medium,2,70108,70347,standard,task_000149,repo
task_000151,proj_00017,Summarise key findings from the customer churn analysis for the team.,customer_churn,reporting_documentation,reporting,157,high,3,71449,71710,standard,task_000150,repo
task_000152,proj_00017,"The subscription churn dataset numbers look stale, find out why.",customer_churn,data_pipeline_maintenance,infrastructure,75,low,1,81063,82506,ambiguous,,repo
task_000153,proj_00017,"Check the pipeline logs, then patch the schema change that broke the subscription churn dataset ingestion.",customer_churn,data_pipeline_maintenance,infrastructure,39,high,3,72188,72387,multi_step,,repo
task_000154,proj_00018,Check where the internal reports dataset is actually coming from.,text_summarisation,data_collection,data_preparation,68,low,1,37698,38997,ambiguous,,repo
task_000155,proj_00018,Treat the outliers in topic coherence without imputing any values.,text_summarisation,data_cleaning,data_preparation,171,medium,2,38419,38903,negation,task_000154,repo
task_000156,proj_00018,Assess class imbalance in summary quality without resampling the internal reports dataset at this stage.,text_summarisation,exploratory_data_analysis,analysis,93,high,3,39366,39550,negation,task_000155,repo
task_000157,proj_00018,"Create the lagged variables from topic coherence, then aggregate them at project level.",text_summarisation,feature_engineering,analysis,119,high,3,40552,40806,multi_step,task_000156,repo
task_000158,proj_00018,Fit the extractive summarisation pipeline on the internal reports dataset without using the topic coherence column.,text_summarisation,model_training,modelling,302,high,3,40656,41085,negation,task_000157,repo
task_000159,proj_00018,Run an error analysis on the extractive summarisation pipeline predictions for summary quality.,text_summarisation,model_evaluation,modelling,156,high,3,41461,41679,standard,task_000158,repo
task_000160,proj_00018,Fit the extractive summarisation pipeline on the internal reports dataset without using the topic coherence column.,text_summarisation,model_training,modelling,111,high,3,42504,42757,negation,task_000159,repo
task_000161,proj_00018,The extractive summarisation pipeline was fine last month and now it isn't.,text_summarisation,model_evaluation,modelling,146,low,1,42723,43404,ambiguous,task_000160,repo
task_000162,proj_00018,Summarise key findings from the summary quality analysis for the team.,text_summarisation,reporting_documentation,reporting,49,low,1,43577,44408,standard,task_000161,repo
task_000163,proj_00018,Monitor data quality alerts for the internal reports dataset pipeline.,text_summarisation,data_pipeline_maintenance,infrastructure,57,high,3,50096,50319,standard,,repo
task_000164,proj_00018,Fix the failing internal reports dataset job without taking the pipeline offline.,text_summarisation,data_pipeline_maintenance,infrastructure,95,high,3,49524,49773,negation,,repo
task_000165,proj_00019,Set up an automated pipeline to pull new records into the firewall logs dataset.,network_intrusion_detection,data_collection,data_preparation,55,low,1,12749,13657,standard,,repo
task_000166,proj_00019,Handle missing observations in the firewall logs dataset to prepare it for malicious traffic modelling.,network_intrusion_detection,data_cleaning,data_preparation,113,medium,2,12823,13206,standard,task_000165,repo
task_000167,proj_00019,"Encode the categorical variables, then test whether they improve malicious traffic prediction.",network_intrusion_detection,feature_engineering,analysis,170,low,1,13572,15069,multi_step,task_000166,repo
task_000168,proj_00019,Training a gradient boosting model from scratch on the updated firewall logs dataset.,network_intrusion_detection,model_training,modelling,147,low,1,14430,15600,standard,task_000167,repo
task_000169,proj_00019,Investigate a drop in gradient boosting model recall after the last firewall logs dataset update.,network_intrusion_detection,model_evaluation,modelling,157,high,3,15714,15937,standard,task_000168,repo
task_000170,proj_00019,"The gradient boosting model isn't picking anything up, have a go at it.",network_intrusion_detection,model_training,modelling,190,medium,2,16204,16855,ambiguous,task_000169,repo
task_000171,proj_00019,"First reproduce the reported gradient boosting model metrics, then investigate the drop in recall.",network_intrusion_detection,model_evaluation,modelling,103,high,3,16238,16411,multi_step,task_000170,repo
task_000172,proj_00019,They want something on malicious traffic for tomorrow.,network_intrusion_detection,reporting_documentation,reporting,118,high,3,16404,16628,ambiguous,task_000171,repo
task_000173,proj_00019,The firewall logs dataset ingestion job fell over again last night.,network_intrusion_detection,data_pipeline_maintenance,infrastructure,53,low,1,20041,21121,ambiguous,,repo
task_000174,proj_00019,Patch a schema change that broke the firewall logs dataset pipeline.,network_intrusion_detection,data_pipeline_maintenance,infrastructure,45,medium,2,27679,28027,standard,,repo
task_000175,proj_00019,Restore the firewall logs dataset pipeline without triggering a full historical backfill.,network_intrusion_detection,data_pipeline_maintenance,infrastructure,104,low,1,30681,31835,negation,,repo
task_000176,proj_00020,"First query the production database, then consolidate the extracts into the product image dataset.",image_classification,data_collection,data_preparation,86,medium,2,37998,38521,multi_step,,repo
task_000177,proj_00020,Standardise column formats across the product image dataset.,image_classification,data_cleaning,data_preparation,190,low,1,38526,39036,standard,task_000176,repo
task_000178,proj_00020,Segment the product image dataset first and afterwards compare pixel intensity across the segments.,image_classification,exploratory_data_analysis,analysis,53,medium,2,39173,39413,multi_step,task_000177,repo
task_000179,proj_00020,Improve signal for image quality label without adding features derived from pixel intensity.,image_classification,feature_engineering,analysis,143,medium,2,39372,39724,negation,task_000178,repo
task_000180,proj_00020,Run cross-validation while training the vision transformer model on the product image dataset.,image_classification,model_training,modelling,336,high,3,39798,40257,standard,task_000179,repo
task_000181,proj_00020,The vision transformer model was fine last month and now it isn't.,image_classification,model_evaluation,modelling,99,high,3,40900,41094,ambiguous,task_000180,repo
task_000182,proj_00020,Summarise the vision transformer model results for management without including technical detail.,image_classification,reporting_documentation,reporting,116,medium,2,41901,42376,negation,task_000181,repo
task_000183,proj_00021,Set up an automated pipeline to pull new records into the user interaction dataset.,recommendation_system,data_collection,data_preparation,146,low,1,2380,3302,standard,,repo
task_000184,proj_00021,Deduplicate the user interaction dataset and then standardise the category preference column formats.,recommendation_system,data_cleaning,data_preparation,240,medium,2,3592,4142,multi_step,task_000183,repo
task_000185,proj_00021,Visualise trends in item relevance over time using the user interaction dataset.,recommendation_system,exploratory_data_analysis,analysis,165,low,1,3828,5382,standard,task_000184,repo
task_000186,proj_00021,Test whether adding category preference-derived features improves signal for item relevance.,recommendation_system,feature_engineering,analysis,225,low,1,4514,5929,standard,task_000185,repo
task_000187,proj_00021,"First fit the two-tower neural network on a sample, then run the full training on the user interaction dataset.",recommendation_system,model_training,modelling,119,low,1,5147,5582,multi_step,task_000186,repo
task_000188,proj_00021,Check whether the two-tower neural network is actually any good on item relevance.,recommendation_system,model_evaluation,modelling,59,low,1,5785,7184,ambiguous,task_000187,repo
task_000189,proj_00021,Set up cross-validation and then fit the two-tower neural network on the prepared user interaction dataset.,recommendation_system,model_training,modelling,292,medium,2,6077,6845,multi_step,task_000188,repo
task_000190,proj_00021,"Evaluate the two-tower neural network on the user interaction dataset, then check fairness across the main segments.",recommendation_system,model_evaluation,modelling,180,high,3,7198,7447,multi_step,task_000189,repo
task_000191,proj_00021,Retrain the two-tower neural network after incorporating the new features.,recommendation_system,model_training,modelling,310,high,3,8062,8473,standard,task_000190,repo
task_000192,proj_00021,Compare the two-tower neural network against the previous version without retraining either of them.,recommendation_system,model_evaluation,modelling,85,medium,2,8144,8469,negation,task_000191,repo
task_000193,proj_00021,Draft release notes describing changes to the two-tower neural network pipeline.,recommendation_system,reporting_documentation,reporting,124,medium,2,8901,9475,standard,task_000192,repo
task_000194,proj_00021,"Check the pipeline logs, then patch the schema change that broke the user interaction dataset ingestion.",recommendation_system,data_pipeline_maintenance,infrastructure,50,low,1,3808,4348,multi_step,,repo
task_000195,proj_00021,Monitor data quality alerts for the user interaction dataset pipeline.,recommendation_system,data_pipeline_maintenance,infrastructure,99,low,1,16724,17106,standard,,repo
task_000196,proj_00022,Retrieving additional records is required to complete the subscription churn dataset.,customer_churn,data_collection,data_preparation,30,low,1,31226,31792,standard,,repo
task_000197,proj_00022,Reconcile mismatched identifiers between two versions of the subscription churn dataset.,customer_churn,data_cleaning,data_preparation,234,low,1,31507,32033,standard,task_000196,repo
task_000198,proj_00022,Engineer new features from monthly charges to improve customer churn prediction.,customer_churn,feature_engineering,analysis,151,medium,2,31791,32183,standard,task_000197,repo
task_000199,proj_00022,Fit the logistic regression model on the subscription churn dataset without using the monthly charges column.,customer_churn,model_training,modelling,68,low,1,33011,33426,negation,task_000198,repo
task_000200,proj_00022,"Evaluate the logistic regression model on the subscription churn dataset, then check fairness across the main segments.",customer_churn,model_evaluation,modelling,164,low,1,33285,33819,multi_step,task_000199,repo
task_000201,proj_00022,"The logistic regression model isn't picking anything up, have a go at it.",customer_churn,model_training,modelling,245,medium,2,34275,34695,ambiguous,task_000200,repo
task_000202,proj_00022,The logistic regression model was fine last month and now it isn't.,customer_churn,model_evaluation,modelling,86,high,3,35215,35342,ambiguous,task_000201,repo
task_000203,proj_00022,Put together whatever we have on the subscription churn dataset for the handover.,customer_churn,reporting_documentation,reporting,107,low,1,36579,36989,ambiguous,task_000202,repo
task_000204,proj_00023,Retrieving additional records is required to complete the credit bureau dataset.,credit_scoring,data_collection,data_preparation,46,low,1,43479,44963,standard,,repo
task_000205,proj_00023,Treat the outliers in credit utilisation without imputing any values.,credit_scoring,data_cleaning,data_preparation,127,high,3,44617,44909,negation,task_000204,repo
task_000206,proj_00023,Segment the credit bureau dataset first and afterwards compare credit utilisation across the segments.,credit_scoring,exploratory_data_analysis,analysis,174,medium,2,45235,45579,multi_step,task_000205,repo
task_000207,proj_00023,Generate embeddings to represent credit utilisation for the scorecard model.,credit_scoring,feature_engineering,analysis,170,medium,2,45484,45890,standard,task_000206,repo
task_000208,proj_00023,Fit the scorecard model on the credit bureau dataset without using the credit utilisation column.,credit_scoring,model_training,modelling,292,medium,2,46346,46806,negation,task_000207,repo
task_000209,proj_00023,"Evaluate the scorecard model on the credit bureau dataset, then check fairness across the main segments.",credit_scoring,model_evaluation,modelling,110,high,3,47001,47236,multi_step,task_000208,repo
task_000210,proj_00023,Give the scorecard model another run with the latest credit bureau dataset.,credit_scoring,model_training,modelling,94,low,1,47328,47836,ambiguous,task_000209,repo
task_000211,proj_00023,"Evaluate the scorecard model on the credit bureau dataset, then check fairness across the main segments.",credit_scoring,model_evaluation,modelling,54,high,3,47533,47712,multi_step,task_000210,repo
task_000212,proj_00023,Prepare slides presenting the scorecard model performance to stakeholders.,credit_scoring,reporting_documentation,reporting,180,high,3,47814,48167,standard,task_000211,repo
task_000213,proj_00023,"First add monitoring for the recurring failure, then refactor the credit bureau dataset ingestion.",credit_scoring,data_pipeline_maintenance,infrastructure,60,high,3,46224,46422,multi_step,,repo
task_000214,proj_00023,Restore the credit bureau dataset pipeline without triggering a full historical backfill.,credit_scoring,data_pipeline_maintenance,infrastructure,91,medium,2,43904,44168,negation,,repo
task_000215,proj_00024,Validate that the clinical notes dataset covers the full required time range.,healthcare_readmission,data_collection,data_preparation,176,low,1,48426,49720,standard,,repo
task_000216,proj_00024,Clean missing values in the clinical notes dataset before training the gradient boosting model.,healthcare_readmission,data_cleaning,data_preparation,185,high,3,49589,49872,standard,task_000215,repo
task_000217,proj_00024,Training a gradient boosting model from scratch on the updated clinical notes dataset.,healthcare_readmission,model_training,modelling,199,high,3,49663,49971,standard,task_000216,repo
task_000218,proj_00024,Compare the gradient boosting model against the previous version without retraining either of them.,healthcare_readmission,model_evaluation,modelling,31,low,1,50373,50937,negation,task_000217,repo
task_000219,proj_00024,"Update the README with the new clinical notes dataset schema, then draft the gradient boosting model release notes.",healthcare_readmission,reporting_documentation,reporting,47,low,1,51547,51896,multi_step,task_000218,repo
task_000220,proj_00025,Query the production database to extract data for the support tickets dataset.,text_summarisation,data_collection,data_preparation,43,low,1,75631,76015,standard,,repo
task_000221,proj_00025,Remove duplicate records from the support tickets dataset.,text_summarisation,data_cleaning,data_preparation,99,medium,2,77026,77462,standard,task_000220,repo
task_000222,proj_00025,Segment the support tickets dataset first and afterwards compare topic coherence across the segments.,text_summarisation,exploratory_data_analysis,analysis,151,low,1,78035,79475,multi_step,task_000221,repo
task_000223,proj_00025,Get a first summary quality baseline without tuning the extractive summarisation pipeline at all.,text_summarisation,model_training,modelling,280,low,1,78283,79799,negation,task_000222,repo
task_000224,proj_00025,Assess the extractive summarisation pipeline on summary quality without relying on accuracy as the headline metric.,text_summarisation,model_evaluation,modelling,41,medium,2,79377,79844,negation,task_000223,repo
task_000225,proj_00025,Train a extractive summarisation pipeline to predict summary quality using the support tickets dataset.,text_summarisation,model_training,modelling,164,medium,2,79504,79896,standard,task_000224,repo
task_000226,proj_00025,Produce a confusion matrix summarising extractive summarisation pipeline performance on summary quality.,text_summarisation,model_evaluation,modelling,104,medium,2,79800,80027,standard,task_000225,repo
task_000227,proj_00025,"First fit the extractive summarisation pipeline on a sample, then run the full training on the support tickets dataset.",text_summarisation,model_training,modelling,149,low,1,80833,82312,multi_step,task_000226,repo
task_000228,proj_00025,The extractive summarisation pipeline was fine last month and now it isn't.,text_summarisation,model_evaluation,modelling,173,high,3,81319,81612,ambiguous,task_000227,repo
task_000229,proj_00025,"Update the README with the new support tickets dataset schema, then draft the extractive summarisation pipeline release notes.",text_summarisation,reporting_documentation,reporting,40,low,1,81481,82702,multi_step,task_000228,repo
task_000230,proj_00026,We're short on records for the intrusion detection dataset — sort it out.,network_intrusion_detection,data_collection,data_preparation,122,low,1,42934,43512,ambiguous,,repo
task_000231,proj_00026,"First fix the encoding issues in the intrusion detection dataset, then reconcile the mismatched identifiers.",network_intrusion_detection,data_cleaning,data_preparation,180,medium,2,43447,43787,multi_step,task_000230,repo
task_000232,proj_00026,Examine byte rate in the intrusion detection dataset without assuming a normal distribution.,network_intrusion_detection,exploratory_data_analysis,analysis,235,low,1,44272,45429,negation,task_000231,repo
task_000233,proj_00026,Normalise and scale byte rate ahead of model training.,network_intrusion_detection,feature_engineering,analysis,190,medium,2,44631,45212,standard,task_000232,repo
task_000234,proj_00026,Set up the training pipeline for the autoencoder model.,network_intrusion_detection,model_training,modelling,238,medium,2,45690,46378,standard,task_000233,repo
task_000235,proj_00026,Investigate a drop in autoencoder model recall after the last intrusion detection dataset update.,network_intrusion_detection,model_evaluation,modelling,56,low,1,46007,46707,standard,task_000234,repo
task_000236,proj_00026,Run cross-validation while training the autoencoder model on the intrusion detection dataset.,network_intrusion_detection,model_training,modelling,98,low,1,46377,47726,standard,task_000235,repo
task_000237,proj_00026,"First reproduce the reported autoencoder model metrics, then investigate the drop in recall.",network_intrusion_detection,model_evaluation,modelling,174,high,3,47342,47628,multi_step,task_000236,repo
task_000238,proj_00026,Write up the anomaly score results without waiting for the final autoencoder model run.,network_intrusion_detection,reporting_documentation,reporting,68,low,1,48641,49909,negation,task_000237,repo
task_000239,proj_00026,Refactor the ingestion pipeline for the intrusion detection dataset to reduce runtime.,network_intrusion_detection,data_pipeline_maintenance,infrastructure,90,low,1,52490,53859,standard,,repo
task_000240,proj_00026,Restore the intrusion detection dataset pipeline without triggering a full historical backfill.,network_intrusion_detection,data_pipeline_maintenance,infrastructure,74,medium,2,44999,45222,negation,,repo
task_000241,proj_00026,Restore the intrusion detection dataset pipeline without triggering a full historical backfill.,network_intrusion_detection,data_pipeline_maintenance,infrastructure,24,medium,2,54650,54840,negation,,repo
task_000242,proj_00027,Requesting access to a new data source needed for the clinical notes dataset.,healthcare_readmission,data_collection,data_preparation,112,medium,2,6312,6800,standard,,repo
task_000243,proj_00027,Handle missing observations in the clinical notes dataset to prepare it for length of stay modelling.,healthcare_readmission,data_cleaning,data_preparation,145,low,1,6635,7723,standard,task_000242,repo
task_000244,proj_00027,"There's something odd in the clinical notes dataset, can't put my finger on it.",healthcare_readmission,exploratory_data_analysis,analysis,210,low,1,6822,7779,ambiguous,task_000243,repo
task_000245,proj_00027,See if we can squeeze more out of discharge disposition for length of stay.,healthcare_readmission,feature_engineering,analysis,194,medium,2,7733,8128,ambiguous,task_000244,repo
task_000246,proj_00027,Get a first length of stay baseline without tuning the logistic regression model at all.,healthcare_readmission,model_training,modelling,204,medium,2,8493,8990,negation,task_000245,repo
task_000247,proj_00027,"Compute precision, recall and F1 for length of stay predictions.",healthcare_readmission,model_evaluation,modelling,115,low,1,9898,10446,standard,task_000246,repo
task_000248,proj_00027,"Update the README with the new clinical notes dataset schema, then draft the logistic regression model release notes.",healthcare_readmission,reporting_documentation,reporting,102,low,1,11055,11704,multi_step,task_000247,repo
task_000249,proj_00027,Reviewing pipeline logs after an unexpected failure.,healthcare_readmission,data_pipeline_maintenance,infrastructure,59,medium,2,8046,8560,standard,,repo
task_000250,proj_00027,Reviewing pipeline logs after an unexpected failure.,healthcare_readmission,data_pipeline_maintenance,infrastructure,91,high,3,18219,18361,standard,,repo
task_000251,proj_00028,Pull the latest records and afterwards check the catalogue image dataset covers the full time range.,image_classification,data_collection,data_preparation,160,low,1,69201,70343,multi_step,,repo
task_000252,proj_00028,Fixing encoding issues in the catalogue image dataset before further processing.,image_classification,data_cleaning,data_preparation,84,medium,2,69848,70300,standard,task_000251,repo
task_000253,proj_00028,Visualise trends in defect presence over time using the catalogue image dataset.,image_classification,exploratory_data_analysis,analysis,80,low,1,70256,71181,standard,task_000252,repo
task_000254,proj_00028,"colour histogram on its own isn't telling us much, work on it.",image_classification,feature_engineering,analysis,257,medium,2,70478,71124,ambiguous,task_000253,repo
task_000255,proj_00028,Fit the vision transformer model on the catalogue image dataset without using the colour histogram column.,image_classification,model_training,modelling,127,medium,2,70570,70895,negation,task_000254,repo
task_000256,proj_00028,Check the vision transformer model for fairness across segments of the catalogue image dataset.,image_classification,model_evaluation,modelling,72,high,3,70917,71030,standard,task_000255,repo
task_000257,proj_00028,"Draft the defect presence findings first, then turn them into slides for stakeholders.",image_classification,reporting_documentation,reporting,90,high,3,71773,71965,multi_step,task_000256,repo
task_000258,proj_00028,Resolve a data freshness issue affecting the catalogue image dataset.,image_classification,data_pipeline_maintenance,infrastructure,54,high,3,76662,76866,standard,,repo
task_000259,proj_00028,Resolve the freshness issue in the catalogue image dataset without changing the ingestion schedule.,image_classification,data_pipeline_maintenance,infrastructure,101,high,3,75352,75595,negation,,repo
task_000260,proj_00028,Restore the catalogue image dataset pipeline without triggering a full historical backfill.,image_classification,data_pipeline_maintenance,infrastructure,114,medium,2,84123,84627,negation,,repo
task_000261,proj_00029,Set up an automated pipeline to pull new records into the sensor telemetry dataset.,predictive_maintenance,data_collection,data_preparation,162,medium,2,49805,50232,standard,,repo
task_000262,proj_00029,Fixing encoding issues in the sensor telemetry dataset before further processing.,predictive_maintenance,data_cleaning,data_preparation,99,medium,2,49991,50472,standard,task_000261,repo
task_000263,proj_00029,"Compute summary statistics for the sensor telemetry dataset, then visualise how equipment failure moves over time.",predictive_maintenance,exploratory_data_analysis,analysis,68,high,3,50307,50461,multi_step,task_000262,repo
task_000264,proj_00029,Get a first equipment failure baseline without tuning the LSTM survival model at all.,predictive_maintenance,model_training,modelling,73,medium,2,51245,51640,negation,task_000263,repo
task_000265,proj_00029,Compare the LSTM survival model against the previous version without retraining either of them.,predictive_maintenance,model_evaluation,modelling,90,medium,2,52288,52539,negation,task_000264,repo
task_000266,proj_00029,Prepare a one-page summary of LSTM survival model results for management.,predictive_maintenance,reporting_documentation,reporting,37,low,1,53070,53549,standard,task_000265,repo
task_000267,proj_00029,Reviewing pipeline logs after an unexpected failure.,predictive_maintenance,data_pipeline_maintenance,infrastructure,19,low,1,53440,54666,standard,,repo
task_000268,proj_00029,"The sensor telemetry dataset numbers look stale, find out why.",predictive_maintenance,data_pipeline_maintenance,infrastructure,72,medium,2,53202,53434,ambiguous,,repo
task_000269,proj_00030,We're short on records for the subscription churn dataset — sort it out.,customer_churn,data_collection,data_preparation,46,low,1,32126,33435,ambiguous,,repo
task_000270,proj_00030,Clean missing values in the subscription churn dataset before training the logistic regression model.,customer_churn,data_cleaning,data_preparation,191,medium,2,33363,33797,standard,task_000269,repo
task_000271,proj_00030,Improve signal for customer churn without adding features derived from usage frequency.,customer_churn,feature_engineering,analysis,169,low,1,33672,34803,negation,task_000270,repo
task_000272,proj_00030,"First fit the logistic regression model on a sample, then run the full training on the subscription churn dataset.",customer_churn,model_training,modelling,155,high,3,34179,34385,multi_step,task_000271,repo
task_000273,proj_00030,Compare the logistic regression model against the previous version without retraining either of them.,customer_churn,model_evaluation,modelling,47,high,3,35266,35482,negation,task_000272,repo
task_000274,proj_00030,"Whatever we did last time to the logistic regression model, do it again with the new data.",customer_churn,model_training,modelling,343,low,1,36320,37865,ambiguous,task_000273,repo
task_000275,proj_00030,"Score the logistic regression model on the held-out split, then run an error analysis on the failures.",customer_churn,model_evaluation,modelling,125,medium,2,36424,36677,multi_step,task_000274,repo
task_000276,proj_00030,Updating the project README with the latest subscription churn dataset schema.,customer_churn,reporting_documentation,reporting,118,low,1,37170,37740,standard,task_000275,repo
task_000277,proj_00030,Fix a broken scheduled job feeding the subscription churn dataset.,customer_churn,data_pipeline_maintenance,infrastructure,60,medium,2,35623,36132,standard,,repo
task_000278,proj_00030,The subscription churn dataset ingestion job fell over again last night.,customer_churn,data_pipeline_maintenance,infrastructure,104,medium,2,36989,37306,ambiguous,,repo
task_000279,proj_00031,Extract records for the A/B test results dataset without pulling any personally identifiable fields.,ab_testing_analysis,data_collection,data_preparation,161,low,1,6153,7666,negation,,repo
task_000280,proj_00031,Reconcile mismatched identifiers between two versions of the A/B test results dataset.,ab_testing_analysis,data_cleaning,data_preparation,39,medium,2,7137,7393,standard,task_000279,repo
task_000281,proj_00031,Get a first conversion rate uplift baseline without tuning the difference-in-differences model at all.,ab_testing_analysis,model_training,modelling,84,high,3,7737,7935,negation,task_000280,repo
task_000282,proj_00031,Compare the difference-in-differences model against a previous version on the A/B test results dataset.,ab_testing_analysis,model_evaluation,modelling,124,medium,2,8311,8759,standard,task_000281,repo
task_000283,proj_00031,"Update the README with the new A/B test results dataset schema, then draft the difference-in-differences model release notes.",ab_testing_analysis,reporting_documentation,reporting,116,high,3,9226,9499,multi_step,task_000282,repo
task_000284,proj_00031,The A/B test results dataset pipeline has been flaky all week.,ab_testing_analysis,data_pipeline_maintenance,infrastructure,49,high,3,17529,17716,ambiguous,,repo
task_000285,proj_00031,"First add monitoring for the recurring failure, then refactor the A/B test results dataset ingestion.",ab_testing_analysis,data_pipeline_maintenance,infrastructure,92,high,3,8078,8246,multi_step,,repo
task_000286,proj_00031,Restore the A/B test results dataset pipeline without triggering a full historical backfill.,ab_testing_analysis,data_pipeline_maintenance,infrastructure,56,low,1,23366,24333,negation,,repo
task_000287,proj_00032,Pull the latest records and afterwards check the building energy dataset covers the full time range.,energy_consumption,data_collection,data_preparation,100,medium,2,47484,47733,multi_step,,repo
task_000288,proj_00032,Deduplicate the building energy dataset and then standardise the historical load column formats.,energy_consumption,data_cleaning,data_preparation,123,medium,2,47652,48242,multi_step,task_000287,repo
task_000289,proj_00032,Engineer new features from historical load to improve peak load prediction.,energy_consumption,feature_engineering,analysis,96,high,3,47994,48232,standard,task_000288,repo
task_000290,proj_00032,Run cross-validation while training the LSTM forecasting model on the building energy dataset.,energy_consumption,model_training,modelling,94,medium,2,48080,48624,standard,task_000289,repo
task_000291,proj_00032,Compare the LSTM forecasting model against the previous version without retraining either of them.,energy_consumption,model_evaluation,modelling,128,high,3,48845,49011,negation,task_000290,repo
task_000292,proj_00032,Summarise key findings from the peak load analysis for the team.,energy_consumption,reporting_documentation,reporting,145,high,3,50099,50369,standard,task_000291,repo
task_000293,proj_00032,Reviewing pipeline logs after an unexpected failure.,energy_consumption,data_pipeline_maintenance,infrastructure,82,medium,2,48729,49091,standard,,repo
task_000294,proj_00032,Resolve a data freshness issue affecting the building energy dataset.,energy_consumption,data_pipeline_maintenance,infrastructure,29,low,1,55342,55992,standard,,repo
task_000295,proj_00032,The building energy dataset pipeline has been flaky all week.,energy_consumption,data_pipeline_maintenance,infrastructure,64,high,3,62562,62686,ambiguous,,repo
task_000296,proj_00033,Set up an automated pipeline to pull new records into the defect inspection image dataset.,image_classification,data_collection,data_preparation,64,medium,2,64806,65221,standard,,repo
task_000297,proj_00033,"The defect inspection image dataset looks messy again, deal with it.",image_classification,data_cleaning,data_preparation,52,high,3,65174,65337,ambiguous,task_000296,repo
task_000298,proj_00033,Summarise the defect inspection image dataset without producing any new visualisations.,image_classification,exploratory_data_analysis,analysis,226,low,1,66556,68132,negation,task_000297,repo
task_000299,proj_00033,Improve signal for image quality label without adding features derived from image resolution.,image_classification,feature_engineering,analysis,277,low,1,67165,68038,negation,task_000298,repo
task_000300,proj_00033,"Whatever we did last time to the fine-tuned ResNet model, do it again with the new data.",image_classification,model_training,modelling,174,low,1,67920,68745,ambiguous,task_000299,repo
task_000301,proj_00033,Investigate a drop in fine-tuned ResNet model recall after the last defect inspection image dataset update.,image_classification,model_evaluation,modelling,156,low,1,68219,69749,standard,task_000300,repo
task_000302,proj_00033,"Draft the image quality label findings first, then turn them into slides for stakeholders.",image_classification,reporting_documentation,reporting,149,medium,2,69406,69957,multi_step,task_000301,repo
task_000303,proj_00033,Monitor data quality alerts for the defect inspection image dataset pipeline.,image_classification,data_pipeline_maintenance,infrastructure,23,medium,2,84434,84822,standard,,repo
task_000304,proj_00034,Retrieving additional records is required to complete the warehouse inventory dataset.,supply_chain_optimisation,data_collection,data_preparation,171,medium,2,68531,68915,standard,,repo
task_000305,proj_00034,"First fix the encoding issues in the warehouse inventory dataset, then reconcile the mismatched identifiers.",supply_chain_optimisation,data_cleaning,data_preparation,158,high,3,68810,69012,multi_step,task_000304,repo
task_000306,proj_00034,"lead time on its own isn't telling us much, work on it.",supply_chain_optimisation,feature_engineering,analysis,99,medium,2,69079,69380,ambiguous,task_000305,repo
task_000307,proj_00034,Fine-tune the random forest regressor on a recent snapshot of the warehouse inventory dataset.,supply_chain_optimisation,model_training,modelling,237,high,3,69754,70153,standard,task_000306,repo
task_000308,proj_00034,Assessing whether the random forest regressor meets the required performance threshold.,supply_chain_optimisation,model_evaluation,modelling,94,low,1,70350,71812,standard,task_000307,repo
task_000309,proj_00034,Run cross-validation while training the random forest regressor on the warehouse inventory dataset.,supply_chain_optimisation,model_training,modelling,215,high,3,70927,71195,standard,task_000308,repo
task_000310,proj_00034,Check the random forest regressor for fairness across segments of the warehouse inventory dataset.,supply_chain_optimisation,model_evaluation,modelling,178,low,1,71971,73080,standard,task_000309,repo
task_000311,proj_00034,Fit the random forest regressor on the prepared warehouse inventory dataset.,supply_chain_optimisation,model_training,modelling,74,low,1,73140,74635,standard,task_000310,repo
task_000312,proj_00034,Validate the random forest regressor on out-of-time data before deployment.,supply_chain_optimisation,model_evaluation,modelling,176,medium,2,73697,74320,standard,task_000311,repo
task_000313,proj_00034,Nobody knows how the random forest regressor works — fix that.,supply_chain_optimisation,reporting_documentation,reporting,169,low,1,73774,74801,ambiguous,task_000312,repo
task_000314,proj_00034,"Check the pipeline logs, then patch the schema change that broke the warehouse inventory dataset ingestion.",supply_chain_optimisation,data_pipeline_maintenance,infrastructure,53,medium,2,75835,76360,multi_step,,repo
task_000315,proj_00034,Restart and verify the warehouse inventory dataset pipeline after a maintenance window.,supply_chain_optimisation,data_pipeline_maintenance,infrastructure,71,medium,2,69774,70202,standard,,repo
task_000316,proj_00034,Fix the failing warehouse inventory dataset job without taking the pipeline offline.,supply_chain_optimisation,data_pipeline_maintenance,infrastructure,92,low,1,74496,75481,negation,,repo
task_000317,proj_00035,Merge multiple data extracts into a single news articles dataset.,text_summarisation,data_collection,data_preparation,66,low,1,35993,36893,standard,,repo
task_000318,proj_00035,"First fix the encoding issues in the news articles dataset, then reconcile the mismatched identifiers.",text_summarisation,data_cleaning,data_preparation,93,high,3,36794,36957,multi_step,task_000317,repo
task_000319,proj_00035,Assess class imbalance in key topic extraction without resampling the news articles dataset at this stage.,text_summarisation,exploratory_data_analysis,analysis,93,medium,2,37479,37947,negation,task_000318,repo
task_000320,proj_00035,"The fine-tuned summarisation model isn't picking anything up, have a go at it.",text_summarisation,model_training,modelling,315,high,3,38548,39020,ambiguous,task_000319,repo
task_000321,proj_00035,Assessing whether the fine-tuned summarisation model meets the required performance threshold.,text_summarisation,model_evaluation,modelling,130,medium,2,38610,38983,standard,task_000320,repo
task_000322,proj_00035,Get a first key topic extraction baseline without tuning the fine-tuned summarisation model at all.,text_summarisation,model_training,modelling,84,low,1,39065,40402,negation,task_000321,repo
task_000323,proj_00035,Check whether the fine-tuned summarisation model is actually any good on key topic extraction.,text_summarisation,model_evaluation,modelling,103,medium,2,40303,40581,ambiguous,task_000322,repo
task_000324,proj_00035,Summarise key findings from the key topic extraction analysis for the team.,text_summarisation,reporting_documentation,reporting,97,medium,2,41200,41623,standard,task_000323,repo
task_000325,proj_00035,"Check the pipeline logs, then patch the schema change that broke the news articles dataset ingestion.",text_summarisation,data_pipeline_maintenance,infrastructure,21,medium,2,36540,36780,multi_step,,repo
task_000326,proj_00035,Restore the news articles dataset pipeline without triggering a full historical backfill.,text_summarisation,data_pipeline_maintenance,infrastructure,24,medium,2,46937,47311,negation,,repo
task_000327,proj_00036,Retrieving additional records is required to complete the conversion funnel dataset.,ab_testing_analysis,data_collection,data_preparation,80,medium,2,73879,74284,standard,,repo
task_000328,proj_00036,Handle missing observations in the conversion funnel dataset to prepare it for statistical significance modelling.,ab_testing_analysis,data_cleaning,data_preparation,41,low,1,74918,75881,standard,task_000327,repo
task_000329,proj_00036,"Whatever we did last time to the difference-in-differences model, do it again with the new data.",ab_testing_analysis,model_training,modelling,293,low,1,75903,77491,ambiguous,task_000328,repo
task_000330,proj_00036,Validate the difference-in-differences model without touching the held-out test split.,ab_testing_analysis,model_evaluation,modelling,111,low,1,76204,77167,negation,task_000329,repo
task_000331,proj_00036,Fit the difference-in-differences model on the conversion funnel dataset without using the exposure group column.,ab_testing_analysis,model_training,modelling,319,high,3,77434,77919,negation,task_000330,repo
task_000332,proj_00036,Assess the difference-in-differences model on statistical significance without relying on accuracy as the headline metric.,ab_testing_analysis,model_evaluation,modelling,151,high,3,78452,78727,negation,task_000331,repo
task_000333,proj_00036,Retrain the difference-in-differences model after incorporating the new features.,ab_testing_analysis,model_training,modelling,273,medium,2,79145,79890,standard,task_000332,repo
task_000334,proj_00036,Evaluate the difference-in-differences model on a held-out split of the conversion funnel dataset.,ab_testing_analysis,model_evaluation,modelling,151,medium,2,80448,81054,standard,task_000333,repo
task_000335,proj_00036,Prepare a one-page summary of difference-in-differences model results for management.,ab_testing_analysis,reporting_documentation,reporting,43,medium,2,81647,81897,standard,task_000334,repo
task_000336,proj_00036,Resolve a data freshness issue affecting the conversion funnel dataset.,ab_testing_analysis,data_pipeline_maintenance,infrastructure,19,medium,2,77958,78455,standard,,repo
task_000337,proj_00036,Add monitoring for a recurring failure in the conversion funnel dataset pipeline.,ab_testing_analysis,data_pipeline_maintenance,infrastructure,17,medium,2,76717,77068,standard,,repo
task_000338,proj_00036,"First add monitoring for the recurring failure, then refactor the conversion funnel dataset ingestion.",ab_testing_analysis,data_pipeline_maintenance,infrastructure,103,low,1,78078,79448,multi_step,,repo
task_000339,proj_00037,"Request access to the new source, then pull an initial extract into the conversion funnel dataset.",ab_testing_analysis,data_collection,data_preparation,110,high,3,63792,64049,multi_step,,repo
task_000340,proj_00037,Treat the outliers in exposure group without imputing any values.,ab_testing_analysis,data_cleaning,data_preparation,169,medium,2,64898,65535,negation,task_000339,repo
task_000341,proj_00037,Summarising key findings from the exploratory analysis of the conversion funnel dataset.,ab_testing_analysis,exploratory_data_analysis,analysis,201,medium,2,66230,66677,standard,task_000340,repo
task_000342,proj_00037,Improve signal for statistical significance without adding features derived from exposure group.,ab_testing_analysis,feature_engineering,analysis,117,high,3,66816,67039,negation,task_000341,repo
task_000343,proj_00037,Set up the training pipeline for the difference-in-differences model.,ab_testing_analysis,model_training,modelling,310,medium,2,67422,68030,standard,task_000342,repo
task_000344,proj_00037,Produce a confusion matrix summarising difference-in-differences model performance on statistical significance.,ab_testing_analysis,model_evaluation,modelling,103,low,1,68584,70039,standard,task_000343,repo
task_000345,proj_00037,"Update the README with the new conversion funnel dataset schema, then draft the difference-in-differences model release notes.",ab_testing_analysis,reporting_documentation,reporting,118,high,3,69376,69561,multi_step,task_000344,repo
task_000346,proj_00037,Restore the conversion funnel dataset pipeline without triggering a full historical backfill.,ab_testing_analysis,data_pipeline_maintenance,infrastructure,106,low,1,64079,65330,negation,,repo
task_000347,proj_00037,"The conversion funnel dataset numbers look stale, find out why.",ab_testing_analysis,data_pipeline_maintenance,infrastructure,42,low,1,71104,72489,ambiguous,,repo
task_000348,proj_00038,Merge multiple data extracts into a single catalogue image dataset.,image_classification,data_collection,data_preparation,43,low,1,70081,71040,standard,,repo
task_000349,proj_00038,Detect and treat outliers in image resolution within the catalogue image dataset.,image_classification,data_cleaning,data_preparation,204,medium,2,71063,71389,standard,task_000348,repo
task_000350,proj_00038,Build aggregated features summarising image resolution at the project level.,image_classification,feature_engineering,analysis,164,medium,2,72205,72732,standard,task_000349,repo
task_000351,proj_00038,Set up the training pipeline for the fine-tuned ResNet model.,image_classification,model_training,modelling,207,medium,2,73197,73854,standard,task_000350,repo
task_000352,proj_00038,Assessing whether the fine-tuned ResNet model meets the required performance threshold.,image_classification,model_evaluation,modelling,176,medium,2,73333,73648,standard,task_000351,repo
task_000353,proj_00038,"First fit the fine-tuned ResNet model on a sample, then run the full training on the catalogue image dataset.",image_classification,model_training,modelling,150,high,3,73706,73895,multi_step,task_000352,repo
task_000354,proj_00038,Check whether the fine-tuned ResNet model is actually any good on image quality label.,image_classification,model_evaluation,modelling,77,high,3,74534,74715,ambiguous,task_000353,repo
task_000355,proj_00038,Document the data preparation steps applied to the catalogue image dataset.,image_classification,reporting_documentation,reporting,106,medium,2,74625,74905,standard,task_000354,repo
task_000356,proj_00038,The catalogue image dataset ingestion job fell over again last night.,image_classification,data_pipeline_maintenance,infrastructure,97,medium,2,78928,79397,ambiguous,,repo
task_000357,proj_00038,The catalogue image dataset pipeline has been flaky all week.,image_classification,data_pipeline_maintenance,infrastructure,74,low,1,74001,74545,ambiguous,,repo
task_000358,proj_00039,Requesting access to a new data source needed for the historical sales dataset.,sales_forecasting,data_collection,data_preparation,74,medium,2,75816,76337,standard,,repo
task_000359,proj_00039,"First fix the encoding issues in the historical sales dataset, then reconcile the mismatched identifiers.",sales_forecasting,data_cleaning,data_preparation,161,medium,2,76661,77147,multi_step,task_000358,repo
task_000360,proj_00039,Check for seasonality patterns related to store location in the historical sales dataset.,sales_forecasting,exploratory_data_analysis,analysis,92,high,3,78046,78290,standard,task_000359,repo
task_000361,proj_00039,Fine-tune the SARIMA model on a recent snapshot of the historical sales dataset.,sales_forecasting,model_training,modelling,63,medium,2,78723,79026,standard,task_000360,repo
task_000362,proj_00039,Produce a confusion matrix summarising SARIMA model performance on inventory requirements.,sales_forecasting,model_evaluation,modelling,114,medium,2,79652,80179,standard,task_000361,repo
task_000363,proj_00039,Debug a training failure encountered while fitting the SARIMA model.,sales_forecasting,model_training,modelling,244,high,3,79690,79979,standard,task_000362,repo
task_000364,proj_00039,Compare the SARIMA model against a previous version on the historical sales dataset.,sales_forecasting,model_evaluation,modelling,149,medium,2,81072,81548,standard,task_000363,repo
task_000365,proj_00039,"Whatever we did last time to the SARIMA model, do it again with the new data.",sales_forecasting,model_training,modelling,219,high,3,82492,82816,ambiguous,task_000364,repo
task_000366,proj_00039,Investigate a drop in SARIMA model recall after the last historical sales dataset update.,sales_forecasting,model_evaluation,modelling,86,high,3,83259,83497,standard,task_000365,repo
task_000367,proj_00039,They want something on inventory requirements for tomorrow.,sales_forecasting,reporting_documentation,reporting,125,low,1,83587,85076,ambiguous,task_000366,repo
task_000368,proj_00039,Add monitoring for a recurring failure in the historical sales dataset pipeline.,sales_forecasting,data_pipeline_maintenance,infrastructure,112,low,1,92033,92552,standard,,repo
task_000369,proj_00039,The historical sales dataset ingestion job fell over again last night.,sales_forecasting,data_pipeline_maintenance,infrastructure,82,high,3,91639,91770,ambiguous,,repo
task_000370,proj_00039,Patch a schema change that broke the historical sales dataset pipeline.,sales_forecasting,data_pipeline_maintenance,infrastructure,22,high,3,92906,93087,standard,,repo
task_000371,proj_00040,"The social media comments dataset doesn't go back far enough, see what you can do.",sentiment_analysis,data_collection,data_preparation,144,medium,2,64272,64768,ambiguous,,repo
task_000372,proj_00040,Half the rows in the social media comments dataset don't look right.,sentiment_analysis,data_cleaning,data_preparation,136,medium,2,64557,64842,ambiguous,task_000371,repo
task_000373,proj_00040,Segment the social media comments dataset first and afterwards compare word embeddings across the segments.,sentiment_analysis,exploratory_data_analysis,analysis,217,high,3,65716,65968,multi_step,task_000372,repo
task_000374,proj_00040,Finalise the feature set to be used by the fine-tuned transformer model.,sentiment_analysis,feature_engineering,analysis,269,low,1,66541,67496,standard,task_000373,repo
task_000375,proj_00040,Establishing a baseline fine-tuned transformer model for complaint category prediction.,sentiment_analysis,model_training,modelling,83,medium,2,67740,68301,standard,task_000374,repo
task_000376,proj_00040,"Compute precision, recall and F1 for complaint category predictions.",sentiment_analysis,model_evaluation,modelling,47,high,3,67885,68082,standard,task_000375,repo
task_000377,proj_00040,Retrain the fine-tuned transformer model on the social media comments dataset without changing the current hyperparameters.,sentiment_analysis,model_training,modelling,269,low,1,67964,68750,negation,task_000376,repo
task_000378,proj_00040,"Evaluate the fine-tuned transformer model on the social media comments dataset, then check fairness across the main segments.",sentiment_analysis,model_evaluation,modelling,125,high,3,69292,69544,multi_step,task_000377,repo
task_000379,proj_00040,"Update the README with the new social media comments dataset schema, then draft the fine-tuned transformer model release notes.",sentiment_analysis,reporting_documentation,reporting,126,low,1,70225,71695,multi_step,task_000378,repo
task_000380,proj_00040,Patch a schema change that broke the social media comments dataset pipeline.,sentiment_analysis,data_pipeline_maintenance,infrastructure,37,high,3,75466,75633,standard,,repo
task_000381,proj_00041,"Request access to the new source, then pull an initial extract into the logistics dataset.",supply_chain_optimisation,data_collection,data_preparation,88,low,1,72244,73280,multi_step,,repo
task_000382,proj_00041,Reconcile mismatched identifiers between two versions of the logistics dataset.,supply_chain_optimisation,data_cleaning,data_preparation,78,high,3,72576,72712,standard,task_000381,repo
task_000383,proj_00041,"Compute summary statistics for the logistics dataset, then visualise how route efficiency moves over time.",supply_chain_optimisation,exploratory_data_analysis,analysis,202,medium,2,72656,72986,multi_step,task_000382,repo
task_000384,proj_00041,Generate embeddings to represent lead time for the gradient boosting regressor.,supply_chain_optimisation,feature_engineering,analysis,77,low,1,73163,73548,standard,task_000383,repo
task_000385,proj_00041,Fit the gradient boosting regressor on the prepared logistics dataset.,supply_chain_optimisation,model_training,modelling,185,high,3,74092,74409,standard,task_000384,repo
task_000386,proj_00041,Investigate a drop in gradient boosting regressor recall after the last logistics dataset update.,supply_chain_optimisation,model_evaluation,modelling,168,medium,2,75005,75321,standard,task_000385,repo
task_000387,proj_00041,Put together whatever we have on the logistics dataset for the handover.,supply_chain_optimisation,reporting_documentation,reporting,104,low,1,75306,76829,ambiguous,task_000386,repo
task_000388,proj_00041,Fix the failing logistics dataset job without taking the pipeline offline.,supply_chain_optimisation,data_pipeline_maintenance,infrastructure,45,medium,2,90283,90521,negation,,repo
task_000389,proj_00041,Resolve a data freshness issue affecting the logistics dataset.,supply_chain_optimisation,data_pipeline_maintenance,infrastructure,67,medium,2,88441,88659,standard,,repo
task_000390,proj_00042,Pull the latest records and afterwards check the shipment tracking dataset covers the full time range.,supply_chain_optimisation,data_collection,data_preparation,134,low,1,69409,70553,multi_step,,repo
task_000391,proj_00042,Something's wrong with supplier reliability in the shipment tracking dataset.,supply_chain_optimisation,data_cleaning,data_preparation,91,high,3,69800,69997,ambiguous,task_000390,repo
task_000392,proj_00042,Segment the shipment tracking dataset first and afterwards compare supplier reliability across the segments.,supply_chain_optimisation,exploratory_data_analysis,analysis,59,medium,2,70110,70502,multi_step,task_000391,repo
task_000393,proj_00042,"Whatever we did last time to the gradient boosting regressor, do it again with the new data.",supply_chain_optimisation,model_training,modelling,128,medium,2,71266,71644,ambiguous,task_000392,repo
task_000394,proj_00042,Validate the gradient boosting regressor without touching the held-out test split.,supply_chain_optimisation,model_evaluation,modelling,50,high,3,71697,71871,negation,task_000393,repo
task_000395,proj_00042,Set up the training pipeline for the gradient boosting regressor.,supply_chain_optimisation,model_training,modelling,86,medium,2,71901,72451,standard,task_000394,repo
task_000396,proj_00042,"Compute precision, recall and F1 for route efficiency predictions.",supply_chain_optimisation,model_evaluation,modelling,48,low,1,73154,74586,standard,task_000395,repo
task_000397,proj_00042,Give the gradient boosting regressor another run with the latest shipment tracking dataset.,supply_chain_optimisation,model_training,modelling,166,high,3,73613,73894,ambiguous,task_000396,repo
task_000398,proj_00042,Evaluate the gradient boosting regressor on a held-out split of the shipment tracking dataset.,supply_chain_optimisation,model_evaluation,modelling,84,high,3,74248,74392,standard,task_000397,repo
task_000399,proj_00042,Prepare a one-page summary of gradient boosting regressor results for management.,supply_chain_optimisation,reporting_documentation,reporting,82,low,1,75243,76055,standard,task_000398,repo
task_000400,proj_00042,"Check the pipeline logs, then patch the schema change that broke the shipment tracking dataset ingestion.",supply_chain_optimisation,data_pipeline_maintenance,infrastructure,74,medium,2,78017,78394,multi_step,,repo
task_000401,proj_00042,Refactor the ingestion pipeline for the shipment tracking dataset to reduce runtime.,supply_chain_optimisation,data_pipeline_maintenance,infrastructure,61,medium,2,78848,79283,standard,,repo
task_000402,proj_00043,Retrieving additional records is required to complete the loan applications dataset.,credit_scoring,data_collection,data_preparation,34,low,1,74199,75669,standard,,repo
task_000403,proj_00043,"First fix the encoding issues in the loan applications dataset, then reconcile the mismatched identifiers.",credit_scoring,data_cleaning,data_preparation,105,low,1,75400,76420,multi_step,task_000402,repo
task_000404,proj_00043,"Profile the loan applications dataset first, then investigate how repayment history relates to repayment probability.",credit_scoring,exploratory_data_analysis,analysis,190,high,3,75886,76233,multi_step,task_000403,repo
task_000405,proj_00043,Reduce the dimensionality of the loan applications dataset without discarding repayment history.,credit_scoring,feature_engineering,analysis,125,medium,2,77028,77523,negation,task_000404,repo
task_000406,proj_00043,Give the XGBoost model another run with the latest loan applications dataset.,credit_scoring,model_training,modelling,295,low,1,78357,79613,ambiguous,task_000405,repo
task_000407,proj_00043,Run an error analysis on the XGBoost model predictions for repayment probability.,credit_scoring,model_evaluation,modelling,169,medium,2,78718,79284,standard,task_000406,repo
task_000408,proj_00043,Prepare slides presenting the XGBoost model performance to stakeholders.,credit_scoring,reporting_documentation,reporting,164,low,1,80047,80603,standard,task_000407,repo
task_000409,proj_00044,Check where the A/B test results dataset is actually coming from.,ab_testing_analysis,data_collection,data_preparation,154,low,1,49054,50537,ambiguous,,repo
task_000410,proj_00044,"First fix the encoding issues in the A/B test results dataset, then reconcile the mismatched identifiers.",ab_testing_analysis,data_cleaning,data_preparation,33,low,1,50198,51033,multi_step,task_000409,repo
task_000411,proj_00044,Retrain the Bayesian A/B testing model on the A/B test results dataset without changing the current hyperparameters.,ab_testing_analysis,model_training,modelling,68,medium,2,51310,51855,negation,task_000410,repo
task_000412,proj_00044,"Evaluate the Bayesian A/B testing model on the A/B test results dataset, then check fairness across the main segments.",ab_testing_analysis,model_evaluation,modelling,75,low,1,52705,53217,multi_step,task_000411,repo
task_000413,proj_00044,Run cross-validation while training the Bayesian A/B testing model on the A/B test results dataset.,ab_testing_analysis,model_training,modelling,183,low,1,53793,55294,standard,task_000412,repo
task_000414,proj_00044,Compare the Bayesian A/B testing model against the previous version without retraining either of them.,ab_testing_analysis,model_evaluation,modelling,98,high,3,54324,54472,negation,task_000413,repo
task_000415,proj_00044,Set up cross-validation and then fit the Bayesian A/B testing model on the prepared A/B test results dataset.,ab_testing_analysis,model_training,modelling,295,medium,2,55103,55874,multi_step,task_000414,repo
task_000416,proj_00044,Assess the Bayesian A/B testing model on statistical significance without relying on accuracy as the headline metric.,ab_testing_analysis,model_evaluation,modelling,50,high,3,55580,55668,negation,task_000415,repo
task_000417,proj_00044,"Update the README with the new A/B test results dataset schema, then draft the Bayesian A/B testing model release notes.",ab_testing_analysis,reporting_documentation,reporting,127,low,1,55786,57127,multi_step,task_000416,repo
task_000418,proj_00045,"The smart meter dataset doesn't go back far enough, see what you can do.",energy_consumption,data_collection,data_preparation,40,low,1,74377,75817,ambiguous,,repo
task_000419,proj_00045,Reconcile mismatched identifiers between two versions of the smart meter dataset.,energy_consumption,data_cleaning,data_preparation,41,high,3,75365,75507,standard,task_000418,repo
task_000420,proj_00045,Analyse correlations between weather data and energy anomalies in the smart meter dataset.,energy_consumption,exploratory_data_analysis,analysis,90,high,3,76492,76692,standard,task_000419,repo
task_000421,proj_00045,Generate embeddings to represent weather data for the gradient boosting regressor.,energy_consumption,feature_engineering,analysis,210,low,1,76539,77804,standard,task_000420,repo
task_000422,proj_00045,Retrain the gradient boosting regressor on the smart meter dataset without changing the current hyperparameters.,energy_consumption,model_training,modelling,143,medium,2,76711,77264,negation,task_000421,repo
task_000423,proj_00045,Validate the gradient boosting regressor without touching the held-out test split.,energy_consumption,model_evaluation,modelling,128,high,3,77522,77715,negation,task_000422,repo
task_000424,proj_00045,Updating the project README with the latest smart meter dataset schema.,energy_consumption,reporting_documentation,reporting,158,medium,2,78948,79403,standard,task_000423,repo
task_000425,proj_00046,Validate that the credit card transactions dataset covers the full required time range.,fraud_detection,data_collection,data_preparation,145,low,1,42853,43966,standard,,repo
task_000426,proj_00046,Deduplicate the credit card transactions dataset and then standardise the transaction frequency column formats.,fraud_detection,data_cleaning,data_preparation,140,low,1,44000,45579,multi_step,task_000425,repo
task_000427,proj_00046,"Profile the credit card transactions dataset first, then investigate how transaction frequency relates to fraudulent transactions.",fraud_detection,exploratory_data_analysis,analysis,66,medium,2,45368,45705,multi_step,task_000426,repo
task_000428,proj_00046,Normalise and scale transaction frequency ahead of model training.,fraud_detection,feature_engineering,analysis,81,low,1,45887,46986,standard,task_000427,repo
task_000429,proj_00046,Run cross-validation while training the isolation forest model on the credit card transactions dataset.,fraud_detection,model_training,modelling,259,medium,2,47200,47633,standard,task_000428,repo
task_000430,proj_00046,Evaluate the isolation forest model on a held-out split of the credit card transactions dataset.,fraud_detection,model_evaluation,modelling,108,medium,2,47402,47768,standard,task_000429,repo
task_000431,proj_00046,Summarise key findings from the fraudulent transactions analysis for the team.,fraud_detection,reporting_documentation,reporting,52,low,1,47626,48837,standard,task_000430,repo
task_000432,proj_00046,Investigate a failed run in the credit card transactions dataset ingestion pipeline.,fraud_detection,data_pipeline_maintenance,infrastructure,26,medium,2,46162,46355,standard,,repo
task_000433,proj_00046,Fix the failing credit card transactions dataset job without taking the pipeline offline.,fraud_detection,data_pipeline_maintenance,infrastructure,64,low,1,62338,63489,negation,,repo
task_000434,proj_00046,Monitor data quality alerts for the credit card transactions dataset pipeline.,fraud_detection,data_pipeline_maintenance,infrastructure,107,high,3,55485,55684,standard,,repo
task_000435,proj_00047,Pull the latest records and afterwards check the clinical notes dataset covers the full time range.,healthcare_readmission,data_collection,data_preparation,100,low,1,8649,9980,multi_step,,repo
task_000436,proj_00047,Clean the clinical notes dataset for 30-day readmission modelling without altering the original source files.,healthcare_readmission,data_cleaning,data_preparation,94,high,3,8821,9071,negation,task_000435,repo
task_000437,proj_00047,Generate embeddings to represent discharge disposition for the survival analysis model.,healthcare_readmission,feature_engineering,analysis,177,low,1,10052,11092,standard,task_000436,repo
task_000438,proj_00047,Set up cross-validation and then fit the survival analysis model on the prepared clinical notes dataset.,healthcare_readmission,model_training,modelling,230,high,3,10080,10437,multi_step,task_000437,repo
task_000439,proj_00047,"First reproduce the reported survival analysis model metrics, then investigate the drop in recall.",healthcare_readmission,model_evaluation,modelling,115,medium,2,10769,11337,multi_step,task_000438,repo
task_000440,proj_00047,Run cross-validation while training the survival analysis model on the clinical notes dataset.,healthcare_readmission,model_training,modelling,213,medium,2,12001,12689,standard,task_000439,repo
task_000441,proj_00047,Check whether the survival analysis model is actually any good on 30-day readmission.,healthcare_readmission,model_evaluation,modelling,110,low,1,12427,13592,ambiguous,task_000440,repo
task_000442,proj_00047,Summarise the survival analysis model results for management without including technical detail.,healthcare_readmission,reporting_documentation,reporting,155,high,3,13095,13342,negation,task_000441,repo
task_000443,proj_00047,Refactor the ingestion pipeline for the clinical notes dataset to reduce runtime.,healthcare_readmission,data_pipeline_maintenance,infrastructure,119,high,3,20614,20856,standard,,repo
task_000444,proj_00047,Add monitoring for a recurring failure in the clinical notes dataset pipeline.,healthcare_readmission,data_pipeline_maintenance,infrastructure,90,high,3,12023,12189,standard,,repo
task_000445,proj_00048,Check where the grid load dataset is actually coming from.,energy_consumption,data_collection,data_preparation,65,medium,2,9916,10224,ambiguous,,repo
task_000446,proj_00048,Standardise column formats across the grid load dataset.,energy_consumption,data_cleaning,data_preparation,213,medium,2,10448,10974,standard,task_000445,repo
task_000447,proj_00048,Segment the grid load dataset first and afterwards compare historical load across the segments.,energy_consumption,exploratory_data_analysis,analysis,198,medium,2,10614,11137,multi_step,task_000446,repo
task_000448,proj_00048,"Whatever we did last time to the prophet model, do it again with the new data.",energy_consumption,model_training,modelling,274,medium,2,11723,12301,ambiguous,task_000447,repo
task_000449,proj_00048,Assessing whether the prophet model meets the required performance threshold.,energy_consumption,model_evaluation,modelling,57,high,3,12837,13014,standard,task_000448,repo
task_000450,proj_00048,Prepare slides presenting the prophet model performance to stakeholders.,energy_consumption,reporting_documentation,reporting,174,high,3,13192,13498,standard,task_000449,repo
task_000451,proj_00048,Patch a schema change that broke the grid load dataset pipeline.,energy_consumption,data_pipeline_maintenance,infrastructure,16,low,1,23169,23879,standard,,repo
task_000452,proj_00048,The grid load dataset pipeline has been flaky all week.,energy_consumption,data_pipeline_maintenance,infrastructure,86,medium,2,25797,26297,ambiguous,,repo
task_000453,proj_00049,Check where the customer feedback dataset is actually coming from.,sentiment_analysis,data_collection,data_preparation,56,low,1,45280,45751,ambiguous,,repo
task_000454,proj_00049,Standardise column formats across the customer feedback dataset.,sentiment_analysis,data_cleaning,data_preparation,119,medium,2,45532,46004,standard,task_000453,repo
task_000455,proj_00049,"There's something odd in the customer feedback dataset, can't put my finger on it.",sentiment_analysis,exploratory_data_analysis,analysis,168,low,1,45970,46577,ambiguous,task_000454,repo
task_000456,proj_00049,See if we can squeeze more out of topic distribution for customer satisfaction.,sentiment_analysis,feature_engineering,analysis,141,low,1,46882,47354,ambiguous,task_000455,repo
task_000457,proj_00049,Train a LSTM classifier to predict customer satisfaction using the customer feedback dataset.,sentiment_analysis,model_training,modelling,235,high,3,47132,47439,standard,task_000456,repo
task_000458,proj_00049,The LSTM classifier was fine last month and now it isn't.,sentiment_analysis,model_evaluation,modelling,74,medium,2,47646,48009,ambiguous,task_000457,repo
task_000459,proj_00049,"First collect the LSTM classifier results, then prepare a one-page summary for management.",sentiment_analysis,reporting_documentation,reporting,148,low,1,48807,50024,multi_step,task_000458,repo
task_000460,proj_00049,"First add monitoring for the recurring failure, then refactor the customer feedback dataset ingestion.",sentiment_analysis,data_pipeline_maintenance,infrastructure,65,low,1,51322,52031,multi_step,,repo
task_000461,proj_00050,Set up an automated pipeline to pull new records into the borrower repayment dataset.,credit_scoring,data_collection,data_preparation,167,low,1,9397,10471,standard,,repo
task_000462,proj_00050,"The borrower repayment dataset looks messy again, deal with it.",credit_scoring,data_cleaning,data_preparation,59,low,1,9815,11116,ambiguous,task_000461,repo
task_000463,proj_00050,Assess class imbalance in creditworthiness without resampling the borrower repayment dataset at this stage.,credit_scoring,exploratory_data_analysis,analysis,197,low,1,10910,12150,negation,task_000462,repo
task_000464,proj_00050,Retrain the XGBoost model after incorporating the new features.,credit_scoring,model_training,modelling,238,medium,2,12127,12719,standard,task_000463,repo
task_000465,proj_00050,Check the XGBoost model for fairness across segments of the borrower repayment dataset.,credit_scoring,model_evaluation,modelling,106,high,3,13406,13563,standard,task_000464,repo
task_000466,proj_00050,Summarise key findings from the creditworthiness analysis for the team.,credit_scoring,reporting_documentation,reporting,110,low,1,14797,15772,standard,task_000465,repo
task_000467,proj_00051,Scrape supplementary records to enrich the clickstream dataset.,recommendation_system,data_collection,data_preparation,172,low,1,65104,66107,standard,,repo
task_000468,proj_00051,Fixing encoding issues in the clickstream dataset before further processing.,recommendation_system,data_cleaning,data_preparation,110,high,3,65406,65559,standard,task_000467,repo
task_000469,proj_00051,Explore the distribution of category preference in the clickstream dataset.,recommendation_system,exploratory_data_analysis,analysis,169,low,1,66156,67351,standard,task_000468,repo
task_000470,proj_00051,"Whatever we did last time to the collaborative filtering model, do it again with the new data.",recommendation_system,model_training,modelling,313,medium,2,67321,68005,ambiguous,task_000469,repo
task_000471,proj_00051,"First reproduce the reported collaborative filtering model metrics, then investigate the drop in recall.",recommendation_system,model_evaluation,modelling,155,low,1,68187,69739,multi_step,task_000470,repo
task_000472,proj_00051,Fine-tune the collaborative filtering model on a recent snapshot of the clickstream dataset.,recommendation_system,model_training,modelling,209,low,1,68265,69174,standard,task_000471,repo
task_000473,proj_00051,Assess the collaborative filtering model on item relevance without relying on accuracy as the headline metric.,recommendation_system,model_evaluation,modelling,73,high,3,69381,69628,negation,task_000472,repo
task_000474,proj_00051,Put together whatever we have on the clickstream dataset for the handover.,recommendation_system,reporting_documentation,reporting,58,medium,2,70410,70725,ambiguous,task_000473,repo
task_000475,proj_00051,Fix a broken scheduled job feeding the clickstream dataset.,recommendation_system,data_pipeline_maintenance,infrastructure,112,high,3,81549,81830,standard,,repo
task_000476,proj_00051,"First add monitoring for the recurring failure, then refactor the clickstream dataset ingestion.",recommendation_system,data_pipeline_maintenance,infrastructure,28,high,3,70949,71070,multi_step,,repo
task_000477,proj_00052,Requesting access to a new data source needed for the product image dataset.,image_classification,data_collection,data_preparation,180,medium,2,15886,16498,standard,,repo
task_000478,proj_00052,"First fix the encoding issues in the product image dataset, then reconcile the mismatched identifiers.",image_classification,data_cleaning,data_preparation,72,medium,2,17196,17493,multi_step,task_000477,repo
task_000479,proj_00052,Analyse correlations between colour histogram and defect presence in the product image dataset.,image_classification,exploratory_data_analysis,analysis,190,low,1,17634,18639,standard,task_000478,repo
task_000480,proj_00052,Training a fine-tuned ResNet model from scratch on the updated product image dataset.,image_classification,model_training,modelling,225,high,3,18871,19200,standard,task_000479,repo
task_000481,proj_00052,Produce a confusion matrix summarising fine-tuned ResNet model performance on defect presence.,image_classification,model_evaluation,modelling,161,high,3,19478,19693,standard,task_000480,repo
task_000482,proj_00052,"First collect the fine-tuned ResNet model results, then prepare a one-page summary for management.",image_classification,reporting_documentation,reporting,45,high,3,19770,19877,multi_step,task_000481,repo
task_000483,proj_00052,Reviewing pipeline logs after an unexpected failure.,image_classification,data_pipeline_maintenance,infrastructure,106,medium,2,23567,23919,standard,,repo
task_000484,proj_00053,Query the production database to extract data for the conversion funnel dataset.,ab_testing_analysis,data_collection,data_preparation,133,medium,2,59412,59807,standard,,repo
task_000485,proj_00053,Clean the conversion funnel dataset for statistical significance modelling without altering the original source files.,ab_testing_analysis,data_cleaning,data_preparation,146,high,3,60849,61108,negation,task_000484,repo
task_000486,proj_00053,Explore the distribution of conversion event in the conversion funnel dataset.,ab_testing_analysis,exploratory_data_analysis,analysis,232,low,1,62055,63465,standard,task_000485,repo
task_000487,proj_00053,"Encode the categorical variables, then test whether they improve statistical significance prediction.",ab_testing_analysis,feature_engineering,analysis,277,low,1,63370,64981,multi_step,task_000486,repo
task_000488,proj_00053,Set up the training pipeline for the causal inference model.,ab_testing_analysis,model_training,modelling,279,high,3,64199,64634,standard,task_000487,repo
task_000489,proj_00053,Validate the causal inference model without touching the held-out test split.,ab_testing_analysis,model_evaluation,modelling,102,medium,2,64763,65280,negation,task_000488,repo
task_000490,proj_00053,Nobody knows how the causal inference model works — fix that.,ab_testing_analysis,reporting_documentation,reporting,117,medium,2,65045,65306,ambiguous,task_000489,repo
task_000491,proj_00054,Retrieving additional records is required to complete the payments dataset.,fraud_detection,data_collection,data_preparation,107,low,1,56501,57409,standard,,repo
task_000492,proj_00054,Clean the payments dataset for anomalous payments modelling without altering the original source files.,fraud_detection,data_cleaning,data_preparation,94,low,1,56707,57379,negation,task_000491,repo
task_000493,proj_00054,"Profile the payments dataset first, then investigate how transaction amount relates to anomalous payments.",fraud_detection,exploratory_data_analysis,analysis,205,low,1,56828,57752,multi_step,task_000492,repo
task_000494,proj_00054,Establishing a baseline isolation forest model for anomalous payments prediction.,fraud_detection,model_training,modelling,108,low,1,57722,59046,standard,task_000493,repo
task_000495,proj_00054,Run an error analysis on the isolation forest model predictions for anomalous payments.,fraud_detection,model_evaluation,modelling,87,medium,2,57896,58330,standard,task_000494,repo
task_000496,proj_00054,Document the data preparation steps applied to the payments dataset.,fraud_detection,reporting_documentation,reporting,117,medium,2,57930,58383,standard,task_000495,repo
task_000497,proj_00054,Monitor data quality alerts for the payments dataset pipeline.,fraud_detection,data_pipeline_maintenance,infrastructure,44,medium,2,71725,71941,standard,,repo
task_000498,proj_00055,"The credit card transactions dataset doesn't go back far enough, see what you can do.",fraud_detection,data_collection,data_preparation,174,low,1,18879,19629,ambiguous,,repo
task_000499,proj_00055,Clean the credit card transactions dataset for anomalous payments modelling without altering the original source files.,fraud_detection,data_cleaning,data_preparation,214,low,1,19795,20559,negation,task_000498,repo
task_000500,proj_00055,Segment the credit card transactions dataset first and afterwards compare merchant category across the segments.,fraud_detection,exploratory_data_analysis,analysis,100,low,1,20653,21198,multi_step,task_000499,repo
task_000501,proj_00055,Deriving interaction terms between merchant category and other variables.,fraud_detection,feature_engineering,analysis,210,medium,2,20954,21463,standard,task_000500,repo
task_000502,proj_00055,Fit the gradient boosting model on the credit card transactions dataset without using the merchant category column.,fraud_detection,model_training,modelling,131,medium,2,21848,22429,negation,task_000501,repo
task_000503,proj_00055,Investigate a drop in gradient boosting model recall after the last credit card transactions dataset update.,fraud_detection,model_evaluation,modelling,171,high,3,22035,22308,standard,task_000502,repo
task_000504,proj_00055,Document the data preparation steps applied to the credit card transactions dataset.,fraud_detection,reporting_documentation,reporting,107,low,1,23464,24854,standard,task_000503,repo
task_000505,proj_00055,Restore the credit card transactions dataset pipeline without triggering a full historical backfill.,fraud_detection,data_pipeline_maintenance,infrastructure,97,low,1,31560,32387,negation,,repo
task_000506,proj_00056,Gather the missing records for the credit bureau dataset without hitting production directly.,credit_scoring,data_collection,data_preparation,63,low,1,2335,3802,negation,,repo
task_000507,proj_00056,Clean the credit bureau dataset for loan default risk modelling without altering the original source files.,credit_scoring,data_cleaning,data_preparation,169,medium,2,3211,3741,negation,task_000506,repo
task_000508,proj_00056,Explore the distribution of loan term in the credit bureau dataset.,credit_scoring,exploratory_data_analysis,analysis,195,low,1,3375,4346,standard,task_000507,repo
task_000509,proj_00056,Fit the logistic regression model on the prepared credit bureau dataset.,credit_scoring,model_training,modelling,90,high,3,3831,4052,standard,task_000508,repo
task_000510,proj_00056,Assess the logistic regression model on loan default risk without relying on accuracy as the headline metric.,credit_scoring,model_evaluation,modelling,158,high,3,4883,5179,negation,task_000509,repo
task_000511,proj_00056,Updating the project README with the latest credit bureau dataset schema.,credit_scoring,reporting_documentation,reporting,167,medium,2,5721,6086,standard,task_000510,repo
task_000512,proj_00056,Restore the credit bureau dataset pipeline without triggering a full historical backfill.,credit_scoring,data_pipeline_maintenance,infrastructure,25,medium,2,4320,4569,negation,,repo
task_000513,proj_00056,Fix the failing credit bureau dataset job without taking the pipeline offline.,credit_scoring,data_pipeline_maintenance,infrastructure,65,medium,2,6672,7189,negation,,repo
task_000514,proj_00057,We're short on records for the grid load dataset — sort it out.,energy_consumption,data_collection,data_preparation,44,low,1,57200,57843,ambiguous,,repo
task_000515,proj_00057,Clean missing values in the grid load dataset before training the LSTM forecasting model.,energy_consumption,data_cleaning,data_preparation,211,low,1,57459,57933,standard,task_000514,repo
task_000516,proj_00057,Not sure what's driving hourly energy consumption — dig into it.,energy_consumption,exploratory_data_analysis,analysis,133,medium,2,57809,58194,ambiguous,task_000515,repo
task_000517,proj_00057,"Encode the categorical variables, then test whether they improve hourly energy consumption prediction.",energy_consumption,feature_engineering,analysis,92,medium,2,58165,58514,multi_step,task_000516,repo
task_000518,proj_00057,Train a LSTM forecasting model to predict hourly energy consumption using the grid load dataset.,energy_consumption,model_training,modelling,231,high,3,58421,58751,standard,task_000517,repo
task_000519,proj_00057,Assessing whether the LSTM forecasting model meets the required performance threshold.,energy_consumption,model_evaluation,modelling,97,high,3,59508,59782,standard,task_000518,repo
task_000520,proj_00057,Establishing a baseline LSTM forecasting model for hourly energy consumption prediction.,energy_consumption,model_training,modelling,314,medium,2,60808,61426,standard,task_000519,repo
task_000521,proj_00057,Check whether the LSTM forecasting model is actually any good on hourly energy consumption.,energy_consumption,model_evaluation,modelling,175,low,1,60936,61673,ambiguous,task_000520,repo
task_000522,proj_00057,Draft release notes describing changes to the LSTM forecasting model pipeline.,energy_consumption,reporting_documentation,reporting,176,medium,2,61473,61828,standard,task_000521,repo
task_000523,proj_00057,Investigate a failed run in the grid load dataset ingestion pipeline.,energy_consumption,data_pipeline_maintenance,infrastructure,20,high,3,73621,73674,standard,,repo
task_000524,proj_00058,Pull the latest records and afterwards check the product review dataset covers the full time range.,sentiment_analysis,data_collection,data_preparation,87,low,1,5782,6961,multi_step,,repo
task_000525,proj_00058,Reconcile mismatched identifiers between two versions of the product review dataset.,sentiment_analysis,data_cleaning,data_preparation,49,medium,2,6452,6682,standard,task_000524,repo
task_000526,proj_00058,Analyse correlations between topic distribution and customer satisfaction in the product review dataset.,sentiment_analysis,exploratory_data_analysis,analysis,90,low,1,7495,8881,standard,task_000525,repo
task_000527,proj_00058,Set up cross-validation and then fit the LSTM classifier on the prepared product review dataset.,sentiment_analysis,model_training,modelling,95,high,3,7604,7801,multi_step,task_000526,repo
task_000528,proj_00058,Validate the LSTM classifier without touching the held-out test split.,sentiment_analysis,model_evaluation,modelling,52,medium,2,8255,8431,negation,task_000527,repo
task_000529,proj_00058,Write handover notes for the product review dataset project.,sentiment_analysis,reporting_documentation,reporting,104,medium,2,9025,9404,standard,task_000528,repo
task_000530,proj_00058,Resolve the freshness issue in the product review dataset without changing the ingestion schedule.,sentiment_analysis,data_pipeline_maintenance,infrastructure,90,high,3,19836,20006,negation,,repo
task_000531,proj_00059,Collect raw data for the support tickets dataset from the source system.,text_summarisation,data_collection,data_preparation,126,medium,2,1958,2361,standard,,repo
task_000532,proj_00059,Impute missing values for document length using an appropriate strategy.,text_summarisation,data_cleaning,data_preparation,165,high,3,2185,2487,standard,task_000531,repo
task_000533,proj_00059,Analyse correlations between document length and summary quality in the support tickets dataset.,text_summarisation,exploratory_data_analysis,analysis,81,medium,2,3207,3455,standard,task_000532,repo
task_000534,proj_00059,Fine-tune the fine-tuned summarisation model on a recent snapshot of the support tickets dataset.,text_summarisation,model_training,modelling,326,medium,2,3311,3947,standard,task_000533,repo
task_000535,proj_00059,Assessing whether the fine-tuned summarisation model meets the required performance threshold.,text_summarisation,model_evaluation,modelling,178,low,1,4264,4955,standard,task_000534,repo
task_000536,proj_00059,"Update the README with the new support tickets dataset schema, then draft the fine-tuned summarisation model release notes.",text_summarisation,reporting_documentation,reporting,49,medium,2,5584,5784,multi_step,task_000535,repo
task_000537,proj_00059,Resolve a data freshness issue affecting the support tickets dataset.,text_summarisation,data_pipeline_maintenance,infrastructure,52,low,1,5540,6477,standard,,repo
task_000538,proj_00059,Fix the failing support tickets dataset job without taking the pipeline offline.,text_summarisation,data_pipeline_maintenance,infrastructure,55,medium,2,14133,14427,negation,,repo
task_000539,proj_00059,Add monitoring for a recurring failure in the support tickets dataset pipeline.,text_summarisation,data_pipeline_maintenance,infrastructure,32,high,3,3704,3915,standard,,repo
task_000540,proj_00060,Extract records for the transaction dataset without pulling any personally identifiable fields.,fraud_detection,data_collection,data_preparation,148,low,1,28155,28788,negation,,repo
task_000541,proj_00060,Fixing encoding issues in the transaction dataset before further processing.,fraud_detection,data_cleaning,data_preparation,236,medium,2,28355,29071,standard,task_000540,repo
task_000542,proj_00060,Analyse correlations between device fingerprint and fraudulent transactions in the transaction dataset.,fraud_detection,exploratory_data_analysis,analysis,100,high,3,29605,29818,standard,task_000541,repo
task_000543,proj_00060,Normalise and scale device fingerprint ahead of model training.,fraud_detection,feature_engineering,analysis,242,low,1,29923,31133,standard,task_000542,repo
task_000544,proj_00060,"Whatever we did last time to the isolation forest model, do it again with the new data.",fraud_detection,model_training,modelling,85,high,3,30749,30930,ambiguous,task_000543,repo
task_000545,proj_00060,Evaluate the isolation forest model on a held-out split of the transaction dataset.,fraud_detection,model_evaluation,modelling,133,high,3,31120,31425,standard,task_000544,repo
task_000546,proj_00060,Prepare a one-page summary of isolation forest model results for management.,fraud_detection,reporting_documentation,reporting,54,low,1,32261,32841,standard,task_000545,repo
task_000547,proj_00061,Validate that the customer churn dataset covers the full required time range.,customer_churn,data_collection,data_preparation,49,low,1,12222,12643,standard,,repo
task_000548,proj_00061,"The customer churn dataset looks messy again, deal with it.",customer_churn,data_cleaning,data_preparation,237,low,1,12641,13797,ambiguous,task_000547,repo
task_000549,proj_00061,Analyse correlations between monthly charges and customer churn in the customer churn dataset.,customer_churn,exploratory_data_analysis,analysis,163,low,1,12906,14484,standard,task_000548,repo
task_000550,proj_00061,"Create the lagged variables from monthly charges, then aggregate them at project level.",customer_churn,feature_engineering,analysis,187,low,1,13808,15108,multi_step,task_000549,repo
task_000551,proj_00061,Get a first customer churn baseline without tuning the logistic regression model at all.,customer_churn,model_training,modelling,169,high,3,14176,14445,negation,task_000550,repo
task_000552,proj_00061,"First reproduce the reported logistic regression model metrics, then investigate the drop in recall.",customer_churn,model_evaluation,modelling,68,low,1,14764,15575,multi_step,task_000551,repo
task_000553,proj_00061,Summarise the logistic regression model results for management without including technical detail.,customer_churn,reporting_documentation,reporting,157,low,1,16104,17628,negation,task_000552,repo
task_000554,proj_00061,Monitor data quality alerts for the customer churn dataset pipeline.,customer_churn,data_pipeline_maintenance,infrastructure,50,medium,2,13013,13397,standard,,repo
task_000555,proj_00061,The customer churn dataset pipeline has been flaky all week.,customer_churn,data_pipeline_maintenance,infrastructure,46,medium,2,17550,17994,ambiguous,,repo
task_000556,proj_00061,"Check the pipeline logs, then patch the schema change that broke the customer churn dataset ingestion.",customer_churn,data_pipeline_maintenance,infrastructure,115,high,3,11654,11921,multi_step,,repo
task_000557,proj_00062,Gather historical records to build the warehouse inventory dataset.,supply_chain_optimisation,data_collection,data_preparation,150,medium,2,4430,4999,standard,,repo
task_000558,proj_00062,Fixing encoding issues in the warehouse inventory dataset before further processing.,supply_chain_optimisation,data_cleaning,data_preparation,55,low,1,4921,5709,standard,task_000557,repo
task_000559,proj_00062,Analyse correlations between route distance and stock-out risk in the warehouse inventory dataset.,supply_chain_optimisation,exploratory_data_analysis,analysis,240,high,3,5481,5807,standard,task_000558,repo
task_000560,proj_00062,Set up cross-validation and then fit the random forest regressor on the prepared warehouse inventory dataset.,supply_chain_optimisation,model_training,modelling,241,high,3,6675,6990,multi_step,task_000559,repo
task_000561,proj_00062,Investigate a drop in random forest regressor recall after the last warehouse inventory dataset update.,supply_chain_optimisation,model_evaluation,modelling,111,high,3,7050,7282,standard,task_000560,repo
task_000562,proj_00062,Train a random forest regressor to predict stock-out risk using the warehouse inventory dataset.,supply_chain_optimisation,model_training,modelling,240,high,3,8276,8690,standard,task_000561,repo
task_000563,proj_00062,Validate the random forest regressor on out-of-time data before deployment.,supply_chain_optimisation,model_evaluation,modelling,156,medium,2,8582,8947,standard,task_000562,repo
task_000564,proj_00062,Prepare slides presenting the random forest regressor performance to stakeholders.,supply_chain_optimisation,reporting_documentation,reporting,53,low,1,9601,10342,standard,task_000563,repo
task_000565,proj_00063,Retrieving additional records is required to complete the warehouse inventory dataset.,supply_chain_optimisation,data_collection,data_preparation,180,medium,2,7865,8237,standard,,repo
task_000566,proj_00063,Half the rows in the warehouse inventory dataset don't look right.,supply_chain_optimisation,data_cleaning,data_preparation,123,high,3,8107,8355,ambiguous,task_000565,repo
task_000567,proj_00063,"Profile the warehouse inventory dataset first, then investigate how warehouse capacity relates to delivery delay.",supply_chain_optimisation,exploratory_data_analysis,analysis,195,low,1,9478,10531,multi_step,task_000566,repo
task_000568,proj_00063,Reduce dimensionality of the warehouse inventory dataset using feature selection.,supply_chain_optimisation,feature_engineering,analysis,100,medium,2,10153,10596,standard,task_000567,repo
task_000569,proj_00063,Give the mixed-integer optimisation model another run with the latest warehouse inventory dataset.,supply_chain_optimisation,model_training,modelling,222,low,1,11477,13089,ambiguous,task_000568,repo
task_000570,proj_00063,Compare the mixed-integer optimisation model against the previous version without retraining either of them.,supply_chain_optimisation,model_evaluation,modelling,87,high,3,12912,13073,negation,task_000569,repo
task_000571,proj_00063,Retrain the mixed-integer optimisation model on the warehouse inventory dataset without changing the current hyperparameters.,supply_chain_optimisation,model_training,modelling,210,low,1,13701,14154,negation,task_000570,repo
task_000572,proj_00063,"Score the mixed-integer optimisation model on the held-out split, then run an error analysis on the failures.",supply_chain_optimisation,model_evaluation,modelling,175,low,1,14889,15955,multi_step,task_000571,repo
task_000573,proj_00063,Fine-tune the mixed-integer optimisation model on a recent snapshot of the warehouse inventory dataset.,supply_chain_optimisation,model_training,modelling,349,low,1,16156,17761,standard,task_000572,repo
task_000574,proj_00063,Validate the mixed-integer optimisation model without touching the held-out test split.,supply_chain_optimisation,model_evaluation,modelling,49,medium,2,16459,16791,negation,task_000573,repo
task_000575,proj_00063,Updating the project README with the latest warehouse inventory dataset schema.,supply_chain_optimisation,reporting_documentation,reporting,115,low,1,16817,17715,standard,task_000574,repo
task_000576,proj_00063,Monitor data quality alerts for the warehouse inventory dataset pipeline.,supply_chain_optimisation,data_pipeline_maintenance,infrastructure,59,low,1,15982,16502,standard,,repo
task_000577,proj_00064,"First query the production database, then consolidate the extracts into the internal reports dataset.",text_summarisation,data_collection,data_preparation,169,low,1,65419,66809,multi_step,,repo
task_000578,proj_00064,Filter out invalid or corrupted rows from the internal reports dataset.,text_summarisation,data_cleaning,data_preparation,71,medium,2,66617,66825,standard,task_000577,repo
task_000579,proj_00064,Explore the distribution of topic coherence in the internal reports dataset.,text_summarisation,exploratory_data_analysis,analysis,126,low,1,67235,67815,standard,task_000578,repo
task_000580,proj_00064,Reduce the dimensionality of the internal reports dataset without discarding topic coherence.,text_summarisation,feature_engineering,analysis,103,high,3,67401,67575,negation,task_000579,repo
task_000581,proj_00064,Establishing a baseline extractive summarisation pipeline for summary quality prediction.,text_summarisation,model_training,modelling,233,medium,2,67569,68236,standard,task_000580,repo
task_000582,proj_00064,Evaluate the extractive summarisation pipeline on a held-out split of the internal reports dataset.,text_summarisation,model_evaluation,modelling,140,high,3,68572,68784,standard,task_000581,repo
task_000583,proj_00064,"First collect the extractive summarisation pipeline results, then prepare a one-page summary for management.",text_summarisation,reporting_documentation,reporting,70,low,1,69830,70818,multi_step,task_000582,repo
task_000584,proj_00064,"First add monitoring for the recurring failure, then refactor the internal reports dataset ingestion.",text_summarisation,data_pipeline_maintenance,infrastructure,104,medium,2,70854,71354,multi_step,,repo
task_000585,proj_00065,Gather historical records to build the catalogue image dataset.,image_classification,data_collection,data_preparation,122,low,1,64678,65219,standard,,repo
task_000586,proj_00065,Something's wrong with image resolution in the catalogue image dataset.,image_classification,data_cleaning,data_preparation,81,low,1,65296,66040,ambiguous,task_000585,repo
task_000587,proj_00065,Improve signal for defect presence without adding features derived from image resolution.,image_classification,feature_engineering,analysis,80,medium,2,65660,65919,negation,task_000586,repo
task_000588,proj_00065,Set up cross-validation and then fit the fine-tuned ResNet model on the prepared catalogue image dataset.,image_classification,model_training,modelling,301,medium,2,66306,67065,multi_step,task_000587,repo
task_000589,proj_00065,Assessing whether the fine-tuned ResNet model meets the required performance threshold.,image_classification,model_evaluation,modelling,169,medium,2,66863,67341,standard,task_000588,repo
task_000590,proj_00065,"Draft the defect presence findings first, then turn them into slides for stakeholders.",image_classification,reporting_documentation,reporting,77,low,1,67659,68515,multi_step,task_000589,repo
task_000591,proj_00065,Refactor the ingestion pipeline for the catalogue image dataset to reduce runtime.,image_classification,data_pipeline_maintenance,infrastructure,43,high,3,79588,79805,standard,,repo
task_000592,proj_00065,Reviewing pipeline logs after an unexpected failure.,image_classification,data_pipeline_maintenance,infrastructure,111,medium,2,66368,66648,standard,,repo
task_000593,proj_00065,Resolve the freshness issue in the catalogue image dataset without changing the ingestion schedule.,image_classification,data_pipeline_maintenance,infrastructure,118,medium,2,67157,67696,negation,,repo
task_000594,proj_00066,Check where the social media comments dataset is actually coming from.,sentiment_analysis,data_collection,data_preparation,106,low,1,75563,75980,ambiguous,,repo
task_000595,proj_00066,Half the rows in the social media comments dataset don't look right.,sentiment_analysis,data_cleaning,data_preparation,234,medium,2,76606,77277,ambiguous,task_000594,repo
task_000596,proj_00066,Check for seasonality patterns related to topic distribution in the social media comments dataset.,sentiment_analysis,exploratory_data_analysis,analysis,238,medium,2,76922,77365,standard,task_000595,repo
task_000597,proj_00066,Generate embeddings to represent topic distribution for the LSTM classifier.,sentiment_analysis,feature_engineering,analysis,92,low,1,77370,77862,standard,task_000596,repo
task_000598,proj_00066,"First fit the LSTM classifier on a sample, then run the full training on the social media comments dataset.",sentiment_analysis,model_training,modelling,163,high,3,78784,79014,multi_step,task_000597,repo
task_000599,proj_00066,Produce a confusion matrix summarising LSTM classifier performance on review sentiment.,sentiment_analysis,model_evaluation,modelling,111,high,3,80017,80175,standard,task_000598,repo
task_000600,proj_00066,"Update the README with the new social media comments dataset schema, then draft the LSTM classifier release notes.",sentiment_analysis,reporting_documentation,reporting,172,low,1,80210,81289,multi_step,task_000599,repo
task_000601,proj_00066,The social media comments dataset ingestion job fell over again last night.,sentiment_analysis,data_pipeline_maintenance,infrastructure,16,high,3,92095,92291,ambiguous,,repo
task_000602,proj_00066,"First add monitoring for the recurring failure, then refactor the social media comments dataset ingestion.",sentiment_analysis,data_pipeline_maintenance,infrastructure,29,medium,2,92189,92413,multi_step,,repo
task_000603,proj_00067,"Request access to the new source, then pull an initial extract into the clinical notes dataset.",healthcare_readmission,data_collection,data_preparation,154,medium,2,54411,54927,multi_step,,repo
task_000604,proj_00067,Fixing encoding issues in the clinical notes dataset before further processing.,healthcare_readmission,data_cleaning,data_preparation,100,medium,2,54502,55038,standard,task_000603,repo
task_000605,proj_00067,"Profile the clinical notes dataset first, then investigate how comorbidity count relates to length of stay.",healthcare_readmission,exploratory_data_analysis,analysis,54,low,1,55763,56735,multi_step,task_000604,repo
task_000606,proj_00067,Fine-tune the gradient boosting model on a recent snapshot of the clinical notes dataset.,healthcare_readmission,model_training,modelling,85,high,3,57192,57375,standard,task_000605,repo
task_000607,proj_00067,Evaluate the gradient boosting model on a held-out split of the clinical notes dataset.,healthcare_readmission,model_evaluation,modelling,116,high,3,57969,58192,standard,task_000606,repo
task_000608,proj_00067,Debug a training failure encountered while fitting the gradient boosting model.,healthcare_readmission,model_training,modelling,311,high,3,58620,58986,standard,task_000607,repo
task_000609,proj_00067,Run an error analysis on the gradient boosting model predictions for length of stay.,healthcare_readmission,model_evaluation,modelling,106,high,3,59101,59350,standard,task_000608,repo
task_000610,proj_00067,Debug a training failure encountered while fitting the gradient boosting model.,healthcare_readmission,model_training,modelling,273,high,3,59773,60098,standard,task_000609,repo
task_000611,proj_00067,"First reproduce the reported gradient boosting model metrics, then investigate the drop in recall.",healthcare_readmission,model_evaluation,modelling,84,high,3,60172,60390,multi_step,task_000610,repo
task_000612,proj_00067,Put together whatever we have on the clinical notes dataset for the handover.,healthcare_readmission,reporting_documentation,reporting,125,medium,2,61179,61687,ambiguous,task_000611,repo
task_000613,proj_00067,Restore the clinical notes dataset pipeline without triggering a full historical backfill.,healthcare_readmission,data_pipeline_maintenance,infrastructure,105,medium,2,56006,56300,negation,,repo
task_000614,proj_00068,We're short on records for the conversion funnel dataset — sort it out.,ab_testing_analysis,data_collection,data_preparation,42,high,3,32783,32905,ambiguous,,repo
task_000615,proj_00068,Clean the conversion funnel dataset for experiment outcome modelling without altering the original source files.,ab_testing_analysis,data_cleaning,data_preparation,240,medium,2,33359,33922,negation,task_000614,repo
task_000616,proj_00068,Deriving interaction terms between conversion event and other variables.,ab_testing_analysis,feature_engineering,analysis,234,low,1,34675,35911,standard,task_000615,repo
task_000617,proj_00068,"The Bayesian A/B testing model isn't picking anything up, have a go at it.",ab_testing_analysis,model_training,modelling,150,high,3,35691,35992,ambiguous,task_000616,repo
task_000618,proj_00068,Compare the Bayesian A/B testing model against the previous version without retraining either of them.,ab_testing_analysis,model_evaluation,modelling,118,low,1,36907,37794,negation,task_000617,repo
task_000619,proj_00068,Updating the project README with the latest conversion funnel dataset schema.,ab_testing_analysis,reporting_documentation,reporting,102,low,1,38332,38775,standard,task_000618,repo
task_000620,proj_00068,Add monitoring for a recurring failure in the conversion funnel dataset pipeline.,ab_testing_analysis,data_pipeline_maintenance,infrastructure,43,medium,2,51452,51961,standard,,repo
task_000621,proj_00069,Scrape supplementary records to enrich the customer feedback dataset.,sentiment_analysis,data_collection,data_preparation,32,low,1,62425,63322,standard,,repo
task_000622,proj_00069,Reconcile mismatched identifiers between two versions of the customer feedback dataset.,sentiment_analysis,data_cleaning,data_preparation,138,high,3,63756,64013,standard,task_000621,repo
task_000623,proj_00069,Summarising key findings from the exploratory analysis of the customer feedback dataset.,sentiment_analysis,exploratory_data_analysis,analysis,100,medium,2,64711,65277,standard,task_000622,repo
task_000624,proj_00069,"Create the lagged variables from review length, then aggregate them at project level.",sentiment_analysis,feature_engineering,analysis,209,low,1,65792,67288,multi_step,task_000623,repo
task_000625,proj_00069,Get a first complaint category baseline without tuning the LSTM classifier at all.,sentiment_analysis,model_training,modelling,347,high,3,67163,67612,negation,task_000624,repo
task_000626,proj_00069,Compare the LSTM classifier against a previous version on the customer feedback dataset.,sentiment_analysis,model_evaluation,modelling,153,low,1,67789,68748,standard,task_000625,repo
task_000627,proj_00069,Write up the complaint category results without waiting for the final LSTM classifier run.,sentiment_analysis,reporting_documentation,reporting,100,low,1,69115,70066,negation,task_000626,repo
task_000628,proj_00069,The customer feedback dataset pipeline has been flaky all week.,sentiment_analysis,data_pipeline_maintenance,infrastructure,112,low,1,67052,67520,ambiguous,,repo
task_000629,proj_00070,Pull the latest records and afterwards check the conversion funnel dataset covers the full time range.,ab_testing_analysis,data_collection,data_preparation,133,low,1,39291,39736,multi_step,,repo
task_000630,proj_00070,Impute missing values for sample size using an appropriate strategy.,ab_testing_analysis,data_cleaning,data_preparation,117,medium,2,40500,40850,standard,task_000629,repo
task_000631,proj_00070,Not sure what's driving statistical significance — dig into it.,ab_testing_analysis,exploratory_data_analysis,analysis,216,low,1,41920,42990,ambiguous,task_000630,repo
task_000632,proj_00070,Build aggregated features summarising sample size at the project level.,ab_testing_analysis,feature_engineering,analysis,135,low,1,42283,42920,standard,task_000631,repo
task_000633,proj_00070,Training a difference-in-differences model from scratch on the updated conversion funnel dataset.,ab_testing_analysis,model_training,modelling,231,high,3,42827,43144,standard,task_000632,repo
task_000634,proj_00070,Investigate a drop in difference-in-differences model recall after the last conversion funnel dataset update.,ab_testing_analysis,model_evaluation,modelling,108,medium,2,43569,43966,standard,task_000633,repo
task_000635,proj_00070,Finalise documentation before closing out the statistical significance project.,ab_testing_analysis,reporting_documentation,reporting,179,low,1,44345,45005,standard,task_000634,repo
task_000636,proj_00070,Monitor data quality alerts for the conversion funnel dataset pipeline.,ab_testing_analysis,data_pipeline_maintenance,infrastructure,75,high,3,40503,40736,standard,,repo
task_000637,proj_00070,"Check the pipeline logs, then patch the schema change that broke the conversion funnel dataset ingestion.",ab_testing_analysis,data_pipeline_maintenance,infrastructure,82,low,1,42671,43103,multi_step,,repo
task_000638,proj_00070,Reviewing pipeline logs after an unexpected failure.,ab_testing_analysis,data_pipeline_maintenance,infrastructure,40,medium,2,43685,44136,standard,,repo
task_000639,proj_00071,Gather historical records to build the employee survey dataset.,employee_attrition,data_collection,data_preparation,31,low,1,23832,24531,standard,,repo
task_000640,proj_00071,Fixing encoding issues in the employee survey dataset before further processing.,employee_attrition,data_cleaning,data_preparation,155,medium,2,24192,24512,standard,task_000639,repo
task_000641,proj_00071,"Compute summary statistics for the employee survey dataset, then visualise how employee attrition moves over time.",employee_attrition,exploratory_data_analysis,analysis,207,medium,2,24472,25018,multi_step,task_000640,repo
task_000642,proj_00071,"Create the lagged variables from performance rating, then aggregate them at project level.",employee_attrition,feature_engineering,analysis,61,low,1,25464,26173,multi_step,task_000641,repo
task_000643,proj_00071,Train a gradient boosting model to predict employee attrition using the employee survey dataset.,employee_attrition,model_training,modelling,224,high,3,26243,26632,standard,task_000642,repo
task_000644,proj_00071,Evaluate the gradient boosting model on a held-out split of the employee survey dataset.,employee_attrition,model_evaluation,modelling,31,high,3,26648,26772,standard,task_000643,repo
task_000645,proj_00071,"Draft the employee attrition findings first, then turn them into slides for stakeholders.",employee_attrition,reporting_documentation,reporting,109,low,1,27126,28260,multi_step,task_000644,repo
task_000646,proj_00071,Monitor data quality alerts for the employee survey dataset pipeline.,employee_attrition,data_pipeline_maintenance,infrastructure,120,low,1,28648,29603,standard,,repo
task_000647,proj_00071,The employee survey dataset pipeline has been flaky all week.,employee_attrition,data_pipeline_maintenance,infrastructure,91,medium,2,38115,38548,ambiguous,,repo
task_000648,proj_00072,Merge multiple data extracts into a single workforce analytics dataset.,employee_attrition,data_collection,data_preparation,87,medium,2,52927,53201,standard,,repo
task_000649,proj_00072,Clean missing values in the workforce analytics dataset before training the gradient boosting model.,employee_attrition,data_cleaning,data_preparation,180,medium,2,53374,53737,standard,task_000648,repo
task_000650,proj_00072,Analyse correlations between manager changes and employee attrition in the workforce analytics dataset.,employee_attrition,exploratory_data_analysis,analysis,141,high,3,54139,54375,standard,task_000649,repo
task_000651,proj_00072,Fit the gradient boosting model on the prepared workforce analytics dataset.,employee_attrition,model_training,modelling,84,high,3,55249,55368,standard,task_000650,repo
task_000652,proj_00072,Compare the gradient boosting model against a previous version on the workforce analytics dataset.,employee_attrition,model_evaluation,modelling,136,medium,2,55362,55681,standard,task_000651,repo
task_000653,proj_00072,Finalise documentation before closing out the employee attrition project.,employee_attrition,reporting_documentation,reporting,151,medium,2,56497,56873,standard,task_000652,repo
task_000654,proj_00073,Set up an automated pipeline to pull new records into the defect inspection image dataset.,image_classification,data_collection,data_preparation,102,low,1,14813,15372,standard,,repo
task_000655,proj_00073,Impute missing values for colour histogram using an appropriate strategy.,image_classification,data_cleaning,data_preparation,185,low,1,15847,16810,standard,task_000654,repo
task_000656,proj_00073,Compare colour histogram distributions across different segments of the defect inspection image dataset.,image_classification,exploratory_data_analysis,analysis,136,medium,2,16933,17340,standard,task_000655,repo
task_000657,proj_00073,Encode categorical variables in the defect inspection image dataset for the convolutional neural network.,image_classification,feature_engineering,analysis,200,medium,2,17276,17702,standard,task_000656,repo
task_000658,proj_00073,Give the convolutional neural network another run with the latest defect inspection image dataset.,image_classification,model_training,modelling,229,medium,2,18700,19055,ambiguous,task_000657,repo
task_000659,proj_00073,Assessing whether the convolutional neural network meets the required performance threshold.,image_classification,model_evaluation,modelling,58,high,3,20090,20304,standard,task_000658,repo
task_000660,proj_00073,Updating the project README with the latest defect inspection image dataset schema.,image_classification,reporting_documentation,reporting,160,low,1,20410,21017,standard,task_000659,repo
task_000661,proj_00073,The defect inspection image dataset ingestion job fell over again last night.,image_classification,data_pipeline_maintenance,infrastructure,52,low,1,21325,21719,ambiguous,,repo
task_000662,proj_00073,Restart and verify the defect inspection image dataset pipeline after a maintenance window.,image_classification,data_pipeline_maintenance,infrastructure,20,high,3,17021,17163,standard,,repo
task_000663,proj_00074,"First query the production database, then consolidate the extracts into the conversion funnel dataset.",ab_testing_analysis,data_collection,data_preparation,142,high,3,23037,23277,multi_step,,repo
task_000664,proj_00074,Clean the conversion funnel dataset for statistical significance modelling without altering the original source files.,ab_testing_analysis,data_cleaning,data_preparation,238,medium,2,23242,23658,negation,task_000663,repo
task_000665,proj_00074,"Create the lagged variables from exposure group, then aggregate them at project level.",ab_testing_analysis,feature_engineering,analysis,176,low,1,24077,25282,multi_step,task_000664,repo
task_000666,proj_00074,Give the causal inference model another run with the latest conversion funnel dataset.,ab_testing_analysis,model_training,modelling,275,high,3,25504,25851,ambiguous,task_000665,repo
task_000667,proj_00074,Run an error analysis on the causal inference model predictions for statistical significance.,ab_testing_analysis,model_evaluation,modelling,45,high,3,25750,25865,standard,task_000666,repo
task_000668,proj_00074,"First fit the causal inference model on a sample, then run the full training on the conversion funnel dataset.",ab_testing_analysis,model_training,modelling,307,high,3,25977,26426,multi_step,task_000667,repo
task_000669,proj_00074,"Score the causal inference model on the held-out split, then run an error analysis on the failures.",ab_testing_analysis,model_evaluation,modelling,121,high,3,26363,26547,multi_step,task_000668,repo
task_000670,proj_00074,Nobody knows how the causal inference model works — fix that.,ab_testing_analysis,reporting_documentation,reporting,58,medium,2,27367,27770,ambiguous,task_000669,repo
task_000671,proj_00075,Merge multiple data extracts into a single credit card transactions dataset.,fraud_detection,data_collection,data_preparation,116,medium,2,76754,77342,standard,,repo
task_000672,proj_00075,Detect and treat outliers in transaction amount within the credit card transactions dataset.,fraud_detection,data_cleaning,data_preparation,140,medium,2,78035,78422,standard,task_000671,repo
task_000673,proj_00075,Summarise the credit card transactions dataset without producing any new visualisations.,fraud_detection,exploratory_data_analysis,analysis,214,medium,2,79036,79567,negation,task_000672,repo
task_000674,proj_00075,Encode categorical variables in the credit card transactions dataset for the gradient boosting model.,fraud_detection,feature_engineering,analysis,62,medium,2,79355,79617,standard,task_000673,repo
task_000675,proj_00075,Give the gradient boosting model another run with the latest credit card transactions dataset.,fraud_detection,model_training,modelling,313,high,3,80405,80767,ambiguous,task_000674,repo
task_000676,proj_00075,Validate the gradient boosting model without touching the held-out test split.,fraud_detection,model_evaluation,modelling,91,medium,2,81426,81779,negation,task_000675,repo
task_000677,proj_00075,Put together whatever we have on the credit card transactions dataset for the handover.,fraud_detection,reporting_documentation,reporting,87,medium,2,81544,81944,ambiguous,task_000676,repo
task_000678,proj_00075,Monitor data quality alerts for the credit card transactions dataset pipeline.,fraud_detection,data_pipeline_maintenance,infrastructure,73,medium,2,83282,83768,standard,,repo
task_000679,proj_00075,Monitor data quality alerts for the credit card transactions dataset pipeline.,fraud_detection,data_pipeline_maintenance,infrastructure,78,medium,2,90265,90523,standard,,repo
task_000680,proj_00075,Investigate a failed run in the credit card transactions dataset ingestion pipeline.,fraud_detection,data_pipeline_maintenance,infrastructure,28,medium,2,91879,92045,standard,,repo
task_000681,proj_00076,"First query the production database, then consolidate the extracts into the shipment tracking dataset.",supply_chain_optimisation,data_collection,data_preparation,43,medium,2,60509,60904,multi_step,,repo
task_000682,proj_00076,Something's wrong with route distance in the shipment tracking dataset.,supply_chain_optimisation,data_cleaning,data_preparation,213,medium,2,61203,61767,ambiguous,task_000681,repo
task_000683,proj_00076,Check for seasonality patterns related to route distance in the shipment tracking dataset.,supply_chain_optimisation,exploratory_data_analysis,analysis,239,medium,2,61451,61811,standard,task_000682,repo
task_000684,proj_00076,"Encode the categorical variables, then test whether they improve delivery delay prediction.",supply_chain_optimisation,feature_engineering,analysis,272,medium,2,62165,62706,multi_step,task_000683,repo
task_000685,proj_00076,"Whatever we did last time to the gradient boosting regressor, do it again with the new data.",supply_chain_optimisation,model_training,modelling,251,high,3,63301,63593,ambiguous,task_000684,repo
task_000686,proj_00076,Check whether the gradient boosting regressor is actually any good on delivery delay.,supply_chain_optimisation,model_evaluation,modelling,65,high,3,63652,63851,ambiguous,task_000685,repo
task_000687,proj_00076,Finalise documentation before closing out the delivery delay project.,supply_chain_optimisation,reporting_documentation,reporting,80,low,1,63886,65010,standard,task_000686,repo
task_000688,proj_00076,Add monitoring for a recurring failure in the shipment tracking dataset pipeline.,supply_chain_optimisation,data_pipeline_maintenance,infrastructure,106,medium,2,74772,75210,standard,,repo
task_000689,proj_00077,Check where the customer retention dataset is actually coming from.,customer_churn,data_collection,data_preparation,31,medium,2,66376,66551,ambiguous,,repo
task_000690,proj_00077,"First fix the encoding issues in the customer retention dataset, then reconcile the mismatched identifiers.",customer_churn,data_cleaning,data_preparation,179,medium,2,67524,68083,multi_step,task_000689,repo
task_000691,proj_00077,Run a first exploratory pass over the customer retention dataset to understand its structure.,customer_churn,exploratory_data_analysis,analysis,232,high,3,67901,68189,standard,task_000690,repo
task_000692,proj_00077,Reduce the dimensionality of the customer retention dataset without discarding tenure.,customer_churn,feature_engineering,analysis,189,high,3,68709,69035,negation,task_000691,repo
task_000693,proj_00077,Fine-tune the random forest classifier on a recent snapshot of the customer retention dataset.,customer_churn,model_training,modelling,200,medium,2,69971,70466,standard,task_000692,repo
task_000694,proj_00077,"First reproduce the reported random forest classifier metrics, then investigate the drop in recall.",customer_churn,model_evaluation,modelling,64,low,1,70588,71941,multi_step,task_000693,repo
task_000695,proj_00077,Write up the customer attrition results without waiting for the final random forest classifier run.,customer_churn,reporting_documentation,reporting,171,medium,2,71215,71608,negation,task_000694,repo
task_000696,proj_00077,Resolve the freshness issue in the customer retention dataset without changing the ingestion schedule.,customer_churn,data_pipeline_maintenance,infrastructure,101,low,1,75607,76312,negation,,repo
task_000697,proj_00078,Pull the latest records and afterwards check the shipment tracking dataset covers the full time range.,supply_chain_optimisation,data_collection,data_preparation,166,low,1,76175,77446,multi_step,,repo
task_000698,proj_00078,Half the rows in the shipment tracking dataset don't look right.,supply_chain_optimisation,data_cleaning,data_preparation,57,low,1,76216,76810,ambiguous,task_000697,repo
task_000699,proj_00078,Analyse correlations between route distance and route efficiency in the shipment tracking dataset.,supply_chain_optimisation,exploratory_data_analysis,analysis,96,low,1,76339,77004,standard,task_000698,repo
task_000700,proj_00078,Finalise the feature set to be used by the random forest regressor.,supply_chain_optimisation,feature_engineering,analysis,97,high,3,76940,77142,standard,task_000699,repo
task_000701,proj_00078,Fit the random forest regressor on the prepared shipment tracking dataset.,supply_chain_optimisation,model_training,modelling,243,high,3,77372,77671,standard,task_000700,repo
task_000702,proj_00078,Investigate a drop in random forest regressor recall after the last shipment tracking dataset update.,supply_chain_optimisation,model_evaluation,modelling,173,medium,2,78648,79202,standard,task_000701,repo
task_000703,proj_00078,Summarise the random forest regressor results for management without including technical detail.,supply_chain_optimisation,reporting_documentation,reporting,42,high,3,80088,80259,negation,task_000702,repo
task_000704,proj_00078,Fix a broken scheduled job feeding the shipment tracking dataset.,supply_chain_optimisation,data_pipeline_maintenance,infrastructure,16,high,3,85039,85136,standard,,repo
task_000705,proj_00078,Resolve a data freshness issue affecting the shipment tracking dataset.,supply_chain_optimisation,data_pipeline_maintenance,infrastructure,96,high,3,89312,89532,standard,,repo
task_000706,proj_00078,Add monitoring for a recurring failure in the shipment tracking dataset pipeline.,supply_chain_optimisation,data_pipeline_maintenance,infrastructure,114,high,3,94074,94267,standard,,repo
task_000707,proj_00079,Pull the latest records and afterwards check the defect inspection image dataset covers the full time range.,image_classification,data_collection,data_preparation,101,medium,2,49538,49825,multi_step,,repo
task_000708,proj_00079,Reconcile mismatched identifiers between two versions of the defect inspection image dataset.,image_classification,data_cleaning,data_preparation,31,medium,2,49882,50112,standard,task_000707,repo
task_000709,proj_00079,Run cross-validation while training the vision transformer model on the defect inspection image dataset.,image_classification,model_training,modelling,225,medium,2,49978,50643,standard,task_000708,repo
task_000710,proj_00079,Assess the vision transformer model on product category without relying on accuracy as the headline metric.,image_classification,model_evaluation,modelling,155,high,3,51253,51578,negation,task_000709,repo
task_000711,proj_00079,Updating the project README with the latest defect inspection image dataset schema.,image_classification,reporting_documentation,reporting,111,medium,2,52001,52326,standard,task_000710,repo
task_000712,proj_00080,Extract records for the conversion funnel dataset without pulling any personally identifiable fields.,ab_testing_analysis,data_collection,data_preparation,85,high,3,44146,44396,negation,,repo
task_000713,proj_00080,Clean missing values in the conversion funnel dataset before training the causal inference model.,ab_testing_analysis,data_cleaning,data_preparation,59,medium,2,45133,45540,standard,task_000712,repo
task_000714,proj_00080,Fine-tune the causal inference model on a recent snapshot of the conversion funnel dataset.,ab_testing_analysis,model_training,modelling,80,high,3,45640,45832,standard,task_000713,repo
task_000715,proj_00080,Compare the causal inference model against a previous version on the conversion funnel dataset.,ab_testing_analysis,model_evaluation,modelling,128,medium,2,46436,46828,standard,task_000714,repo
task_000716,proj_00080,"Whatever we did last time to the causal inference model, do it again with the new data.",ab_testing_analysis,model_training,modelling,251,medium,2,46501,47132,ambiguous,task_000715,repo
task_000717,proj_00080,Check whether the causal inference model is actually any good on conversion rate uplift.,ab_testing_analysis,model_evaluation,modelling,41,medium,2,47428,47922,ambiguous,task_000716,repo
task_000718,proj_00080,Fit the causal inference model on the conversion funnel dataset without using the variance reduction covariate column.,ab_testing_analysis,model_training,modelling,323,low,1,47837,48596,negation,task_000717,repo
task_000719,proj_00080,Evaluate the causal inference model on a held-out split of the conversion funnel dataset.,ab_testing_analysis,model_evaluation,modelling,46,medium,2,48194,48682,standard,task_000718,repo
task_000720,proj_00080,"First collect the causal inference model results, then prepare a one-page summary for management.",ab_testing_analysis,reporting_documentation,reporting,56,low,1,48645,49832,multi_step,task_000719,repo
task_000721,proj_00081,Query the production database to extract data for the support tickets dataset.,text_summarisation,data_collection,data_preparation,177,medium,2,34175,34604,standard,,repo
task_000722,proj_00081,Deduplicate the support tickets dataset and then standardise the topic coherence column formats.,text_summarisation,data_cleaning,data_preparation,145,medium,2,35024,35510,multi_step,task_000721,repo
task_000723,proj_00081,Explore the distribution of topic coherence in the support tickets dataset.,text_summarisation,exploratory_data_analysis,analysis,144,medium,2,35686,36223,standard,task_000722,repo
task_000724,proj_00081,Establishing a baseline fine-tuned summarisation model for summary quality prediction.,text_summarisation,model_training,modelling,359,low,1,35713,36460,standard,task_000723,repo
task_000725,proj_00081,The fine-tuned summarisation model was fine last month and now it isn't.,text_summarisation,model_evaluation,modelling,57,medium,2,36460,36988,ambiguous,task_000724,repo
task_000726,proj_00081,Establishing a baseline fine-tuned summarisation model for summary quality prediction.,text_summarisation,model_training,modelling,204,high,3,37092,37438,standard,task_000725,repo
task_000727,proj_00081,"Score the fine-tuned summarisation model on the held-out split, then run an error analysis on the failures.",text_summarisation,model_evaluation,modelling,37,medium,2,37888,38318,multi_step,task_000726,repo
task_000728,proj_00081,Summarise key findings from the summary quality analysis for the team.,text_summarisation,reporting_documentation,reporting,130,medium,2,38353,38882,standard,task_000727,repo
task_000729,proj_00081,Restore the support tickets dataset pipeline without triggering a full historical backfill.,text_summarisation,data_pipeline_maintenance,infrastructure,101,high,3,37739,37965,negation,,repo
task_000730,proj_00081,Reviewing pipeline logs after an unexpected failure.,text_summarisation,data_pipeline_maintenance,infrastructure,30,low,1,33383,34825,standard,,repo
task_000731,proj_00082,Pull the latest records and afterwards check the hospital admissions dataset covers the full time range.,healthcare_readmission,data_collection,data_preparation,161,low,1,45517,46294,multi_step,,repo
task_000732,proj_00082,Reconcile mismatched identifiers between two versions of the hospital admissions dataset.,healthcare_readmission,data_cleaning,data_preparation,79,low,1,45984,47464,standard,task_000731,repo
task_000733,proj_00082,Segment the hospital admissions dataset first and afterwards compare comorbidity count across the segments.,healthcare_readmission,exploratory_data_analysis,analysis,210,medium,2,46110,46588,multi_step,task_000732,repo
task_000734,proj_00082,Normalise and scale comorbidity count ahead of model training.,healthcare_readmission,feature_engineering,analysis,124,low,1,47500,49053,standard,task_000733,repo
task_000735,proj_00082,Fit the survival analysis model on the hospital admissions dataset without using the comorbidity count column.,healthcare_readmission,model_training,modelling,242,low,1,48512,49474,negation,task_000734,repo
task_000736,proj_00082,Assess the survival analysis model on length of stay without relying on accuracy as the headline metric.,healthcare_readmission,model_evaluation,modelling,47,high,3,48731,48889,negation,task_000735,repo
task_000737,proj_00082,They want something on length of stay for tomorrow.,healthcare_readmission,reporting_documentation,reporting,114,medium,2,49741,50131,ambiguous,task_000736,repo
task_000738,proj_00082,Resolve the freshness issue in the hospital admissions dataset without changing the ingestion schedule.,healthcare_readmission,data_pipeline_maintenance,infrastructure,118,medium,2,63601,64058,negation,,repo
task_000739,proj_00083,Gather the missing records for the user interaction dataset without hitting production directly.,recommendation_system,data_collection,data_preparation,152,low,1,19009,20135,negation,,repo
task_000740,proj_00083,Something's wrong with user embeddings in the user interaction dataset.,recommendation_system,data_cleaning,data_preparation,171,low,1,19649,20227,ambiguous,task_000739,repo
task_000741,proj_00083,Identify data quality issues that could affect purchase likelihood prediction.,recommendation_system,exploratory_data_analysis,analysis,182,low,1,20238,20816,standard,task_000740,repo
task_000742,proj_00083,Engineer new features from user embeddings to improve purchase likelihood prediction.,recommendation_system,feature_engineering,analysis,277,medium,2,20407,20819,standard,task_000741,repo
task_000743,proj_00083,Set up cross-validation and then fit the collaborative filtering model on the prepared user interaction dataset.,recommendation_system,model_training,modelling,168,high,3,21613,21952,multi_step,task_000742,repo
task_000744,proj_00083,Check whether the collaborative filtering model is actually any good on purchase likelihood.,recommendation_system,model_evaluation,modelling,68,medium,2,22161,22463,ambiguous,task_000743,repo
task_000745,proj_00083,Retrain the collaborative filtering model on the user interaction dataset without changing the current hyperparameters.,recommendation_system,model_training,modelling,128,medium,2,23383,23892,negation,task_000744,repo
task_000746,proj_00083,"Score the collaborative filtering model on the held-out split, then run an error analysis on the failures.",recommendation_system,model_evaluation,modelling,123,medium,2,23583,24165,multi_step,task_000745,repo
task_000747,proj_00083,Training a collaborative filtering model from scratch on the updated user interaction dataset.,recommendation_system,model_training,modelling,323,low,1,24087,24976,standard,task_000746,repo
task_000748,proj_00083,Run an error analysis on the collaborative filtering model predictions for purchase likelihood.,recommendation_system,model_evaluation,modelling,153,high,3,24468,24661,standard,task_000747,repo
task_000749,proj_00083,Nobody knows how the collaborative filtering model works — fix that.,recommendation_system,reporting_documentation,reporting,89,low,1,24931,26016,ambiguous,task_000748,repo
task_000750,proj_00083,Add monitoring for a recurring failure in the user interaction dataset pipeline.,recommendation_system,data_pipeline_maintenance,infrastructure,81,high,3,19005,19208,standard,,repo
task_000751,proj_00084,Validate that the equipment logs dataset covers the full required time range.,predictive_maintenance,data_collection,data_preparation,97,medium,2,69649,70157,standard,,repo
task_000752,proj_00084,Deduplicate the equipment logs dataset and then standardise the vibration readings column formats.,predictive_maintenance,data_cleaning,data_preparation,197,medium,2,70020,70637,multi_step,task_000751,repo
task_000753,proj_00084,Produce summary statistics and visualisations for the equipment logs dataset.,predictive_maintenance,exploratory_data_analysis,analysis,177,low,1,71373,72246,standard,task_000752,repo
task_000754,proj_00084,"Create the lagged variables from vibration readings, then aggregate them at project level.",predictive_maintenance,feature_engineering,analysis,150,high,3,72445,72713,multi_step,task_000753,repo
task_000755,proj_00084,Give the random forest classifier another run with the latest equipment logs dataset.,predictive_maintenance,model_training,modelling,63,medium,2,73457,73711,ambiguous,task_000754,repo
task_000756,proj_00084,Check the random forest classifier for fairness across segments of the equipment logs dataset.,predictive_maintenance,model_evaluation,modelling,88,low,1,74372,75275,standard,task_000755,repo
task_000757,proj_00084,Summarise key findings from the remaining useful life analysis for the team.,predictive_maintenance,reporting_documentation,reporting,77,low,1,74820,75379,standard,task_000756,repo
task_000758,proj_00084,Fix the failing equipment logs dataset job without taking the pipeline offline.,predictive_maintenance,data_pipeline_maintenance,infrastructure,107,low,1,81923,83250,negation,,repo
task_000759,proj_00085,"The loan applications dataset doesn't go back far enough, see what you can do.",credit_scoring,data_collection,data_preparation,40,medium,2,21409,21644,ambiguous,,repo
task_000760,proj_00085,Fixing encoding issues in the loan applications dataset before further processing.,credit_scoring,data_cleaning,data_preparation,96,high,3,21538,21796,standard,task_000759,repo
task_000761,proj_00085,Train a logistic regression model to predict repayment probability using the loan applications dataset.,credit_scoring,model_training,modelling,205,high,3,22383,22673,standard,task_000760,repo
task_000762,proj_00085,Check whether the logistic regression model is actually any good on repayment probability.,credit_scoring,model_evaluation,modelling,153,low,1,23317,24551,ambiguous,task_000761,repo
task_000763,proj_00085,Summarise key findings from the repayment probability analysis for the team.,credit_scoring,reporting_documentation,reporting,179,medium,2,24562,24954,standard,task_000762,repo
task_000764,proj_00085,Fix the failing loan applications dataset job without taking the pipeline offline.,credit_scoring,data_pipeline_maintenance,infrastructure,73,medium,2,26614,26842,negation,,repo
task_000765,proj_00085,"Check the pipeline logs, then patch the schema change that broke the loan applications dataset ingestion.",credit_scoring,data_pipeline_maintenance,infrastructure,64,low,1,28649,28986,multi_step,,repo
task_000766,proj_00086,Set up an automated pipeline to pull new records into the social media comments dataset.,sentiment_analysis,data_collection,data_preparation,53,low,1,70700,71259,standard,,repo
task_000767,proj_00086,Clean missing values in the social media comments dataset before training the naive Bayes classifier.,sentiment_analysis,data_cleaning,data_preparation,228,medium,2,71950,72518,standard,task_000766,repo
task_000768,proj_00086,"Compute summary statistics for the social media comments dataset, then visualise how complaint category moves over time.",sentiment_analysis,exploratory_data_analysis,analysis,139,high,3,73034,73338,multi_step,task_000767,repo
task_000769,proj_00086,Test whether adding topic distribution-derived features improves signal for complaint category.,sentiment_analysis,feature_engineering,analysis,300,high,3,73927,74354,standard,task_000768,repo
task_000770,proj_00086,Retrain the naive Bayes classifier after incorporating the new features.,sentiment_analysis,model_training,modelling,277,low,1,74659,76153,standard,task_000769,repo
task_000771,proj_00086,Assessing whether the naive Bayes classifier meets the required performance threshold.,sentiment_analysis,model_evaluation,modelling,102,medium,2,75150,75650,standard,task_000770,repo
task_000772,proj_00086,Debug a training failure encountered while fitting the naive Bayes classifier.,sentiment_analysis,model_training,modelling,156,low,1,76001,76411,standard,task_000771,repo
task_000773,proj_00086,The naive Bayes classifier was fine last month and now it isn't.,sentiment_analysis,model_evaluation,modelling,60,medium,2,77199,77571,ambiguous,task_000772,repo
task_000774,proj_00086,Write handover notes for the social media comments dataset project.,sentiment_analysis,reporting_documentation,reporting,110,low,1,78554,79122,standard,task_000773,repo
task_000775,proj_00086,Refactor the ingestion pipeline for the social media comments dataset to reduce runtime.,sentiment_analysis,data_pipeline_maintenance,infrastructure,48,high,3,83616,83802,standard,,repo
task_000776,proj_00087,"First query the production database, then consolidate the extracts into the hospital admissions dataset.",healthcare_readmission,data_collection,data_preparation,173,medium,2,63619,64041,multi_step,,repo
task_000777,proj_00087,Clean the hospital admissions dataset for length of stay modelling without altering the original source files.,healthcare_readmission,data_cleaning,data_preparation,228,medium,2,64262,64680,negation,task_000776,repo
task_000778,proj_00087,Check for seasonality patterns related to discharge disposition in the hospital admissions dataset.,healthcare_readmission,exploratory_data_analysis,analysis,236,low,1,65627,66434,standard,task_000777,repo
task_000779,proj_00087,Generate embeddings to represent discharge disposition for the logistic regression model.,healthcare_readmission,feature_engineering,analysis,190,medium,2,65847,66330,standard,task_000778,repo
task_000780,proj_00087,Fit the logistic regression model on the prepared hospital admissions dataset.,healthcare_readmission,model_training,modelling,142,medium,2,66989,67576,standard,task_000779,repo
task_000781,proj_00087,Assessing whether the logistic regression model meets the required performance threshold.,healthcare_readmission,model_evaluation,modelling,67,medium,2,67014,67508,standard,task_000780,repo
task_000782,proj_00087,Updating the project README with the latest hospital admissions dataset schema.,healthcare_readmission,reporting_documentation,reporting,46,low,1,67920,68965,standard,task_000781,repo
task_000783,proj_00088,Check where the patient records dataset is actually coming from.,healthcare_readmission,data_collection,data_preparation,142,low,1,7904,9347,ambiguous,,repo
task_000784,proj_00088,Impute missing values for discharge disposition using an appropriate strategy.,healthcare_readmission,data_cleaning,data_preparation,38,medium,2,8504,8923,standard,task_000783,repo
task_000785,proj_00088,Visualise trends in length of stay over time using the patient records dataset.,healthcare_readmission,exploratory_data_analysis,analysis,202,low,1,9575,10090,standard,task_000784,repo
task_000786,proj_00088,Test whether adding discharge disposition-derived features improves signal for length of stay.,healthcare_readmission,feature_engineering,analysis,227,low,1,10326,11115,standard,task_000785,repo
task_000787,proj_00088,Debug a training failure encountered while fitting the logistic regression model.,healthcare_readmission,model_training,modelling,264,medium,2,10518,11104,standard,task_000786,repo
task_000788,proj_00088,Validate the logistic regression model on out-of-time data before deployment.,healthcare_readmission,model_evaluation,modelling,162,low,1,11363,11905,standard,task_000787,repo
task_000789,proj_00088,Summarise the logistic regression model results for management without including technical detail.,healthcare_readmission,reporting_documentation,reporting,173,high,3,11562,11854,negation,task_000788,repo
task_000790,proj_00088,Resolve a data freshness issue affecting the patient records dataset.,healthcare_readmission,data_pipeline_maintenance,infrastructure,92,high,3,16591,16829,standard,,repo
task_000791,proj_00088,Investigate a failed run in the patient records dataset ingestion pipeline.,healthcare_readmission,data_pipeline_maintenance,infrastructure,48,low,1,20767,22091,standard,,repo
task_000792,proj_00089,Validate that the payments dataset covers the full required time range.,fraud_detection,data_collection,data_preparation,143,high,3,34892,35209,standard,,repo
task_000793,proj_00089,Filter out invalid or corrupted rows from the payments dataset.,fraud_detection,data_cleaning,data_preparation,223,medium,2,35897,36474,standard,task_000792,repo
task_000794,proj_00089,Segment the payments dataset first and afterwards compare transaction frequency across the segments.,fraud_detection,exploratory_data_analysis,analysis,195,high,3,37307,37655,multi_step,task_000793,repo
task_000795,proj_00089,Debug a training failure encountered while fitting the autoencoder model.,fraud_detection,model_training,modelling,94,medium,2,37560,37886,standard,task_000794,repo
task_000796,proj_00089,Investigate a drop in autoencoder model recall after the last payments dataset update.,fraud_detection,model_evaluation,modelling,110,medium,2,38961,39371,standard,task_000795,repo
task_000797,proj_00089,Document the data preparation steps applied to the payments dataset.,fraud_detection,reporting_documentation,reporting,97,low,1,40033,40560,standard,task_000796,repo
task_000798,proj_00089,Monitor data quality alerts for the payments dataset pipeline.,fraud_detection,data_pipeline_maintenance,infrastructure,85,high,3,44982,45218,standard,,repo
task_000799,proj_00089,Resolve the freshness issue in the payments dataset without changing the ingestion schedule.,fraud_detection,data_pipeline_maintenance,infrastructure,42,high,3,44060,44200,negation,,repo
task_000800,proj_00089,Add monitoring for a recurring failure in the payments dataset pipeline.,fraud_detection,data_pipeline_maintenance,infrastructure,78,high,3,39765,39933,standard,,repo
task_000801,proj_00090,Set up an automated pipeline to pull new records into the internal reports dataset.,text_summarisation,data_collection,data_preparation,50,medium,2,20679,21188,standard,,repo
task_000802,proj_00090,Clean missing values in the internal reports dataset before training the fine-tuned summarisation model.,text_summarisation,data_cleaning,data_preparation,225,high,3,21702,21967,standard,task_000801,repo
task_000803,proj_00090,Get a first key topic extraction baseline without tuning the fine-tuned summarisation model at all.,text_summarisation,model_training,modelling,221,medium,2,22704,23339,negation,task_000802,repo
task_000804,proj_00090,Check whether the fine-tuned summarisation model is actually any good on key topic extraction.,text_summarisation,model_evaluation,modelling,76,high,3,23281,23517,ambiguous,task_000803,repo
task_000805,proj_00090,"Update the README with the new internal reports dataset schema, then draft the fine-tuned summarisation model release notes.",text_summarisation,reporting_documentation,reporting,86,medium,2,23869,24140,multi_step,task_000804,repo
task_000806,proj_00091,Set up an automated pipeline to pull new records into the warehouse inventory dataset.,supply_chain_optimisation,data_collection,data_preparation,162,low,1,23862,24281,standard,,repo
task_000807,proj_00091,Impute missing values for lead time using an appropriate strategy.,supply_chain_optimisation,data_cleaning,data_preparation,127,medium,2,23901,24314,standard,task_000806,repo
task_000808,proj_00091,Summarising key findings from the exploratory analysis of the warehouse inventory dataset.,supply_chain_optimisation,exploratory_data_analysis,analysis,92,medium,2,24656,24989,standard,task_000807,repo
task_000809,proj_00091,The inputs to the random forest regressor need rethinking.,supply_chain_optimisation,feature_engineering,analysis,216,medium,2,25222,25652,ambiguous,task_000808,repo
task_000810,proj_00091,"First fit the random forest regressor on a sample, then run the full training on the warehouse inventory dataset.",supply_chain_optimisation,model_training,modelling,167,medium,2,26258,26735,multi_step,task_000809,repo
task_000811,proj_00091,"Score the random forest regressor on the held-out split, then run an error analysis on the failures.",supply_chain_optimisation,model_evaluation,modelling,101,medium,2,27020,27533,multi_step,task_000810,repo
task_000812,proj_00091,Prepare a one-page summary of random forest regressor results for management.,supply_chain_optimisation,reporting_documentation,reporting,55,medium,2,27303,27598,standard,task_000811,repo
task_000813,proj_00091,Add monitoring for a recurring failure in the warehouse inventory dataset pipeline.,supply_chain_optimisation,data_pipeline_maintenance,infrastructure,33,high,3,35391,35492,standard,,repo
task_000814,proj_00091,Investigate a failed run in the warehouse inventory dataset ingestion pipeline.,supply_chain_optimisation,data_pipeline_maintenance,infrastructure,37,medium,2,38409,38634,standard,,repo
task_000815,proj_00091,Fix the failing warehouse inventory dataset job without taking the pipeline offline.,supply_chain_optimisation,data_pipeline_maintenance,infrastructure,115,medium,2,39852,40215,negation,,repo
task_000816,proj_00092,Set up an automated pipeline to pull new records into the shipment tracking dataset.,supply_chain_optimisation,data_collection,data_preparation,145,medium,2,63764,64162,standard,,repo
task_000817,proj_00092,Clean the shipment tracking dataset for delivery delay modelling without altering the original source files.,supply_chain_optimisation,data_cleaning,data_preparation,173,medium,2,64518,64942,negation,task_000816,repo
task_000818,proj_00092,Explore the distribution of lead time in the shipment tracking dataset.,supply_chain_optimisation,exploratory_data_analysis,analysis,150,low,1,65237,66034,standard,task_000817,repo
task_000819,proj_00092,Training a mixed-integer optimisation model from scratch on the updated shipment tracking dataset.,supply_chain_optimisation,model_training,modelling,205,medium,2,66433,67102,standard,task_000818,repo
task_000820,proj_00092,Check whether the mixed-integer optimisation model is actually any good on delivery delay.,supply_chain_optimisation,model_evaluation,modelling,144,high,3,67493,67764,ambiguous,task_000819,repo
task_000821,proj_00092,Summarise the mixed-integer optimisation model results for management without including technical detail.,supply_chain_optimisation,reporting_documentation,reporting,148,medium,2,68764,69106,negation,task_000820,repo
task_000822,proj_00092,"First add monitoring for the recurring failure, then refactor the shipment tracking dataset ingestion.",supply_chain_optimisation,data_pipeline_maintenance,infrastructure,95,medium,2,73515,73937,multi_step,,repo
task_000823,proj_00093,We're short on records for the network traffic dataset — sort it out.,network_intrusion_detection,data_collection,data_preparation,122,medium,2,52403,52911,ambiguous,,repo
task_000824,proj_00093,"First fix the encoding issues in the network traffic dataset, then reconcile the mismatched identifiers.",network_intrusion_detection,data_cleaning,data_preparation,72,low,1,53340,53699,multi_step,task_000823,repo
task_000825,proj_00093,Test whether adding protocol type-derived features improves signal for malicious traffic.,network_intrusion_detection,feature_engineering,analysis,229,low,1,53611,54243,standard,task_000824,repo
task_000826,proj_00093,Training a random forest classifier from scratch on the updated network traffic dataset.,network_intrusion_detection,model_training,modelling,263,low,1,54057,54690,standard,task_000825,repo
task_000827,proj_00093,"Compute precision, recall and F1 for malicious traffic predictions.",network_intrusion_detection,model_evaluation,modelling,36,high,3,55041,55241,standard,task_000826,repo
task_000828,proj_00093,Retrain the random forest classifier after incorporating the new features.,network_intrusion_detection,model_training,modelling,194,high,3,55226,55471,standard,task_000827,repo
task_000829,proj_00093,"Score the random forest classifier on the held-out split, then run an error analysis on the failures.",network_intrusion_detection,model_evaluation,modelling,109,medium,2,56582,56956,multi_step,task_000828,repo
task_000830,proj_00093,Run cross-validation while training the random forest classifier on the network traffic dataset.,network_intrusion_detection,model_training,modelling,127,medium,2,57504,57838,standard,task_000829,repo
task_000831,proj_00093,"Compute precision, recall and F1 for malicious traffic predictions.",network_intrusion_detection,model_evaluation,modelling,121,high,3,57577,57811,standard,task_000830,repo
task_000832,proj_00093,They want something on malicious traffic for tomorrow.,network_intrusion_detection,reporting_documentation,reporting,168,high,3,58567,58905,ambiguous,task_000831,repo
task_000833,proj_00093,Restart and verify the network traffic dataset pipeline after a maintenance window.,network_intrusion_detection,data_pipeline_maintenance,infrastructure,90,medium,2,56260,56793,standard,,repo
task_000834,proj_00093,"First add monitoring for the recurring failure, then refactor the network traffic dataset ingestion.",network_intrusion_detection,data_pipeline_maintenance,infrastructure,82,medium,2,70313,70788,multi_step,,repo
task_000835,proj_00093,Resolve the freshness issue in the network traffic dataset without changing the ingestion schedule.,network_intrusion_detection,data_pipeline_maintenance,infrastructure,76,medium,2,61979,62220,negation,,repo
task_000836,proj_00094,Extract records for the credit bureau dataset without pulling any personally identifiable fields.,credit_scoring,data_collection,data_preparation,150,medium,2,18584,19206,negation,,repo
task_000837,proj_00094,Something's wrong with repayment history in the credit bureau dataset.,credit_scoring,data_cleaning,data_preparation,106,low,1,19606,20833,ambiguous,task_000836,repo
task_000838,proj_00094,Fine-tune the XGBoost model on a recent snapshot of the credit bureau dataset.,credit_scoring,model_training,modelling,63,medium,2,20220,20499,standard,task_000837,repo
task_000839,proj_00094,"Evaluate the XGBoost model on the credit bureau dataset, then check fairness across the main segments.",credit_scoring,model_evaluation,modelling,131,medium,2,21078,21659,multi_step,task_000838,repo
task_000840,proj_00094,"Update the README with the new credit bureau dataset schema, then draft the XGBoost model release notes.",credit_scoring,reporting_documentation,reporting,86,low,1,21891,23081,multi_step,task_000839,repo
task_000841,proj_00094,Refactor the ingestion pipeline for the credit bureau dataset to reduce runtime.,credit_scoring,data_pipeline_maintenance,infrastructure,51,medium,2,34793,35236,standard,,repo
task_000842,proj_00095,Check where the experiment exposure dataset is actually coming from.,ab_testing_analysis,data_collection,data_preparation,78,low,1,59917,60546,ambiguous,,repo
task_000843,proj_00095,Clean missing values in the experiment exposure dataset before training the Bayesian A/B testing model.,ab_testing_analysis,data_cleaning,data_preparation,77,high,3,60033,60212,standard,task_000842,repo
task_000844,proj_00095,Reduce dimensionality of the experiment exposure dataset using feature selection.,ab_testing_analysis,feature_engineering,analysis,243,medium,2,60599,60966,standard,task_000843,repo
task_000845,proj_00095,Establishing a baseline Bayesian A/B testing model for statistical significance prediction.,ab_testing_analysis,model_training,modelling,137,low,1,61090,61911,standard,task_000844,repo
task_000846,proj_00095,"Evaluate the Bayesian A/B testing model on the experiment exposure dataset, then check fairness across the main segments.",ab_testing_analysis,model_evaluation,modelling,109,high,3,61805,62071,multi_step,task_000845,repo
task_000847,proj_00095,They want something on statistical significance for tomorrow.,ab_testing_analysis,reporting_documentation,reporting,38,low,1,62580,63157,ambiguous,task_000846,repo
task_000848,proj_00096,Merge multiple data extracts into a single defect inspection image dataset.,image_classification,data_collection,data_preparation,128,medium,2,1917,2391,standard,,repo
task_000849,proj_00096,Handle missing observations in the defect inspection image dataset to prepare it for product category modelling.,image_classification,data_cleaning,data_preparation,80,medium,2,2438,2686,standard,task_000848,repo
task_000850,proj_00096,Generate embeddings to represent edge features for the vision transformer model.,image_classification,feature_engineering,analysis,181,medium,2,3520,3980,standard,task_000849,repo
task_000851,proj_00096,Training a vision transformer model from scratch on the updated defect inspection image dataset.,image_classification,model_training,modelling,81,high,3,4196,4447,standard,task_000850,repo
task_000852,proj_00096,Compare the vision transformer model against a previous version on the defect inspection image dataset.,image_classification,model_evaluation,modelling,94,medium,2,5277,5643,standard,task_000851,repo
task_000853,proj_00096,Get a first product category baseline without tuning the vision transformer model at all.,image_classification,model_training,modelling,86,high,3,5698,5869,negation,task_000852,repo
task_000854,proj_00096,Investigate a drop in vision transformer model recall after the last defect inspection image dataset update.,image_classification,model_evaluation,modelling,141,medium,2,5944,6290,standard,task_000853,repo
task_000855,proj_00096,Retrain the vision transformer model after incorporating the new features.,image_classification,model_training,modelling,262,high,3,6524,6818,standard,task_000854,repo
task_000856,proj_00096,Check whether the vision transformer model is actually any good on product category.,image_classification,model_evaluation,modelling,69,medium,2,6625,6859,ambiguous,task_000855,repo
task_000857,proj_00096,Document known limitations of the current vision transformer model.,image_classification,reporting_documentation,reporting,157,low,1,7149,8239,standard,task_000856,repo
task_000858,proj_00097,Requesting access to a new data source needed for the subscription churn dataset.,customer_churn,data_collection,data_preparation,35,medium,2,46436,46774,standard,,repo
task_000859,proj_00097,Reconcile mismatched identifiers between two versions of the subscription churn dataset.,customer_churn,data_cleaning,data_preparation,40,medium,2,46726,47110,standard,task_000858,repo
task_000860,proj_00097,Retrain the logistic regression model on the subscription churn dataset without changing the current hyperparameters.,customer_churn,model_training,modelling,337,high,3,47885,48300,negation,task_000859,repo
task_000861,proj_00097,Check the logistic regression model for fairness across segments of the subscription churn dataset.,customer_churn,model_evaluation,modelling,169,medium,2,49060,49588,standard,task_000860,repo
task_000862,proj_00097,Document known limitations of the current logistic regression model.,customer_churn,reporting_documentation,reporting,47,medium,2,49638,50035,standard,task_000861,repo
task_000863,proj_00097,Resolve the freshness issue in the subscription churn dataset without changing the ingestion schedule.,customer_churn,data_pipeline_maintenance,infrastructure,73,low,1,54152,55501,negation,,repo
task_000864,proj_00097,Restart and verify the subscription churn dataset pipeline after a maintenance window.,customer_churn,data_pipeline_maintenance,infrastructure,17,medium,2,57943,58266,standard,,repo
task_000865,proj_00098,Extract records for the conversion funnel dataset without pulling any personally identifiable fields.,ab_testing_analysis,data_collection,data_preparation,112,low,1,72611,73622,negation,,repo
task_000866,proj_00098,Detect and treat outliers in exposure group within the conversion funnel dataset.,ab_testing_analysis,data_cleaning,data_preparation,163,medium,2,72852,73157,standard,task_000865,repo
task_000867,proj_00098,Run a first exploratory pass over the conversion funnel dataset to understand its structure.,ab_testing_analysis,exploratory_data_analysis,analysis,53,low,1,73132,74419,standard,task_000866,repo
task_000868,proj_00098,Deriving interaction terms between exposure group and other variables.,ab_testing_analysis,feature_engineering,analysis,68,medium,2,73539,73925,standard,task_000867,repo
task_000869,proj_00098,Give the causal inference model another run with the latest conversion funnel dataset.,ab_testing_analysis,model_training,modelling,329,high,3,74901,75325,ambiguous,task_000868,repo
task_000870,proj_00098,Compare the causal inference model against the previous version without retraining either of them.,ab_testing_analysis,model_evaluation,modelling,86,high,3,75016,75150,negation,task_000869,repo
task_000871,proj_00098,Set up the training pipeline for the causal inference model.,ab_testing_analysis,model_training,modelling,311,high,3,75057,75418,standard,task_000870,repo
task_000872,proj_00098,"Compute precision, recall and F1 for conversion rate uplift predictions.",ab_testing_analysis,model_evaluation,modelling,122,medium,2,76030,76484,standard,task_000871,repo
task_000873,proj_00098,Fit the causal inference model on the prepared conversion funnel dataset.,ab_testing_analysis,model_training,modelling,196,medium,2,76800,77152,standard,task_000872,repo
task_000874,proj_00098,Assessing whether the causal inference model meets the required performance threshold.,ab_testing_analysis,model_evaluation,modelling,85,high,3,77437,77576,standard,task_000873,repo
task_000875,proj_00098,Prepare a one-page summary of causal inference model results for management.,ab_testing_analysis,reporting_documentation,reporting,166,low,1,77659,78460,standard,task_000874,repo
task_000876,proj_00098,Restart and verify the conversion funnel dataset pipeline after a maintenance window.,ab_testing_analysis,data_pipeline_maintenance,infrastructure,86,high,3,90959,91181,standard,,repo
task_000877,proj_00099,Scrape supplementary records to enrich the internal reports dataset.,text_summarisation,data_collection,data_preparation,170,low,1,14000,15101,standard,,repo
task_000878,proj_00099,Fixing encoding issues in the internal reports dataset before further processing.,text_summarisation,data_cleaning,data_preparation,166,high,3,15361,15670,standard,task_000877,repo
task_000879,proj_00099,Assess class imbalance in document category without resampling the internal reports dataset at this stage.,text_summarisation,exploratory_data_analysis,analysis,185,high,3,16097,16395,negation,task_000878,repo
task_000880,proj_00099,"First scale keyword frequency, then check whether the topic model still needs the interaction terms.",text_summarisation,feature_engineering,analysis,255,medium,2,16873,17413,multi_step,task_000879,repo
task_000881,proj_00099,Fine-tune the topic model on a recent snapshot of the internal reports dataset.,text_summarisation,model_training,modelling,348,medium,2,18134,18794,standard,task_000880,repo
task_000882,proj_00099,Produce a confusion matrix summarising topic model performance on document category.,text_summarisation,model_evaluation,modelling,122,high,3,19275,19541,standard,task_000881,repo
task_000883,proj_00099,Document the data preparation steps applied to the internal reports dataset.,text_summarisation,reporting_documentation,reporting,38,high,3,20103,20175,standard,task_000882,repo
task_000884,proj_00099,Investigate a failed run in the internal reports dataset ingestion pipeline.,text_summarisation,data_pipeline_maintenance,infrastructure,53,high,3,23534,23671,standard,,repo
task_000885,proj_00100,Set up an automated pipeline to pull new records into the intrusion detection dataset.,network_intrusion_detection,data_collection,data_preparation,39,low,1,75253,75851,standard,,repo
task_000886,proj_00100,Reconcile mismatched identifiers between two versions of the intrusion detection dataset.,network_intrusion_detection,data_cleaning,data_preparation,123,high,3,75551,75767,standard,task_000885,repo
task_000887,proj_00100,Summarising key findings from the exploratory analysis of the intrusion detection dataset.,network_intrusion_detection,exploratory_data_analysis,analysis,121,low,1,76043,77222,standard,task_000886,repo
task_000888,proj_00100,Generate embeddings to represent protocol type for the gradient boosting model.,network_intrusion_detection,feature_engineering,analysis,247,low,1,77223,78374,standard,task_000887,repo
task_000889,proj_00100,Training a gradient boosting model from scratch on the updated intrusion detection dataset.,network_intrusion_detection,model_training,modelling,309,high,3,78226,78712,standard,task_000888,repo
task_000890,proj_00100,Assess the gradient boosting model on malicious traffic without relying on accuracy as the headline metric.,network_intrusion_detection,model_evaluation,modelling,39,high,3,78436,78652,negation,task_000889,repo
task_000891,proj_00100,Updating the project README with the latest intrusion detection dataset schema.,network_intrusion_detection,reporting_documentation,reporting,44,high,3,79232,79391,standard,task_000890,repo
task_000892,proj_00100,"First add monitoring for the recurring failure, then refactor the intrusion detection dataset ingestion.",network_intrusion_detection,data_pipeline_maintenance,infrastructure,30,high,3,89153,89271,multi_step,,repo
task_000893,proj_00100,Investigate a failed run in the intrusion detection dataset ingestion pipeline.,network_intrusion_detection,data_pipeline_maintenance,infrastructure,96,high,3,94658,94881,standard,,repo
task_000894,proj_00101,Gather historical records to build the subscription churn dataset.,customer_churn,data_collection,data_preparation,130,high,3,29268,29575,standard,,repo
task_000895,proj_00101,Remove duplicate records from the subscription churn dataset.,customer_churn,data_cleaning,data_preparation,86,medium,2,30316,30723,standard,task_000894,repo
task_000896,proj_00101,Identify data quality issues that could affect customer attrition prediction.,customer_churn,exploratory_data_analysis,analysis,131,low,1,30634,32175,standard,task_000895,repo
task_000897,proj_00101,Set up cross-validation and then fit the logistic regression model on the prepared subscription churn dataset.,customer_churn,model_training,modelling,194,low,1,30749,32210,multi_step,task_000896,repo
task_000898,proj_00101,Run an error analysis on the logistic regression model predictions for customer attrition.,customer_churn,model_evaluation,modelling,64,medium,2,31653,31938,standard,task_000897,repo
task_000899,proj_00101,"Update the README with the new subscription churn dataset schema, then draft the logistic regression model release notes.",customer_churn,reporting_documentation,reporting,176,low,1,32667,34156,multi_step,task_000898,repo
task_000900,proj_00101,Monitor data quality alerts for the subscription churn dataset pipeline.,customer_churn,data_pipeline_maintenance,infrastructure,49,high,3,36880,37041,standard,,repo
task_000901,proj_00102,"First query the production database, then consolidate the extracts into the grid load dataset.",energy_consumption,data_collection,data_preparation,143,medium,2,40314,40802,multi_step,,repo
task_000902,proj_00102,Filter out invalid or corrupted rows from the grid load dataset.,energy_consumption,data_cleaning,data_preparation,81,medium,2,40420,40700,standard,task_000901,repo
task_000903,proj_00102,Check for seasonality patterns related to historical load in the grid load dataset.,energy_consumption,exploratory_data_analysis,analysis,234,low,1,40610,41386,standard,task_000902,repo
task_000904,proj_00102,Engineer new features from historical load to improve hourly energy consumption prediction.,energy_consumption,feature_engineering,analysis,147,medium,2,41214,41537,standard,task_000903,repo
task_000905,proj_00102,"The gradient boosting regressor isn't picking anything up, have a go at it.",energy_consumption,model_training,modelling,301,low,1,41853,42822,ambiguous,task_000904,repo
task_000906,proj_00102,Validate the gradient boosting regressor on out-of-time data before deployment.,energy_consumption,model_evaluation,modelling,82,medium,2,42969,43303,standard,task_000905,repo
task_000907,proj_00102,Give the gradient boosting regressor another run with the latest grid load dataset.,energy_consumption,model_training,modelling,132,high,3,44107,44273,ambiguous,task_000906,repo
task_000908,proj_00102,The gradient boosting regressor was fine last month and now it isn't.,energy_consumption,model_evaluation,modelling,41,medium,2,44893,45084,ambiguous,task_000907,repo
task_000909,proj_00102,Write handover notes for the grid load dataset project.,energy_consumption,reporting_documentation,reporting,99,low,1,45489,45845,standard,task_000908,repo
task_000910,proj_00103,"Request access to the new source, then pull an initial extract into the maintenance records dataset.",predictive_maintenance,data_collection,data_preparation,160,high,3,51150,51365,multi_step,,repo
task_000911,proj_00103,Something's wrong with operating hours in the maintenance records dataset.,predictive_maintenance,data_cleaning,data_preparation,182,medium,2,51811,52208,ambiguous,task_000910,repo
task_000912,proj_00103,"There's something odd in the maintenance records dataset, can't put my finger on it.",predictive_maintenance,exploratory_data_analysis,analysis,162,medium,2,52233,52526,ambiguous,task_000911,repo
task_000913,proj_00103,Fine-tune the LSTM survival model on a recent snapshot of the maintenance records dataset.,predictive_maintenance,model_training,modelling,331,medium,2,52329,53030,standard,task_000912,repo
task_000914,proj_00103,Check the LSTM survival model for fairness across segments of the maintenance records dataset.,predictive_maintenance,model_evaluation,modelling,34,medium,2,53149,53483,standard,task_000913,repo
task_000915,proj_00103,Summarise the LSTM survival model results for management without including technical detail.,predictive_maintenance,reporting_documentation,reporting,90,high,3,53891,54139,negation,task_000914,repo
task_000916,proj_00103,Refactor the ingestion pipeline for the maintenance records dataset to reduce runtime.,predictive_maintenance,data_pipeline_maintenance,infrastructure,64,high,3,52693,52794,standard,,repo
task_000917,proj_00103,Refactor the ingestion pipeline for the maintenance records dataset to reduce runtime.,predictive_maintenance,data_pipeline_maintenance,infrastructure,43,low,1,68846,69933,standard,,repo
task_000918,proj_00104,Merge multiple data extracts into a single smart meter dataset.,energy_consumption,data_collection,data_preparation,176,low,1,30678,31733,standard,,repo
task_000919,proj_00104,Treat the outliers in historical load without imputing any values.,energy_consumption,data_cleaning,data_preparation,144,medium,2,31932,32301,negation,task_000918,repo
task_000920,proj_00104,Identify data quality issues that could affect hourly energy consumption prediction.,energy_consumption,exploratory_data_analysis,analysis,193,medium,2,33283,33699,standard,task_000919,repo
task_000921,proj_00104,Improve signal for hourly energy consumption without adding features derived from historical load.,energy_consumption,feature_engineering,analysis,236,medium,2,33580,34204,negation,task_000920,repo
task_000922,proj_00104,"First fit the prophet model on a sample, then run the full training on the smart meter dataset.",energy_consumption,model_training,modelling,134,high,3,33871,34179,multi_step,task_000921,repo
task_000923,proj_00104,Validate the prophet model without touching the held-out test split.,energy_consumption,model_evaluation,modelling,47,medium,2,34209,34436,negation,task_000922,repo
task_000924,proj_00104,Write up the hourly energy consumption results without waiting for the final prophet model run.,energy_consumption,reporting_documentation,reporting,67,medium,2,34601,34951,negation,task_000923,repo
task_000925,proj_00104,Restore the smart meter dataset pipeline without triggering a full historical backfill.,energy_consumption,data_pipeline_maintenance,infrastructure,71,high,3,43284,43455,negation,,repo
task_000926,proj_00104,Add monitoring for a recurring failure in the smart meter dataset pipeline.,energy_consumption,data_pipeline_maintenance,infrastructure,28,low,1,34788,35109,standard,,repo
task_000927,proj_00104,Refactor the ingestion pipeline for the smart meter dataset to reduce runtime.,energy_consumption,data_pipeline_maintenance,infrastructure,92,medium,2,49862,50192,standard,,repo
task_000928,proj_00105,Check where the patient records dataset is actually coming from.,healthcare_readmission,data_collection,data_preparation,125,low,1,67093,68251,ambiguous,,repo
task_000929,proj_00105,Something's wrong with comorbidity count in the patient records dataset.,healthcare_readmission,data_cleaning,data_preparation,65,low,1,68114,68882,ambiguous,task_000928,repo
task_000930,proj_00105,"Compute summary statistics for the patient records dataset, then visualise how 30-day readmission moves over time.",healthcare_readmission,exploratory_data_analysis,analysis,240,high,3,68195,68534,multi_step,task_000929,repo
task_000931,proj_00105,Test whether adding comorbidity count-derived features improves signal for 30-day readmission.,healthcare_readmission,feature_engineering,analysis,250,medium,2,69055,69528,standard,task_000930,repo
task_000932,proj_00105,Establishing a baseline survival analysis model for 30-day readmission prediction.,healthcare_readmission,model_training,modelling,150,high,3,69488,69780,standard,task_000931,repo
task_000933,proj_00105,Check whether the survival analysis model is actually any good on 30-day readmission.,healthcare_readmission,model_evaluation,modelling,113,high,3,70766,70972,ambiguous,task_000932,repo
task_000934,proj_00105,"Update the README with the new patient records dataset schema, then draft the survival analysis model release notes.",healthcare_readmission,reporting_documentation,reporting,40,medium,2,71656,72010,multi_step,task_000933,repo
task_000935,proj_00105,The patient records dataset pipeline has been flaky all week.,healthcare_readmission,data_pipeline_maintenance,infrastructure,97,high,3,78755,78891,ambiguous,,repo
task_000936,proj_00105,Patch a schema change that broke the patient records dataset pipeline.,healthcare_readmission,data_pipeline_maintenance,infrastructure,72,medium,2,82900,83113,standard,,repo
task_000937,proj_00106,We're short on records for the HR records dataset — sort it out.,employee_attrition,data_collection,data_preparation,131,medium,2,25495,25892,ambiguous,,repo
task_000938,proj_00106,Fixing encoding issues in the HR records dataset before further processing.,employee_attrition,data_cleaning,data_preparation,138,low,1,26454,26943,standard,task_000937,repo
task_000939,proj_00106,"There's something odd in the HR records dataset, can't put my finger on it.",employee_attrition,exploratory_data_analysis,analysis,81,medium,2,27882,28413,ambiguous,task_000938,repo
task_000940,proj_00106,Establishing a baseline survival analysis model for resignation risk prediction.,employee_attrition,model_training,modelling,316,low,1,28822,30576,standard,task_000939,repo
task_000941,proj_00106,Run an error analysis on the survival analysis model predictions for resignation risk.,employee_attrition,model_evaluation,modelling,130,medium,2,30262,30742,standard,task_000940,repo
task_000942,proj_00106,Training a survival analysis model from scratch on the updated HR records dataset.,employee_attrition,model_training,modelling,292,medium,2,30328,30843,standard,task_000941,repo
task_000943,proj_00106,Assessing whether the survival analysis model meets the required performance threshold.,employee_attrition,model_evaluation,modelling,94,medium,2,31274,31820,standard,task_000942,repo
task_000944,proj_00106,Draft release notes describing changes to the survival analysis model pipeline.,employee_attrition,reporting_documentation,reporting,53,low,1,31624,32837,standard,task_000943,repo
task_000945,proj_00106,The HR records dataset pipeline has been flaky all week.,employee_attrition,data_pipeline_maintenance,infrastructure,105,medium,2,27679,28165,ambiguous,,repo
task_000946,proj_00106,Restart and verify the HR records dataset pipeline after a maintenance window.,employee_attrition,data_pipeline_maintenance,infrastructure,63,medium,2,44940,45145,standard,,repo
task_000947,proj_00107,Extract records for the A/B test results dataset without pulling any personally identifiable fields.,ab_testing_analysis,data_collection,data_preparation,109,medium,2,7599,8056,negation,,repo
task_000948,proj_00107,Fixing encoding issues in the A/B test results dataset before further processing.,ab_testing_analysis,data_cleaning,data_preparation,60,high,3,8205,8346,standard,task_000947,repo
task_000949,proj_00107,Debug a training failure encountered while fitting the difference-in-differences model.,ab_testing_analysis,model_training,modelling,66,medium,2,8227,8668,standard,task_000948,repo
task_000950,proj_00107,Evaluate the difference-in-differences model on a held-out split of the A/B test results dataset.,ab_testing_analysis,model_evaluation,modelling,156,medium,2,9355,9932,standard,task_000949,repo
task_000951,proj_00107,Nobody knows how the difference-in-differences model works — fix that.,ab_testing_analysis,reporting_documentation,reporting,146,low,1,10720,11268,ambiguous,task_000950,repo
task_000952,proj_00108,Gather historical records to build the social media comments dataset.,sentiment_analysis,data_collection,data_preparation,177,medium,2,5125,5574,standard,,repo
task_000953,proj_00108,Remove duplicate records from the social media comments dataset.,sentiment_analysis,data_cleaning,data_preparation,42,low,1,5818,6465,standard,task_000952,repo
task_000954,proj_00108,Retrain the naive Bayes classifier on the social media comments dataset without changing the current hyperparameters.,sentiment_analysis,model_training,modelling,353,high,3,6163,6591,negation,task_000953,repo
task_000955,proj_00108,Compare the naive Bayes classifier against the previous version without retraining either of them.,sentiment_analysis,model_evaluation,modelling,39,low,1,7110,8001,negation,task_000954,repo
task_000956,proj_00108,"Draft the customer satisfaction findings first, then turn them into slides for stakeholders.",sentiment_analysis,reporting_documentation,reporting,127,medium,2,7786,8251,multi_step,task_000955,repo
task_000957,proj_00109,"The defect inspection image dataset doesn't go back far enough, see what you can do.",image_classification,data_collection,data_preparation,52,low,1,7864,8744,ambiguous,,repo
task_000958,proj_00109,Treat the outliers in colour histogram without imputing any values.,image_classification,data_cleaning,data_preparation,96,medium,2,8753,9288,negation,task_000957,repo
task_000959,proj_00109,Identify data quality issues that could affect product category prediction.,image_classification,exploratory_data_analysis,analysis,202,medium,2,9492,10080,standard,task_000958,repo
task_000960,proj_00109,The inputs to the convolutional neural network need rethinking.,image_classification,feature_engineering,analysis,186,high,3,10801,11076,ambiguous,task_000959,repo
task_000961,proj_00109,Set up the training pipeline for the convolutional neural network.,image_classification,model_training,modelling,60,low,1,11410,12662,standard,task_000960,repo
task_000962,proj_00109,Compare the convolutional neural network against a previous version on the defect inspection image dataset.,image_classification,model_evaluation,modelling,83,high,3,12705,12924,standard,task_000961,repo
task_000963,proj_00109,Fit the convolutional neural network on the prepared defect inspection image dataset.,image_classification,model_training,modelling,230,medium,2,13567,14243,standard,task_000962,repo
task_000964,proj_00109,Evaluate the convolutional neural network on a held-out split of the defect inspection image dataset.,image_classification,model_evaluation,modelling,81,high,3,14016,14192,standard,task_000963,repo
task_000965,proj_00109,Summarise the convolutional neural network results for management without including technical detail.,image_classification,reporting_documentation,reporting,106,medium,2,14169,14560,negation,task_000964,repo
task_000966,proj_00110,Gather the missing records for the payments dataset without hitting production directly.,fraud_detection,data_collection,data_preparation,152,high,3,26121,26312,negation,,repo
task_000967,proj_00110,Standardise column formats across the payments dataset.,fraud_detection,data_cleaning,data_preparation,153,low,1,27458,28794,standard,task_000966,repo
task_000968,proj_00110,Assess class imbalance in anomalous payments without resampling the payments dataset at this stage.,fraud_detection,exploratory_data_analysis,analysis,163,medium,2,28572,29066,negation,task_000967,repo
task_000969,proj_00110,"device fingerprint on its own isn't telling us much, work on it.",fraud_detection,feature_engineering,analysis,136,medium,2,28701,29304,ambiguous,task_000968,repo
task_000970,proj_00110,Train a gradient boosting model to predict anomalous payments using the payments dataset.,fraud_detection,model_training,modelling,166,medium,2,29362,29817,standard,task_000969,repo
task_000971,proj_00110,Assessing whether the gradient boosting model meets the required performance threshold.,fraud_detection,model_evaluation,modelling,68,medium,2,30101,30304,standard,task_000970,repo
task_000972,proj_00110,Set up cross-validation and then fit the gradient boosting model on the prepared payments dataset.,fraud_detection,model_training,modelling,333,high,3,30810,31319,multi_step,task_000971,repo
task_000973,proj_00110,"Score the gradient boosting model on the held-out split, then run an error analysis on the failures.",fraud_detection,model_evaluation,modelling,77,medium,2,32065,32419,multi_step,task_000972,repo
task_000974,proj_00110,Prepare slides presenting the gradient boosting model performance to stakeholders.,fraud_detection,reporting_documentation,reporting,99,low,1,32724,34080,standard,task_000973,repo
task_000975,proj_00110,The payments dataset ingestion job fell over again last night.,fraud_detection,data_pipeline_maintenance,infrastructure,53,low,1,37606,38518,ambiguous,,repo
task_000976,proj_00111,Requesting access to a new data source needed for the user interaction dataset.,recommendation_system,data_collection,data_preparation,117,high,3,65873,66154,standard,,repo
task_000977,proj_00111,Treat the outliers in user embeddings without imputing any values.,recommendation_system,data_cleaning,data_preparation,66,medium,2,66523,66759,negation,task_000976,repo
task_000978,proj_00111,Identify data quality issues that could affect purchase likelihood prediction.,recommendation_system,exploratory_data_analysis,analysis,97,medium,2,67595,68047,standard,task_000977,repo
task_000979,proj_00111,"user embeddings on its own isn't telling us much, work on it.",recommendation_system,feature_engineering,analysis,89,low,1,68403,68822,ambiguous,task_000978,repo
task_000980,proj_00111,Establishing a baseline collaborative filtering model for purchase likelihood prediction.,recommendation_system,model_training,modelling,230,medium,2,69825,70198,standard,task_000979,repo
task_000981,proj_00111,The collaborative filtering model was fine last month and now it isn't.,recommendation_system,model_evaluation,modelling,109,low,1,70051,71039,ambiguous,task_000980,repo
task_000982,proj_00111,Set up the training pipeline for the collaborative filtering model.,recommendation_system,model_training,modelling,224,medium,2,71374,71864,standard,task_000981,repo
task_000983,proj_00111,Validate the collaborative filtering model without touching the held-out test split.,recommendation_system,model_evaluation,modelling,142,high,3,71955,72196,negation,task_000982,repo
task_000984,proj_00111,Training a collaborative filtering model from scratch on the updated user interaction dataset.,recommendation_system,model_training,modelling,200,low,1,72275,73861,standard,task_000983,repo
task_000985,proj_00111,Compare the collaborative filtering model against a previous version on the user interaction dataset.,recommendation_system,model_evaluation,modelling,82,medium,2,73342,73825,standard,task_000984,repo
task_000986,proj_00111,Finalise documentation before closing out the purchase likelihood project.,recommendation_system,reporting_documentation,reporting,66,high,3,74009,74177,standard,task_000985,repo
task_000987,proj_00111,Monitor data quality alerts for the user interaction dataset pipeline.,recommendation_system,data_pipeline_maintenance,infrastructure,54,medium,2,71155,71502,standard,,repo
task_000988,proj_00112,"Request access to the new source, then pull an initial extract into the warehouse inventory dataset.",supply_chain_optimisation,data_collection,data_preparation,75,medium,2,12175,12673,multi_step,,repo
task_000989,proj_00112,"The warehouse inventory dataset looks messy again, deal with it.",supply_chain_optimisation,data_cleaning,data_preparation,187,medium,2,13479,13956,ambiguous,task_000988,repo
task_000990,proj_00112,Produce summary statistics and visualisations for the warehouse inventory dataset.,supply_chain_optimisation,exploratory_data_analysis,analysis,238,medium,2,13899,14547,standard,task_000989,repo
task_000991,proj_00112,Normalise and scale lead time ahead of model training.,supply_chain_optimisation,feature_engineering,analysis,268,high,3,14183,14600,standard,task_000990,repo
task_000992,proj_00112,"The gradient boosting regressor isn't picking anything up, have a go at it.",supply_chain_optimisation,model_training,modelling,218,high,3,14397,14764,ambiguous,task_000991,repo
task_000993,proj_00112,Investigate a drop in gradient boosting regressor recall after the last warehouse inventory dataset update.,supply_chain_optimisation,model_evaluation,modelling,87,low,1,15375,16230,standard,task_000992,repo
task_000994,proj_00112,Set up cross-validation and then fit the gradient boosting regressor on the prepared warehouse inventory dataset.,supply_chain_optimisation,model_training,modelling,153,high,3,16134,16401,multi_step,task_000993,repo
task_000995,proj_00112,"First reproduce the reported gradient boosting regressor metrics, then investigate the drop in recall.",supply_chain_optimisation,model_evaluation,modelling,154,low,1,16814,18181,multi_step,task_000994,repo
task_000996,proj_00112,"Draft the delivery delay findings first, then turn them into slides for stakeholders.",supply_chain_optimisation,reporting_documentation,reporting,152,low,1,17060,17801,multi_step,task_000995,repo
task_000997,proj_00112,Reviewing pipeline logs after an unexpected failure.,supply_chain_optimisation,data_pipeline_maintenance,infrastructure,80,low,1,22710,23249,standard,,repo
task_000998,proj_00112,Monitor data quality alerts for the warehouse inventory dataset pipeline.,supply_chain_optimisation,data_pipeline_maintenance,infrastructure,116,medium,2,21965,22437,standard,,repo
task_000999,proj_00113,Pull the latest records and afterwards check the maintenance records dataset covers the full time range.,predictive_maintenance,data_collection,data_preparation,141,medium,2,28730,29166,multi_step,,repo
task_001000,proj_00113,Filter out invalid or corrupted rows from the maintenance records dataset.,predictive_maintenance,data_cleaning,data_preparation,74,medium,2,29860,30093,standard,task_000999,repo
task_001001,proj_00113,Not sure what's driving remaining useful life — dig into it.,predictive_maintenance,exploratory_data_analysis,analysis,74,medium,2,31050,31481,ambiguous,task_001000,repo
task_001002,proj_00113,Deriving interaction terms between temperature readings and other variables.,predictive_maintenance,feature_engineering,analysis,270,medium,2,31731,32278,standard,task_001001,repo
task_001003,proj_00113,Establishing a baseline random forest classifier for remaining useful life prediction.,predictive_maintenance,model_training,modelling,115,high,3,32577,32819,standard,task_001002,repo
task_001004,proj_00113,Check whether the random forest classifier is actually any good on remaining useful life.,predictive_maintenance,model_evaluation,modelling,45,low,1,33262,33831,ambiguous,task_001003,repo
task_001005,proj_00113,Train a random forest classifier to predict remaining useful life using the maintenance records dataset.,predictive_maintenance,model_training,modelling,135,high,3,34466,34746,standard,task_001004,repo
task_001006,proj_00113,Assess the random forest classifier on remaining useful life without relying on accuracy as the headline metric.,predictive_maintenance,model_evaluation,modelling,129,high,3,35569,35842,negation,task_001005,repo
task_001007,proj_00113,Set up the training pipeline for the random forest classifier.,predictive_maintenance,model_training,modelling,222,medium,2,35984,36673,standard,task_001006,repo
task_001008,proj_00113,"Evaluate the random forest classifier on the maintenance records dataset, then check fairness across the main segments.",predictive_maintenance,model_evaluation,modelling,118,high,3,36622,36919,multi_step,task_001007,repo
task_001009,proj_00113,Put together whatever we have on the maintenance records dataset for the handover.,predictive_maintenance,reporting_documentation,reporting,133,medium,2,36653,37056,ambiguous,task_001008,repo
task_001010,proj_00114,Gather the missing records for the demand forecasting dataset without hitting production directly.,sales_forecasting,data_collection,data_preparation,127,low,1,52972,54230,negation,,repo
task_001011,proj_00114,Impute missing values for store location using an appropriate strategy.,sales_forecasting,data_cleaning,data_preparation,199,low,1,54103,54826,standard,task_001010,repo
task_001012,proj_00114,"Create the lagged variables from store location, then aggregate them at project level.",sales_forecasting,feature_engineering,analysis,275,high,3,54503,54914,multi_step,task_001011,repo
task_001013,proj_00114,Retrain the gradient boosting regressor on the demand forecasting dataset without changing the current hyperparameters.,sales_forecasting,model_training,modelling,124,low,1,54833,55343,negation,task_001012,repo
task_001014,proj_00114,Evaluate the gradient boosting regressor on a held-out split of the demand forecasting dataset.,sales_forecasting,model_evaluation,modelling,66,high,3,56175,56395,standard,task_001013,repo
task_001015,proj_00114,"First fit the gradient boosting regressor on a sample, then run the full training on the demand forecasting dataset.",sales_forecasting,model_training,modelling,129,low,1,57537,58757,multi_step,task_001014,repo
task_001016,proj_00114,"Evaluate the gradient boosting regressor on the demand forecasting dataset, then check fairness across the main segments.",sales_forecasting,model_evaluation,modelling,76,medium,2,58485,58898,multi_step,task_001015,repo
task_001017,proj_00114,"The gradient boosting regressor isn't picking anything up, have a go at it.",sales_forecasting,model_training,modelling,256,medium,2,59630,60101,ambiguous,task_001016,repo
task_001018,proj_00114,Evaluate the gradient boosting regressor on a held-out split of the demand forecasting dataset.,sales_forecasting,model_evaluation,modelling,177,medium,2,60514,60932,standard,task_001017,repo
task_001019,proj_00114,Finalise documentation before closing out the weekly sales volume project.,sales_forecasting,reporting_documentation,reporting,135,high,3,61556,61868,standard,task_001018,repo
task_001020,proj_00114,Fix a broken scheduled job feeding the demand forecasting dataset.,sales_forecasting,data_pipeline_maintenance,infrastructure,87,medium,2,52773,53168,standard,,repo
task_001021,proj_00114,"The demand forecasting dataset numbers look stale, find out why.",sales_forecasting,data_pipeline_maintenance,infrastructure,103,low,1,55385,56806,ambiguous,,repo
task_001022,proj_00115,Extract records for the intrusion detection dataset without pulling any personally identifiable fields.,network_intrusion_detection,data_collection,data_preparation,43,high,3,71875,72084,negation,,repo
task_001023,proj_00115,Something's wrong with packet size in the intrusion detection dataset.,network_intrusion_detection,data_cleaning,data_preparation,146,medium,2,71912,72418,ambiguous,task_001022,repo
task_001024,proj_00115,Assess class imbalance in intrusion type without resampling the intrusion detection dataset at this stage.,network_intrusion_detection,exploratory_data_analysis,analysis,152,low,1,73102,74097,negation,task_001023,repo
task_001025,proj_00115,Build aggregated features summarising packet size at the project level.,network_intrusion_detection,feature_engineering,analysis,69,medium,2,73709,74203,standard,task_001024,repo
task_001026,proj_00115,Debug a training failure encountered while fitting the gradient boosting model.,network_intrusion_detection,model_training,modelling,91,high,3,74346,74615,standard,task_001025,repo
task_001027,proj_00115,"Compute precision, recall and F1 for intrusion type predictions.",network_intrusion_detection,model_evaluation,modelling,104,high,3,74707,74847,standard,task_001026,repo
task_001028,proj_00115,Give the gradient boosting model another run with the latest intrusion detection dataset.,network_intrusion_detection,model_training,modelling,102,low,1,75309,75808,ambiguous,task_001027,repo
task_001029,proj_00115,Produce a confusion matrix summarising gradient boosting model performance on intrusion type.,network_intrusion_detection,model_evaluation,modelling,63,high,3,75893,76056,standard,task_001028,repo
task_001030,proj_00115,Document the data preparation steps applied to the intrusion detection dataset.,network_intrusion_detection,reporting_documentation,reporting,58,medium,2,76434,76914,standard,task_001029,repo
task_001031,proj_00115,Resolve the freshness issue in the intrusion detection dataset without changing the ingestion schedule.,network_intrusion_detection,data_pipeline_maintenance,infrastructure,118,low,1,85308,86149,negation,,repo
task_001032,proj_00116,Pull the latest records and afterwards check the loan applications dataset covers the full time range.,credit_scoring,data_collection,data_preparation,128,low,1,21234,22503,multi_step,,repo
task_001033,proj_00116,Fixing encoding issues in the loan applications dataset before further processing.,credit_scoring,data_cleaning,data_preparation,83,medium,2,22554,22933,standard,task_001032,repo
task_001034,proj_00116,Summarising key findings from the exploratory analysis of the loan applications dataset.,credit_scoring,exploratory_data_analysis,analysis,238,high,3,22680,22961,standard,task_001033,repo
task_001035,proj_00116,See if we can squeeze more out of repayment history for repayment probability.,credit_scoring,feature_engineering,analysis,162,medium,2,23038,23563,ambiguous,task_001034,repo
task_001036,proj_00116,Fine-tune the logistic regression model on a recent snapshot of the loan applications dataset.,credit_scoring,model_training,modelling,254,high,3,24143,24526,standard,task_001035,repo
task_001037,proj_00116,Produce a confusion matrix summarising logistic regression model performance on repayment probability.,credit_scoring,model_evaluation,modelling,67,medium,2,25129,25538,standard,task_001036,repo
task_001038,proj_00116,Summarise the logistic regression model results for management without including technical detail.,credit_scoring,reporting_documentation,reporting,144,low,1,25168,26198,negation,task_001037,repo
task_001039,proj_00117,Validate that the payments dataset covers the full required time range.,fraud_detection,data_collection,data_preparation,179,low,1,35223,36137,standard,,repo
task_001040,proj_00117,Impute missing values for device fingerprint using an appropriate strategy.,fraud_detection,data_cleaning,data_preparation,163,medium,2,36614,37250,standard,task_001039,repo
task_001041,proj_00117,Assess class imbalance in fraud risk without resampling the payments dataset at this stage.,fraud_detection,exploratory_data_analysis,analysis,185,low,1,36997,37439,negation,task_001040,repo
task_001042,proj_00117,Engineer new features from device fingerprint to improve fraud risk prediction.,fraud_detection,feature_engineering,analysis,165,low,1,37151,37768,standard,task_001041,repo
task_001043,proj_00117,"The gradient boosting model isn't picking anything up, have a go at it.",fraud_detection,model_training,modelling,239,medium,2,38569,39073,ambiguous,task_001042,repo
task_001044,proj_00117,Validate the gradient boosting model on out-of-time data before deployment.,fraud_detection,model_evaluation,modelling,38,low,1,39099,39565,standard,task_001043,repo
task_001045,proj_00117,Set up the training pipeline for the gradient boosting model.,fraud_detection,model_training,modelling,122,high,3,39230,39412,standard,task_001044,repo
task_001046,proj_00117,Run an error analysis on the gradient boosting model predictions for fraud risk.,fraud_detection,model_evaluation,modelling,126,high,3,39421,39721,standard,task_001045,repo
task_001047,proj_00117,Retrain the gradient boosting model after incorporating the new features.,fraud_detection,model_training,modelling,154,medium,2,39814,40327,standard,task_001046,repo
task_001048,proj_00117,Assessing whether the gradient boosting model meets the required performance threshold.,fraud_detection,model_evaluation,modelling,146,high,3,41181,41427,standard,task_001047,repo
task_001049,proj_00117,Write up the fraud risk results without waiting for the final gradient boosting model run.,fraud_detection,reporting_documentation,reporting,95,low,1,42070,42556,negation,task_001048,repo
task_001050,proj_00117,"Check the pipeline logs, then patch the schema change that broke the payments dataset ingestion.",fraud_detection,data_pipeline_maintenance,infrastructure,64,medium,2,37051,37265,multi_step,,repo
task_001051,proj_00117,Refactor the ingestion pipeline for the payments dataset to reduce runtime.,fraud_detection,data_pipeline_maintenance,infrastructure,37,medium,2,43468,43876,standard,,repo
task_001052,proj_00118,Set up an automated pipeline to pull new records into the HR records dataset.,employee_attrition,data_collection,data_preparation,143,medium,2,56987,57302,standard,,repo
task_001053,proj_00118,Remove duplicate records from the HR records dataset.,employee_attrition,data_cleaning,data_preparation,48,medium,2,57073,57369,standard,task_001052,repo
task_001054,proj_00118,Explore the distribution of performance rating in the HR records dataset.,employee_attrition,exploratory_data_analysis,analysis,172,low,1,58001,58414,standard,task_001053,repo
task_001055,proj_00118,Set up cross-validation and then fit the gradient boosting model on the prepared HR records dataset.,employee_attrition,model_training,modelling,196,low,1,58093,59204,multi_step,task_001054,repo
task_001056,proj_00118,Evaluate the gradient boosting model on a held-out split of the HR records dataset.,employee_attrition,model_evaluation,modelling,161,high,3,58909,59225,standard,task_001055,repo
task_001057,proj_00118,"First collect the gradient boosting model results, then prepare a one-page summary for management.",employee_attrition,reporting_documentation,reporting,133,medium,2,59903,60191,multi_step,task_001056,repo
task_001058,proj_00118,"Check the pipeline logs, then patch the schema change that broke the HR records dataset ingestion.",employee_attrition,data_pipeline_maintenance,infrastructure,103,high,3,56633,56889,multi_step,,repo
task_001059,proj_00119,Gather the missing records for the payments dataset without hitting production directly.,fraud_detection,data_collection,data_preparation,50,medium,2,12646,12964,negation,,repo
task_001060,proj_00119,Impute missing values for transaction frequency using an appropriate strategy.,fraud_detection,data_cleaning,data_preparation,75,medium,2,13987,14378,standard,task_001059,repo
task_001061,proj_00119,Compare transaction frequency distributions across different segments of the payments dataset.,fraud_detection,exploratory_data_analysis,analysis,121,medium,2,15355,15650,standard,task_001060,repo
task_001062,proj_00119,"Encode the categorical variables, then test whether they improve fraud risk prediction.",fraud_detection,feature_engineering,analysis,184,low,1,16661,17981,multi_step,task_001061,repo
task_001063,proj_00119,Run cross-validation while training the gradient boosting model on the payments dataset.,fraud_detection,model_training,modelling,78,low,1,17064,17870,standard,task_001062,repo
task_001064,proj_00119,"Score the gradient boosting model on the held-out split, then run an error analysis on the failures.",fraud_detection,model_evaluation,modelling,46,high,3,18080,18234,multi_step,task_001063,repo
task_001065,proj_00119,They want something on fraud risk for tomorrow.,fraud_detection,reporting_documentation,reporting,34,low,1,19118,19506,ambiguous,task_001064,repo
task_001066,proj_00119,"Check the pipeline logs, then patch the schema change that broke the payments dataset ingestion.",fraud_detection,data_pipeline_maintenance,infrastructure,30,low,1,13285,14626,multi_step,,repo
task_001067,proj_00119,Reviewing pipeline logs after an unexpected failure.,fraud_detection,data_pipeline_maintenance,infrastructure,109,medium,2,26902,27167,standard,,repo
task_001068,proj_00120,Gather historical records to build the customer retention dataset.,customer_churn,data_collection,data_preparation,108,medium,2,2249,2526,standard,,repo
task_001069,proj_00120,Fixing encoding issues in the customer retention dataset before further processing.,customer_churn,data_cleaning,data_preparation,181,low,1,3198,3836,standard,task_001068,repo
task_001070,proj_00120,Not sure what's driving customer churn — dig into it.,customer_churn,exploratory_data_analysis,analysis,197,medium,2,3446,3875,ambiguous,task_001069,repo
task_001071,proj_00120,Generate embeddings to represent tenure for the gradient boosting model.,customer_churn,feature_engineering,analysis,169,medium,2,3590,4226,standard,task_001070,repo
task_001072,proj_00120,Fit the gradient boosting model on the customer retention dataset without using the tenure column.,customer_churn,model_training,modelling,121,high,3,4428,4726,negation,task_001071,repo
task_001073,proj_00120,Run an error analysis on the gradient boosting model predictions for customer churn.,customer_churn,model_evaluation,modelling,112,high,3,5560,5756,standard,task_001072,repo
task_001074,proj_00120,Training a gradient boosting model from scratch on the updated customer retention dataset.,customer_churn,model_training,modelling,231,low,1,5668,6699,standard,task_001073,repo
task_001075,proj_00120,"Evaluate the gradient boosting model on the customer retention dataset, then check fairness across the main segments.",customer_churn,model_evaluation,modelling,73,high,3,5972,6216,multi_step,task_001074,repo
task_001076,proj_00120,They want something on customer churn for tomorrow.,customer_churn,reporting_documentation,reporting,92,high,3,6324,6456,ambiguous,task_001075,repo
task_001077,proj_00120,"Check the pipeline logs, then patch the schema change that broke the customer retention dataset ingestion.",customer_churn,data_pipeline_maintenance,infrastructure,114,low,1,5157,6508,multi_step,,repo
task_001078,proj_00121,Retrieving additional records is required to complete the transaction dataset.,fraud_detection,data_collection,data_preparation,99,medium,2,17069,17498,standard,,repo
task_001079,proj_00121,Fixing encoding issues in the transaction dataset before further processing.,fraud_detection,data_cleaning,data_preparation,186,medium,2,17573,18184,standard,task_001078,repo
task_001080,proj_00121,Not sure what's driving fraudulent transactions — dig into it.,fraud_detection,exploratory_data_analysis,analysis,201,high,3,17956,18264,ambiguous,task_001079,repo
task_001081,proj_00121,"First scale transaction amount, then check whether the isolation forest model still needs the interaction terms.",fraud_detection,feature_engineering,analysis,61,medium,2,18683,18962,multi_step,task_001080,repo
task_001082,proj_00121,"Whatever we did last time to the isolation forest model, do it again with the new data.",fraud_detection,model_training,modelling,108,high,3,18938,19214,ambiguous,task_001081,repo
task_001083,proj_00121,Investigate a drop in isolation forest model recall after the last transaction dataset update.,fraud_detection,model_evaluation,modelling,148,high,3,19992,20223,standard,task_001082,repo
task_001084,proj_00121,Fit the isolation forest model on the prepared transaction dataset.,fraud_detection,model_training,modelling,159,low,1,20573,21277,standard,task_001083,repo
task_001085,proj_00121,Check whether the isolation forest model is actually any good on fraudulent transactions.,fraud_detection,model_evaluation,modelling,157,low,1,21991,22476,ambiguous,task_001084,repo
task_001086,proj_00121,Get a first fraudulent transactions baseline without tuning the isolation forest model at all.,fraud_detection,model_training,modelling,205,medium,2,22116,22569,negation,task_001085,repo
task_001087,proj_00121,"First reproduce the reported isolation forest model metrics, then investigate the drop in recall.",fraud_detection,model_evaluation,modelling,41,low,1,22815,23203,multi_step,task_001086,repo
task_001088,proj_00121,Document known limitations of the current isolation forest model.,fraud_detection,reporting_documentation,reporting,70,medium,2,23930,24368,standard,task_001087,repo
task_001089,proj_00122,Gather the missing records for the transaction dataset without hitting production directly.,fraud_detection,data_collection,data_preparation,88,low,1,30394,31566,negation,,repo
task_001090,proj_00122,Deduplicate the transaction dataset and then standardise the transaction frequency column formats.,fraud_detection,data_cleaning,data_preparation,86,low,1,30818,32342,multi_step,task_001089,repo
task_001091,proj_00122,Analyse correlations between transaction frequency and fraud risk in the transaction dataset.,fraud_detection,exploratory_data_analysis,analysis,156,low,1,31825,33152,standard,task_001090,repo
task_001092,proj_00122,"Create the lagged variables from transaction frequency, then aggregate them at project level.",fraud_detection,feature_engineering,analysis,155,low,1,32204,32996,multi_step,task_001091,repo
task_001093,proj_00122,Get a first fraud risk baseline without tuning the gradient boosting model at all.,fraud_detection,model_training,modelling,198,medium,2,33513,33896,negation,task_001092,repo
task_001094,proj_00122,"Compute precision, recall and F1 for fraud risk predictions.",fraud_detection,model_evaluation,modelling,101,low,1,33593,34887,standard,task_001093,repo
task_001095,proj_00122,"First collect the gradient boosting model results, then prepare a one-page summary for management.",fraud_detection,reporting_documentation,reporting,73,medium,2,34547,34852,multi_step,task_001094,repo
task_001096,proj_00122,Restart and verify the transaction dataset pipeline after a maintenance window.,fraud_detection,data_pipeline_maintenance,infrastructure,116,high,3,49933,50122,standard,,repo
task_001097,proj_00122,Resolve a data freshness issue affecting the transaction dataset.,fraud_detection,data_pipeline_maintenance,infrastructure,26,medium,2,49097,49510,standard,,repo
task_001098,proj_00123,Gather the missing records for the loan applications dataset without hitting production directly.,credit_scoring,data_collection,data_preparation,141,medium,2,32851,33414,negation,,repo
task_001099,proj_00123,Clean missing values in the loan applications dataset before training the XGBoost model.,credit_scoring,data_cleaning,data_preparation,136,high,3,33171,33347,standard,task_001098,repo
task_001100,proj_00123,"There's something odd in the loan applications dataset, can't put my finger on it.",credit_scoring,exploratory_data_analysis,analysis,53,medium,2,34149,34523,ambiguous,task_001099,repo
task_001101,proj_00123,Deriving interaction terms between loan term and other variables.,credit_scoring,feature_engineering,analysis,175,medium,2,35145,35482,standard,task_001100,repo
task_001102,proj_00123,Train a XGBoost model to predict repayment probability using the loan applications dataset.,credit_scoring,model_training,modelling,268,high,3,36303,36634,standard,task_001101,repo
task_001103,proj_00123,Assess the XGBoost model on repayment probability without relying on accuracy as the headline metric.,credit_scoring,model_evaluation,modelling,91,high,3,37052,37196,negation,task_001102,repo
task_001104,proj_00123,Nobody knows how the XGBoost model works — fix that.,credit_scoring,reporting_documentation,reporting,108,low,1,37099,38387,ambiguous,task_001103,repo
task_001105,proj_00124,Query the production database to extract data for the credit bureau dataset.,credit_scoring,data_collection,data_preparation,128,medium,2,1477,1895,standard,,repo
task_001106,proj_00124,Handle missing observations in the credit bureau dataset to prepare it for loan default risk modelling.,credit_scoring,data_cleaning,data_preparation,105,medium,2,2579,2942,standard,task_001105,repo
task_001107,proj_00124,Generate embeddings to represent loan term for the scorecard model.,credit_scoring,feature_engineering,analysis,261,medium,2,3848,4546,standard,task_001106,repo
task_001108,proj_00124,Fit the scorecard model on the prepared credit bureau dataset.,credit_scoring,model_training,modelling,323,high,3,4550,4996,standard,task_001107,repo
task_001109,proj_00124,Compare the scorecard model against a previous version on the credit bureau dataset.,credit_scoring,model_evaluation,modelling,128,medium,2,4670,5234,standard,task_001108,repo
task_001110,proj_00124,"Draft the loan default risk findings first, then turn them into slides for stakeholders.",credit_scoring,reporting_documentation,reporting,123,low,1,4768,6275,multi_step,task_001109,repo
task_001111,proj_00125,Merge multiple data extracts into a single shipment tracking dataset.,supply_chain_optimisation,data_collection,data_preparation,112,low,1,76481,77380,standard,,repo
task_001112,proj_00125,"First fix the encoding issues in the shipment tracking dataset, then reconcile the mismatched identifiers.",supply_chain_optimisation,data_cleaning,data_preparation,100,low,1,77527,78630,multi_step,task_001111,repo
task_001113,proj_00125,"The gradient boosting regressor isn't picking anything up, have a go at it.",supply_chain_optimisation,model_training,modelling,308,medium,2,78249,78739,ambiguous,task_001112,repo
task_001114,proj_00125,Assess the gradient boosting regressor on delivery delay without relying on accuracy as the headline metric.,supply_chain_optimisation,model_evaluation,modelling,145,high,3,79226,79417,negation,task_001113,repo
task_001115,proj_00125,They want something on delivery delay for tomorrow.,supply_chain_optimisation,reporting_documentation,reporting,52,low,1,79626,80284,ambiguous,task_001114,repo
task_001116,proj_00125,Patch a schema change that broke the shipment tracking dataset pipeline.,supply_chain_optimisation,data_pipeline_maintenance,infrastructure,36,low,1,78558,79137,standard,,repo
task_001117,proj_00125,Reviewing pipeline logs after an unexpected failure.,supply_chain_optimisation,data_pipeline_maintenance,infrastructure,41,medium,2,92300,92782,standard,,repo
task_001118,proj_00126,Requesting access to a new data source needed for the subscription churn dataset.,customer_churn,data_collection,data_preparation,46,low,1,3427,4188,standard,,repo
task_001119,proj_00126,Treat the outliers in monthly charges without imputing any values.,customer_churn,data_cleaning,data_preparation,135,medium,2,4506,5096,negation,task_001118,repo
task_001120,proj_00126,Assess class imbalance in subscription cancellation without resampling the subscription churn dataset at this stage.,customer_churn,exploratory_data_analysis,analysis,169,medium,2,5844,6489,negation,task_001119,repo
task_001121,proj_00126,See if we can squeeze more out of monthly charges for subscription cancellation.,customer_churn,feature_engineering,analysis,177,medium,2,6944,7308,ambiguous,task_001120,repo
task_001122,proj_00126,Training a random forest classifier from scratch on the updated subscription churn dataset.,customer_churn,model_training,modelling,193,medium,2,7586,8089,standard,task_001121,repo
task_001123,proj_00126,"Compute precision, recall and F1 for subscription cancellation predictions.",customer_churn,model_evaluation,modelling,67,medium,2,8191,8611,standard,task_001122,repo
task_001124,proj_00126,Document known limitations of the current random forest classifier.,customer_churn,reporting_documentation,reporting,167,low,1,8546,9312,standard,task_001123,repo
task_001125,proj_00126,Resolve a data freshness issue affecting the subscription churn dataset.,customer_churn,data_pipeline_maintenance,infrastructure,29,low,1,8098,9015,standard,,repo
task_001126,proj_00127,"First query the production database, then consolidate the extracts into the patient records dataset.",healthcare_readmission,data_collection,data_preparation,144,medium,2,45385,45732,multi_step,,repo
task_001127,proj_00127,Resolve inconsistent entries in the patient records dataset without dropping any rows.,healthcare_readmission,data_cleaning,data_preparation,61,high,3,46492,46686,negation,task_001126,repo
task_001128,proj_00127,Reduce dimensionality of the patient records dataset using feature selection.,healthcare_readmission,feature_engineering,analysis,177,high,3,47529,47775,standard,task_001127,repo
task_001129,proj_00127,"Whatever we did last time to the logistic regression model, do it again with the new data.",healthcare_readmission,model_training,modelling,229,high,3,47552,47886,ambiguous,task_001128,repo
task_001130,proj_00127,Assess the logistic regression model on patient risk score without relying on accuracy as the headline metric.,healthcare_readmission,model_evaluation,modelling,176,high,3,48537,48887,negation,task_001129,repo
task_001131,proj_00127,Fit the logistic regression model on the patient records dataset without using the lab results column.,healthcare_readmission,model_training,modelling,117,high,3,49457,49614,negation,task_001130,repo
task_001132,proj_00127,Compare the logistic regression model against a previous version on the patient records dataset.,healthcare_readmission,model_evaluation,modelling,108,low,1,49757,50556,standard,task_001131,repo
task_001133,proj_00127,Get a first patient risk score baseline without tuning the logistic regression model at all.,healthcare_readmission,model_training,modelling,107,medium,2,50685,51223,negation,task_001132,repo
task_001134,proj_00127,Validate the logistic regression model on out-of-time data before deployment.,healthcare_readmission,model_evaluation,modelling,179,medium,2,52013,52454,standard,task_001133,repo
task_001135,proj_00127,Document the data preparation steps applied to the patient records dataset.,healthcare_readmission,reporting_documentation,reporting,51,medium,2,52428,52827,standard,task_001134,repo
task_001136,proj_00128,Pull the latest records and afterwards check the warehouse inventory dataset covers the full time range.,supply_chain_optimisation,data_collection,data_preparation,124,low,1,52425,52813,multi_step,,repo
task_001137,proj_00128,Clean the warehouse inventory dataset for delivery delay modelling without altering the original source files.,supply_chain_optimisation,data_cleaning,data_preparation,119,medium,2,53022,53489,negation,task_001136,repo
task_001138,proj_00128,Produce summary statistics and visualisations for the warehouse inventory dataset.,supply_chain_optimisation,exploratory_data_analysis,analysis,100,medium,2,54185,54632,standard,task_001137,repo
task_001139,proj_00128,See if we can squeeze more out of route distance for delivery delay.,supply_chain_optimisation,feature_engineering,analysis,133,low,1,55051,56292,ambiguous,task_001138,repo
task_001140,proj_00128,Run cross-validation while training the mixed-integer optimisation model on the warehouse inventory dataset.,supply_chain_optimisation,model_training,modelling,360,medium,2,55914,56467,standard,task_001139,repo
task_001141,proj_00128,Assess the mixed-integer optimisation model on delivery delay without relying on accuracy as the headline metric.,supply_chain_optimisation,model_evaluation,modelling,151,high,3,56354,56669,negation,task_001140,repo
task_001142,proj_00128,Establishing a baseline mixed-integer optimisation model for delivery delay prediction.,supply_chain_optimisation,model_training,modelling,252,low,1,57055,58385,standard,task_001141,repo
task_001143,proj_00128,Produce a confusion matrix summarising mixed-integer optimisation model performance on delivery delay.,supply_chain_optimisation,model_evaluation,modelling,136,low,1,58378,59700,standard,task_001142,repo
task_001144,proj_00128,Run cross-validation while training the mixed-integer optimisation model on the warehouse inventory dataset.,supply_chain_optimisation,model_training,modelling,162,low,1,59556,60739,standard,task_001143,repo
task_001145,proj_00128,Check whether the mixed-integer optimisation model is actually any good on delivery delay.,supply_chain_optimisation,model_evaluation,modelling,40,high,3,60163,60310,ambiguous,task_001144,repo
task_001146,proj_00128,Summarise the mixed-integer optimisation model results for management without including technical detail.,supply_chain_optimisation,reporting_documentation,reporting,156,medium,2,61376,61889,negation,task_001145,repo
task_001147,proj_00128,Investigate a failed run in the warehouse inventory dataset ingestion pipeline.,supply_chain_optimisation,data_pipeline_maintenance,infrastructure,34,low,1,52987,54228,standard,,repo
task_001148,proj_00129,Validate that the payments dataset covers the full required time range.,fraud_detection,data_collection,data_preparation,156,high,3,3987,4190,standard,,repo
task_001149,proj_00129,Clean the payments dataset for fraud risk modelling without altering the original source files.,fraud_detection,data_cleaning,data_preparation,178,medium,2,5228,5749,negation,task_001148,repo
task_001150,proj_00129,The inputs to the gradient boosting model need rethinking.,fraud_detection,feature_engineering,analysis,237,high,3,5771,6133,ambiguous,task_001149,repo
task_001151,proj_00129,Train a gradient boosting model to predict fraud risk using the payments dataset.,fraud_detection,model_training,modelling,192,low,1,6835,7386,standard,task_001150,repo
task_001152,proj_00129,Validate the gradient boosting model without touching the held-out test split.,fraud_detection,model_evaluation,modelling,148,high,3,7149,7361,negation,task_001151,repo
task_001153,proj_00129,Document known limitations of the current gradient boosting model.,fraud_detection,reporting_documentation,reporting,43,low,1,7895,9037,standard,task_001152,repo
task_001154,proj_00129,Restore the payments dataset pipeline without triggering a full historical backfill.,fraud_detection,data_pipeline_maintenance,infrastructure,52,medium,2,5324,5535,negation,,repo
task_001155,proj_00129,Add monitoring for a recurring failure in the payments dataset pipeline.,fraud_detection,data_pipeline_maintenance,infrastructure,113,medium,2,20566,20847,standard,,repo
task_001156,proj_00130,"First query the production database, then consolidate the extracts into the patient records dataset.",healthcare_readmission,data_collection,data_preparation,66,low,1,13670,15037,multi_step,,repo
task_001157,proj_00130,Clean the patient records dataset for length of stay modelling without altering the original source files.,healthcare_readmission,data_cleaning,data_preparation,229,medium,2,14261,14784,negation,task_001156,repo
task_001158,proj_00130,Check for seasonality patterns related to lab results in the patient records dataset.,healthcare_readmission,exploratory_data_analysis,analysis,100,low,1,14609,15401,standard,task_001157,repo
task_001159,proj_00130,"lab results on its own isn't telling us much, work on it.",healthcare_readmission,feature_engineering,analysis,276,medium,2,15009,15687,ambiguous,task_001158,repo
task_001160,proj_00130,"First fit the logistic regression model on a sample, then run the full training on the patient records dataset.",healthcare_readmission,model_training,modelling,295,high,3,15257,15611,multi_step,task_001159,repo
task_001161,proj_00130,Evaluate the logistic regression model on a held-out split of the patient records dataset.,healthcare_readmission,model_evaluation,modelling,152,medium,2,15540,16165,standard,task_001160,repo
task_001162,proj_00130,Run cross-validation while training the logistic regression model on the patient records dataset.,healthcare_readmission,model_training,modelling,286,high,3,16297,16746,standard,task_001161,repo
task_001163,proj_00130,Check the logistic regression model for fairness across segments of the patient records dataset.,healthcare_readmission,model_evaluation,modelling,107,low,1,17012,17601,standard,task_001162,repo
task_001164,proj_00130,Run cross-validation while training the logistic regression model on the patient records dataset.,healthcare_readmission,model_training,modelling,132,high,3,17482,17722,standard,task_001163,repo
task_001165,proj_00130,Validate the logistic regression model on out-of-time data before deployment.,healthcare_readmission,model_evaluation,modelling,63,high,3,17753,17954,standard,task_001164,repo
task_001166,proj_00130,Draft release notes describing changes to the logistic regression model pipeline.,healthcare_readmission,reporting_documentation,reporting,49,low,1,19182,20462,standard,task_001165,repo
task_001167,proj_00130,Add monitoring for a recurring failure in the patient records dataset pipeline.,healthcare_readmission,data_pipeline_maintenance,infrastructure,28,low,1,13954,15273,standard,,repo
task_001168,proj_00130,Fix a broken scheduled job feeding the patient records dataset.,healthcare_readmission,data_pipeline_maintenance,infrastructure,75,low,1,31998,32831,standard,,repo
task_001169,proj_00130,Monitor data quality alerts for the patient records dataset pipeline.,healthcare_readmission,data_pipeline_maintenance,infrastructure,53,medium,2,13979,14201,standard,,repo
task_001170,proj_00131,"First query the production database, then consolidate the extracts into the A/B test results dataset.",ab_testing_analysis,data_collection,data_preparation,71,medium,2,76716,77220,multi_step,,repo
task_001171,proj_00131,Half the rows in the A/B test results dataset don't look right.,ab_testing_analysis,data_cleaning,data_preparation,175,low,1,77226,78825,ambiguous,task_001170,repo
task_001172,proj_00131,"conversion event on its own isn't telling us much, work on it.",ab_testing_analysis,feature_engineering,analysis,115,medium,2,77269,77648,ambiguous,task_001171,repo
task_001173,proj_00131,Train a Bayesian A/B testing model to predict experiment outcome using the A/B test results dataset.,ab_testing_analysis,model_training,modelling,110,high,3,77635,77904,standard,task_001172,repo
task_001174,proj_00131,Compare the Bayesian A/B testing model against the previous version without retraining either of them.,ab_testing_analysis,model_evaluation,modelling,180,low,1,78622,79261,negation,task_001173,repo
task_001175,proj_00131,Get a first experiment outcome baseline without tuning the Bayesian A/B testing model at all.,ab_testing_analysis,model_training,modelling,254,medium,2,79007,79644,negation,task_001174,repo
task_001176,proj_00131,"Evaluate the Bayesian A/B testing model on the A/B test results dataset, then check fairness across the main segments.",ab_testing_analysis,model_evaluation,modelling,58,high,3,79488,79656,multi_step,task_001175,repo
task_001177,proj_00131,"The Bayesian A/B testing model isn't picking anything up, have a go at it.",ab_testing_analysis,model_training,modelling,116,medium,2,79756,80245,ambiguous,task_001176,repo
task_001178,proj_00131,Assess the Bayesian A/B testing model on experiment outcome without relying on accuracy as the headline metric.,ab_testing_analysis,model_evaluation,modelling,172,high,3,80510,80733,negation,task_001177,repo
task_001179,proj_00131,Nobody knows how the Bayesian A/B testing model works — fix that.,ab_testing_analysis,reporting_documentation,reporting,59,low,1,81196,82430,ambiguous,task_001178,repo
task_001180,proj_00131,Resolve a data freshness issue affecting the A/B test results dataset.,ab_testing_analysis,data_pipeline_maintenance,infrastructure,85,medium,2,90536,90960,standard,,repo
task_001181,proj_00131,Monitor data quality alerts for the A/B test results dataset pipeline.,ab_testing_analysis,data_pipeline_maintenance,infrastructure,117,medium,2,82175,82759,standard,,repo
task_001182,proj_00132,Retrieving additional records is required to complete the historical sales dataset.,sales_forecasting,data_collection,data_preparation,131,low,1,11400,11979,standard,,repo
task_001183,proj_00132,Remove duplicate records from the historical sales dataset.,sales_forecasting,data_cleaning,data_preparation,123,high,3,11760,11999,standard,task_001182,repo
task_001184,proj_00132,"Profile the historical sales dataset first, then investigate how lag features relates to weekly sales volume.",sales_forecasting,exploratory_data_analysis,analysis,76,low,1,12185,13370,multi_step,task_001183,repo
task_001185,proj_00132,Finalise the feature set to be used by the temporal fusion transformer.,sales_forecasting,feature_engineering,analysis,255,medium,2,13222,13894,standard,task_001184,repo
task_001186,proj_00132,Debug a training failure encountered while fitting the temporal fusion transformer.,sales_forecasting,model_training,modelling,264,medium,2,14452,15177,standard,task_001185,repo
task_001187,proj_00132,"Score the temporal fusion transformer on the held-out split, then run an error analysis on the failures.",sales_forecasting,model_evaluation,modelling,154,medium,2,15702,16051,multi_step,task_001186,repo
task_001188,proj_00132,Draft release notes describing changes to the temporal fusion transformer pipeline.,sales_forecasting,reporting_documentation,reporting,61,low,1,16648,17967,standard,task_001187,repo
task_001189,proj_00132,Investigate a failed run in the historical sales dataset ingestion pipeline.,sales_forecasting,data_pipeline_maintenance,infrastructure,27,high,3,15551,15625,standard,,repo
task_001190,proj_00133,"The borrower repayment dataset doesn't go back far enough, see what you can do.",credit_scoring,data_collection,data_preparation,156,medium,2,11397,11776,ambiguous,,repo
task_001191,proj_00133,Something's wrong with loan term in the borrower repayment dataset.,credit_scoring,data_cleaning,data_preparation,155,medium,2,12013,12565,ambiguous,task_001190,repo
task_001192,proj_00133,Explore the distribution of loan term in the borrower repayment dataset.,credit_scoring,exploratory_data_analysis,analysis,240,low,1,12731,14092,standard,task_001191,repo
task_001193,proj_00133,"Create the lagged variables from loan term, then aggregate them at project level.",credit_scoring,feature_engineering,analysis,175,medium,2,12989,13476,multi_step,task_001192,repo
task_001194,proj_00133,"The logistic regression model isn't picking anything up, have a go at it.",credit_scoring,model_training,modelling,78,low,1,13910,15368,ambiguous,task_001193,repo
task_001195,proj_00133,Assess the logistic regression model on loan default risk without relying on accuracy as the headline metric.,credit_scoring,model_evaluation,modelling,72,medium,2,15275,15535,negation,task_001194,repo
task_001196,proj_00133,Set up cross-validation and then fit the logistic regression model on the prepared borrower repayment dataset.,credit_scoring,model_training,modelling,309,high,3,15929,16413,multi_step,task_001195,repo
task_001197,proj_00133,Check whether the logistic regression model is actually any good on loan default risk.,credit_scoring,model_evaluation,modelling,171,high,3,17326,17673,ambiguous,task_001196,repo
task_001198,proj_00133,Nobody knows how the logistic regression model works — fix that.,credit_scoring,reporting_documentation,reporting,173,medium,2,18303,18855,ambiguous,task_001197,repo
task_001199,proj_00134,Collect raw data for the equipment logs dataset from the source system.,predictive_maintenance,data_collection,data_preparation,41,low,1,42146,43177,standard,,repo
task_001200,proj_00134,Clean missing values in the equipment logs dataset before training the LSTM survival model.,predictive_maintenance,data_cleaning,data_preparation,225,high,3,42875,43217,standard,task_001199,repo
task_001201,proj_00134,Check for seasonality patterns related to sensor drift in the equipment logs dataset.,predictive_maintenance,exploratory_data_analysis,analysis,154,low,1,43669,44794,standard,task_001200,repo
task_001202,proj_00134,"Encode the categorical variables, then test whether they improve remaining useful life prediction.",predictive_maintenance,feature_engineering,analysis,74,medium,2,44527,44847,multi_step,task_001201,repo
task_001203,proj_00134,Retrain the LSTM survival model on the equipment logs dataset without changing the current hyperparameters.,predictive_maintenance,model_training,modelling,103,high,3,45022,45171,negation,task_001202,repo
task_001204,proj_00134,Compare the LSTM survival model against a previous version on the equipment logs dataset.,predictive_maintenance,model_evaluation,modelling,116,low,1,45661,47119,standard,task_001203,repo
task_001205,proj_00134,Prepare slides presenting the LSTM survival model performance to stakeholders.,predictive_maintenance,reporting_documentation,reporting,147,medium,2,46343,46826,standard,task_001204,repo
task_001206,proj_00134,Investigate a failed run in the equipment logs dataset ingestion pipeline.,predictive_maintenance,data_pipeline_maintenance,infrastructure,104,medium,2,50742,50977,standard,,repo
task_001207,proj_00134,"Check the pipeline logs, then patch the schema change that broke the equipment logs dataset ingestion.",predictive_maintenance,data_pipeline_maintenance,infrastructure,88,medium,2,52377,52878,multi_step,,repo
task_001208,proj_00134,"The equipment logs dataset numbers look stale, find out why.",predictive_maintenance,data_pipeline_maintenance,infrastructure,27,medium,2,45208,45460,ambiguous,,repo
task_001209,proj_00135,Query the production database to extract data for the store-level sales dataset.,sales_forecasting,data_collection,data_preparation,167,low,1,27476,28426,standard,,repo
task_001210,proj_00135,Resolve inconsistent entries in the store-level sales dataset without dropping any rows.,sales_forecasting,data_cleaning,data_preparation,176,medium,2,27588,27999,negation,task_001209,repo
task_001211,proj_00135,Normalise and scale store location ahead of model training.,sales_forecasting,feature_engineering,analysis,243,high,3,28882,29179,standard,task_001210,repo
task_001212,proj_00135,Fit the temporal fusion transformer on the store-level sales dataset without using the store location column.,sales_forecasting,model_training,modelling,199,low,1,30109,31635,negation,task_001211,repo
task_001213,proj_00135,"Evaluate the temporal fusion transformer on the store-level sales dataset, then check fairness across the main segments.",sales_forecasting,model_evaluation,modelling,83,medium,2,31097,31339,multi_step,task_001212,repo
task_001214,proj_00135,Summarise the temporal fusion transformer results for management without including technical detail.,sales_forecasting,reporting_documentation,reporting,159,medium,2,32446,32946,negation,task_001213,repo
task_001215,proj_00135,"First add monitoring for the recurring failure, then refactor the store-level sales dataset ingestion.",sales_forecasting,data_pipeline_maintenance,infrastructure,66,low,1,33000,34361,multi_step,,repo
task_001216,proj_00135,Restart and verify the store-level sales dataset pipeline after a maintenance window.,sales_forecasting,data_pipeline_maintenance,infrastructure,17,medium,2,41295,41696,standard,,repo
task_001217,proj_00136,Pull the latest records and afterwards check the network traffic dataset covers the full time range.,network_intrusion_detection,data_collection,data_preparation,174,medium,2,36439,36763,multi_step,,repo
task_001218,proj_00136,Impute missing values for connection duration using an appropriate strategy.,network_intrusion_detection,data_cleaning,data_preparation,123,medium,2,37523,37889,standard,task_001217,repo
task_001219,proj_00136,Examine connection duration in the network traffic dataset without assuming a normal distribution.,network_intrusion_detection,exploratory_data_analysis,analysis,156,medium,2,37846,38154,negation,task_001218,repo
task_001220,proj_00136,Generate embeddings to represent connection duration for the autoencoder model.,network_intrusion_detection,feature_engineering,analysis,276,medium,2,39159,39701,standard,task_001219,repo
task_001221,proj_00136,Training a autoencoder model from scratch on the updated network traffic dataset.,network_intrusion_detection,model_training,modelling,191,high,3,40497,40778,standard,task_001220,repo
task_001222,proj_00136,Investigate a drop in autoencoder model recall after the last network traffic dataset update.,network_intrusion_detection,model_evaluation,modelling,59,low,1,41343,41698,standard,task_001221,repo
task_001223,proj_00136,Summarise the autoencoder model results for management without including technical detail.,network_intrusion_detection,reporting_documentation,reporting,148,low,1,41860,43141,negation,task_001222,repo
task_001224,proj_00136,Add monitoring for a recurring failure in the network traffic dataset pipeline.,network_intrusion_detection,data_pipeline_maintenance,infrastructure,35,low,1,36330,36664,standard,,repo
task_001225,proj_00136,Refactor the ingestion pipeline for the network traffic dataset to reduce runtime.,network_intrusion_detection,data_pipeline_maintenance,infrastructure,99,medium,2,43585,44133,standard,,repo
task_001226,proj_00136,"The network traffic dataset numbers look stale, find out why.",network_intrusion_detection,data_pipeline_maintenance,infrastructure,115,low,1,36501,37027,ambiguous,,repo
task_001227,proj_00137,Merge multiple data extracts into a single demand forecasting dataset.,sales_forecasting,data_collection,data_preparation,58,medium,2,52323,52757,standard,,repo
task_001228,proj_00137,Half the rows in the demand forecasting dataset don't look right.,sales_forecasting,data_cleaning,data_preparation,200,high,3,52585,52949,ambiguous,task_001227,repo
task_001229,proj_00137,Not sure what's driving product demand — dig into it.,sales_forecasting,exploratory_data_analysis,analysis,68,low,1,53115,53673,ambiguous,task_001228,repo
task_001230,proj_00137,Reduce the dimensionality of the demand forecasting dataset without discarding lag features.,sales_forecasting,feature_engineering,analysis,273,medium,2,53771,54363,negation,task_001229,repo
task_001231,proj_00137,"First fit the gradient boosting regressor on a sample, then run the full training on the demand forecasting dataset.",sales_forecasting,model_training,modelling,171,low,1,54269,55038,multi_step,task_001230,repo
task_001232,proj_00137,Produce a confusion matrix summarising gradient boosting regressor performance on product demand.,sales_forecasting,model_evaluation,modelling,142,medium,2,54722,55285,standard,task_001231,repo
task_001233,proj_00137,Nobody knows how the gradient boosting regressor works — fix that.,sales_forecasting,reporting_documentation,reporting,166,low,1,54851,55488,ambiguous,task_001232,repo
task_001234,proj_00137,"First add monitoring for the recurring failure, then refactor the demand forecasting dataset ingestion.",sales_forecasting,data_pipeline_maintenance,infrastructure,75,medium,2,69903,70240,multi_step,,repo
task_001235,proj_00137,Resolve the freshness issue in the demand forecasting dataset without changing the ingestion schedule.,sales_forecasting,data_pipeline_maintenance,infrastructure,75,high,3,56769,56952,negation,,repo
task_001236,proj_00138,"First query the production database, then consolidate the extracts into the customer retention dataset.",customer_churn,data_collection,data_preparation,61,medium,2,41859,42161,multi_step,,repo
task_001237,proj_00138,Deduplicate the customer retention dataset and then standardise the tenure column formats.,customer_churn,data_cleaning,data_preparation,32,high,3,42780,42942,multi_step,task_001236,repo
task_001238,proj_00138,Examine tenure in the customer retention dataset without assuming a normal distribution.,customer_churn,exploratory_data_analysis,analysis,68,high,3,43318,43476,negation,task_001237,repo
task_001239,proj_00138,Generate embeddings to represent tenure for the logistic regression model.,customer_churn,feature_engineering,analysis,280,high,3,43942,44364,standard,task_001238,repo
task_001240,proj_00138,Fit the logistic regression model on the customer retention dataset without using the tenure column.,customer_churn,model_training,modelling,268,high,3,45250,45618,negation,task_001239,repo
task_001241,proj_00138,Check whether the logistic regression model is actually any good on customer attrition.,customer_churn,model_evaluation,modelling,150,high,3,45429,45694,ambiguous,task_001240,repo
task_001242,proj_00138,Retrain the logistic regression model after incorporating the new features.,customer_churn,model_training,modelling,142,high,3,46309,46610,standard,task_001241,repo
task_001243,proj_00138,Compare the logistic regression model against the previous version without retraining either of them.,customer_churn,model_evaluation,modelling,137,high,3,46459,46766,negation,task_001242,repo
task_001244,proj_00138,"The logistic regression model isn't picking anything up, have a go at it.",customer_churn,model_training,modelling,74,high,3,47143,47294,ambiguous,task_001243,repo
task_001245,proj_00138,"First reproduce the reported logistic regression model metrics, then investigate the drop in recall.",customer_churn,model_evaluation,modelling,64,low,1,48448,49161,multi_step,task_001244,repo
task_001246,proj_00138,Summarise the logistic regression model results for management without including technical detail.,customer_churn,reporting_documentation,reporting,110,medium,2,49749,50035,negation,task_001245,repo
task_001247,proj_00138,The customer retention dataset pipeline has been flaky all week.,customer_churn,data_pipeline_maintenance,infrastructure,106,high,3,48715,48884,ambiguous,,repo
task_001248,proj_00139,Requesting access to a new data source needed for the firewall logs dataset.,network_intrusion_detection,data_collection,data_preparation,51,low,1,43528,44191,standard,,repo
task_001249,proj_00139,Deduplicate the firewall logs dataset and then standardise the protocol type column formats.,network_intrusion_detection,data_cleaning,data_preparation,176,low,1,44348,44811,multi_step,task_001248,repo
task_001250,proj_00139,Visualise trends in anomaly score over time using the firewall logs dataset.,network_intrusion_detection,exploratory_data_analysis,analysis,67,high,3,45506,45653,standard,task_001249,repo
task_001251,proj_00139,Build aggregated features summarising protocol type at the project level.,network_intrusion_detection,feature_engineering,analysis,72,medium,2,46057,46468,standard,task_001250,repo
task_001252,proj_00139,Debug a training failure encountered while fitting the autoencoder model.,network_intrusion_detection,model_training,modelling,136,low,1,47301,48430,standard,task_001251,repo
task_001253,proj_00139,Compare the autoencoder model against a previous version on the firewall logs dataset.,network_intrusion_detection,model_evaluation,modelling,33,high,3,47664,47838,standard,task_001252,repo
task_001254,proj_00139,Give the autoencoder model another run with the latest firewall logs dataset.,network_intrusion_detection,model_training,modelling,120,medium,2,48608,48952,ambiguous,task_001253,repo
task_001255,proj_00139,Produce a confusion matrix summarising autoencoder model performance on anomaly score.,network_intrusion_detection,model_evaluation,modelling,103,high,3,49013,49243,standard,task_001254,repo
task_001256,proj_00139,"First collect the autoencoder model results, then prepare a one-page summary for management.",network_intrusion_detection,reporting_documentation,reporting,82,medium,2,49294,49640,multi_step,task_001255,repo
task_001257,proj_00139,Restart and verify the firewall logs dataset pipeline after a maintenance window.,network_intrusion_detection,data_pipeline_maintenance,infrastructure,67,high,3,56643,56747,standard,,repo
task_001258,proj_00140,Collect raw data for the defect inspection image dataset from the source system.,image_classification,data_collection,data_preparation,150,low,1,60242,61294,standard,,repo
task_001259,proj_00140,Deduplicate the defect inspection image dataset and then standardise the edge features column formats.,image_classification,data_cleaning,data_preparation,205,low,1,61676,62906,multi_step,task_001258,repo
task_001260,proj_00140,Summarising key findings from the exploratory analysis of the defect inspection image dataset.,image_classification,exploratory_data_analysis,analysis,63,low,1,62557,62980,standard,task_001259,repo
task_001261,proj_00140,Reduce the dimensionality of the defect inspection image dataset without discarding edge features.,image_classification,feature_engineering,analysis,298,low,1,62678,63941,negation,task_001260,repo
task_001262,proj_00140,Fit the vision transformer model on the prepared defect inspection image dataset.,image_classification,model_training,modelling,62,medium,2,63934,64433,standard,task_001261,repo
task_001263,proj_00140,Assess the vision transformer model on product category without relying on accuracy as the headline metric.,image_classification,model_evaluation,modelling,131,high,3,64729,64923,negation,task_001262,repo
task_001264,proj_00140,Prepare slides presenting the vision transformer model performance to stakeholders.,image_classification,reporting_documentation,reporting,178,low,1,65889,66654,standard,task_001263,repo
task_001265,proj_00140,The defect inspection image dataset ingestion job fell over again last night.,image_classification,data_pipeline_maintenance,infrastructure,31,low,1,71166,72523,ambiguous,,repo
task_001266,proj_00140,Reviewing pipeline logs after an unexpected failure.,image_classification,data_pipeline_maintenance,infrastructure,48,low,1,74238,74616,standard,,repo
task_001267,proj_00140,"The defect inspection image dataset numbers look stale, find out why.",image_classification,data_pipeline_maintenance,infrastructure,50,high,3,64242,64432,ambiguous,,repo
task_001268,proj_00141,We're short on records for the defect inspection image dataset — sort it out.,image_classification,data_collection,data_preparation,43,low,1,64716,65110,ambiguous,,repo
task_001269,proj_00141,Fixing encoding issues in the defect inspection image dataset before further processing.,image_classification,data_cleaning,data_preparation,39,medium,2,65201,65443,standard,task_001268,repo
task_001270,proj_00141,"Compute summary statistics for the defect inspection image dataset, then visualise how image quality label moves over time.",image_classification,exploratory_data_analysis,analysis,74,high,3,66172,66402,multi_step,task_001269,repo
task_001271,proj_00141,"The fine-tuned ResNet model isn't picking anything up, have a go at it.",image_classification,model_training,modelling,242,high,3,66270,66685,ambiguous,task_001270,repo
task_001272,proj_00141,"First reproduce the reported fine-tuned ResNet model metrics, then investigate the drop in recall.",image_classification,model_evaluation,modelling,156,low,1,67278,67977,multi_step,task_001271,repo
task_001273,proj_00141,"Draft the image quality label findings first, then turn them into slides for stakeholders.",image_classification,reporting_documentation,reporting,53,low,1,67546,68420,multi_step,task_001272,repo
task_001274,proj_00141,The defect inspection image dataset pipeline has been flaky all week.,image_classification,data_pipeline_maintenance,infrastructure,120,low,1,69906,71465,ambiguous,,repo
task_001275,proj_00142,Collect raw data for the social media comments dataset from the source system.,sentiment_analysis,data_collection,data_preparation,102,medium,2,13048,13618,standard,,repo
task_001276,proj_00142,Deduplicate the social media comments dataset and then standardise the word embeddings column formats.,sentiment_analysis,data_cleaning,data_preparation,125,medium,2,13312,13611,multi_step,task_001275,repo
task_001277,proj_00142,Identify data quality issues that could affect review sentiment prediction.,sentiment_analysis,exploratory_data_analysis,analysis,52,low,1,13989,15263,standard,task_001276,repo
task_001278,proj_00142,Debug a training failure encountered while fitting the naive Bayes classifier.,sentiment_analysis,model_training,modelling,62,medium,2,14933,15137,standard,task_001277,repo
task_001279,proj_00142,"First reproduce the reported naive Bayes classifier metrics, then investigate the drop in recall.",sentiment_analysis,model_evaluation,modelling,113,high,3,16291,16579,multi_step,task_001278,repo
task_001280,proj_00142,Write handover notes for the social media comments dataset project.,sentiment_analysis,reporting_documentation,reporting,42,medium,2,16570,16876,standard,task_001279,repo
task_001281,proj_00142,Monitor data quality alerts for the social media comments dataset pipeline.,sentiment_analysis,data_pipeline_maintenance,infrastructure,85,high,3,14179,14391,standard,,repo
task_001282,proj_00142,"Check the pipeline logs, then patch the schema change that broke the social media comments dataset ingestion.",sentiment_analysis,data_pipeline_maintenance,infrastructure,47,low,1,15392,16495,multi_step,,repo
task_001283,proj_00143,Extract records for the transaction dataset without pulling any personally identifiable fields.,fraud_detection,data_collection,data_preparation,155,medium,2,20463,20896,negation,,repo
task_001284,proj_00143,Standardise column formats across the transaction dataset.,fraud_detection,data_cleaning,data_preparation,121,medium,2,21880,22309,standard,task_001283,repo
task_001285,proj_00143,Compare device fingerprint distributions across different segments of the transaction dataset.,fraud_detection,exploratory_data_analysis,analysis,170,medium,2,22944,23432,standard,task_001284,repo
task_001286,proj_00143,Finalise the feature set to be used by the isolation forest model.,fraud_detection,feature_engineering,analysis,204,medium,2,23934,24304,standard,task_001285,repo
task_001287,proj_00143,Get a first fraudulent transactions baseline without tuning the isolation forest model at all.,fraud_detection,model_training,modelling,155,medium,2,24814,25307,negation,task_001286,repo
task_001288,proj_00143,"Compute precision, recall and F1 for fraudulent transactions predictions.",fraud_detection,model_evaluation,modelling,161,medium,2,25019,25537,standard,task_001287,repo
task_001289,proj_00143,Prepare a one-page summary of isolation forest model results for management.,fraud_detection,reporting_documentation,reporting,69,high,3,26419,26652,standard,task_001288,repo
task_001290,proj_00144,"The defect inspection image dataset doesn't go back far enough, see what you can do.",image_classification,data_collection,data_preparation,139,low,1,39899,40375,ambiguous,,repo
task_001291,proj_00144,Remove duplicate records from the defect inspection image dataset.,image_classification,data_cleaning,data_preparation,41,medium,2,41042,41464,standard,task_001290,repo
task_001292,proj_00144,"Compute summary statistics for the defect inspection image dataset, then visualise how defect presence moves over time.",image_classification,exploratory_data_analysis,analysis,69,medium,2,41927,42407,multi_step,task_001291,repo
task_001293,proj_00144,"Encode the categorical variables, then test whether they improve defect presence prediction.",image_classification,feature_engineering,analysis,125,medium,2,42460,42962,multi_step,task_001292,repo
task_001294,proj_00144,Retrain the convolutional neural network after incorporating the new features.,image_classification,model_training,modelling,296,low,1,42508,43417,standard,task_001293,repo
task_001295,proj_00144,"Compute precision, recall and F1 for defect presence predictions.",image_classification,model_evaluation,modelling,51,medium,2,43327,43858,standard,task_001294,repo
task_001296,proj_00144,Write up the defect presence results without waiting for the final convolutional neural network run.,image_classification,reporting_documentation,reporting,180,medium,2,43951,44594,negation,task_001295,repo
task_001297,proj_00144,Fix the failing defect inspection image dataset job without taking the pipeline offline.,image_classification,data_pipeline_maintenance,infrastructure,118,low,1,48060,48797,negation,,repo
task_001298,proj_00144,Refactor the ingestion pipeline for the defect inspection image dataset to reduce runtime.,image_classification,data_pipeline_maintenance,infrastructure,101,low,1,41938,43373,standard,,repo
task_001299,proj_00144,Investigate a failed run in the defect inspection image dataset ingestion pipeline.,image_classification,data_pipeline_maintenance,infrastructure,65,low,1,39962,40618,standard,,repo
task_001300,proj_00145,"First query the production database, then consolidate the extracts into the building energy dataset.",energy_consumption,data_collection,data_preparation,131,medium,2,64430,64725,multi_step,,repo
task_001301,proj_00145,Standardise column formats across the building energy dataset.,energy_consumption,data_cleaning,data_preparation,33,low,1,64701,65006,standard,task_001300,repo
task_001302,proj_00145,Compare historical load distributions across different segments of the building energy dataset.,energy_consumption,exploratory_data_analysis,analysis,51,low,1,66141,66729,standard,task_001301,repo
task_001303,proj_00145,Test whether adding historical load-derived features improves signal for peak load.,energy_consumption,feature_engineering,analysis,171,high,3,67486,67824,standard,task_001302,repo
task_001304,proj_00145,Establishing a baseline prophet model for peak load prediction.,energy_consumption,model_training,modelling,214,high,3,67891,68172,standard,task_001303,repo
task_001305,proj_00145,"Evaluate the prophet model on the building energy dataset, then check fairness across the main segments.",energy_consumption,model_evaluation,modelling,35,low,1,68876,69463,multi_step,task_001304,repo
task_001306,proj_00145,Nobody knows how the prophet model works — fix that.,energy_consumption,reporting_documentation,reporting,150,low,1,69802,71112,ambiguous,task_001305,repo
task_001307,proj_00145,Restore the building energy dataset pipeline without triggering a full historical backfill.,energy_consumption,data_pipeline_maintenance,infrastructure,87,high,3,70392,70609,negation,,repo
task_001308,proj_00146,Gather historical records to build the subscription churn dataset.,customer_churn,data_collection,data_preparation,154,low,1,73263,74708,standard,,repo
task_001309,proj_00146,Something's wrong with usage frequency in the subscription churn dataset.,customer_churn,data_cleaning,data_preparation,89,medium,2,74488,74967,ambiguous,task_001308,repo
task_001310,proj_00146,"Compute summary statistics for the subscription churn dataset, then visualise how customer churn moves over time.",customer_churn,exploratory_data_analysis,analysis,192,low,1,74541,75103,multi_step,task_001309,repo
task_001311,proj_00146,"First scale usage frequency, then check whether the logistic regression model still needs the interaction terms.",customer_churn,feature_engineering,analysis,287,medium,2,75104,75764,multi_step,task_001310,repo
task_001312,proj_00146,Get a first customer churn baseline without tuning the logistic regression model at all.,customer_churn,model_training,modelling,289,high,3,76394,76718,negation,task_001311,repo
task_001313,proj_00146,Assess the logistic regression model on customer churn without relying on accuracy as the headline metric.,customer_churn,model_evaluation,modelling,79,medium,2,76739,77162,negation,task_001312,repo
task_001314,proj_00146,Put together whatever we have on the subscription churn dataset for the handover.,customer_churn,reporting_documentation,reporting,86,medium,2,77229,77785,ambiguous,task_001313,repo
task_001315,proj_00146,The subscription churn dataset ingestion job fell over again last night.,customer_churn,data_pipeline_maintenance,infrastructure,31,high,3,92382,92542,ambiguous,,repo
task_001316,proj_00146,Resolve the freshness issue in the subscription churn dataset without changing the ingestion schedule.,customer_churn,data_pipeline_maintenance,infrastructure,116,medium,2,86312,86630,negation,,repo
task_001317,proj_00147,Check where the patient records dataset is actually coming from.,healthcare_readmission,data_collection,data_preparation,107,low,1,14091,15578,ambiguous,,repo
task_001318,proj_00147,Clean missing values in the patient records dataset before training the survival analysis model.,healthcare_readmission,data_cleaning,data_preparation,121,high,3,14202,14444,standard,task_001317,repo
task_001319,proj_00147,Run a first exploratory pass over the patient records dataset to understand its structure.,healthcare_readmission,exploratory_data_analysis,analysis,89,high,3,15603,15850,standard,task_001318,repo
task_001320,proj_00147,Establishing a baseline survival analysis model for patient risk score prediction.,healthcare_readmission,model_training,modelling,232,medium,2,15683,16351,standard,task_001319,repo
task_001321,proj_00147,Compare the survival analysis model against a previous version on the patient records dataset.,healthcare_readmission,model_evaluation,modelling,173,medium,2,16162,16587,standard,task_001320,repo
task_001322,proj_00147,Get a first patient risk score baseline without tuning the survival analysis model at all.,healthcare_readmission,model_training,modelling,83,high,3,16873,17128,negation,task_001321,repo
task_001323,proj_00147,Run an error analysis on the survival analysis model predictions for patient risk score.,healthcare_readmission,model_evaluation,modelling,161,high,3,17435,17652,standard,task_001322,repo
task_001324,proj_00147,"The survival analysis model isn't picking anything up, have a go at it.",healthcare_readmission,model_training,modelling,294,high,3,17553,17905,ambiguous,task_001323,repo
task_001325,proj_00147,Compare the survival analysis model against a previous version on the patient records dataset.,healthcare_readmission,model_evaluation,modelling,173,low,1,17784,18412,standard,task_001324,repo
task_001326,proj_00147,Draft release notes describing changes to the survival analysis model pipeline.,healthcare_readmission,reporting_documentation,reporting,82,high,3,18141,18293,standard,task_001325,repo
task_001327,proj_00147,The patient records dataset pipeline has been flaky all week.,healthcare_readmission,data_pipeline_maintenance,infrastructure,78,high,3,27692,27825,ambiguous,,repo
task_001328,proj_00147,Resolve the freshness issue in the patient records dataset without changing the ingestion schedule.,healthcare_readmission,data_pipeline_maintenance,infrastructure,57,high,3,18280,18398,negation,,repo
task_001329,proj_00148,"First query the production database, then consolidate the extracts into the network traffic dataset.",network_intrusion_detection,data_collection,data_preparation,136,low,1,11730,12608,multi_step,,repo
task_001330,proj_00148,Half the rows in the network traffic dataset don't look right.,network_intrusion_detection,data_cleaning,data_preparation,137,medium,2,12055,12382,ambiguous,task_001329,repo
task_001331,proj_00148,"First scale packet size, then check whether the autoencoder model still needs the interaction terms.",network_intrusion_detection,feature_engineering,analysis,295,medium,2,12948,13597,multi_step,task_001330,repo
task_001332,proj_00148,Get a first intrusion type baseline without tuning the autoencoder model at all.,network_intrusion_detection,model_training,modelling,75,medium,2,14020,14220,negation,task_001331,repo
task_001333,proj_00148,Assessing whether the autoencoder model meets the required performance threshold.,network_intrusion_detection,model_evaluation,modelling,51,medium,2,15094,15470,standard,task_001332,repo
task_001334,proj_00148,"First fit the autoencoder model on a sample, then run the full training on the network traffic dataset.",network_intrusion_detection,model_training,modelling,91,medium,2,15445,15674,multi_step,task_001333,repo
task_001335,proj_00148,Run an error analysis on the autoencoder model predictions for intrusion type.,network_intrusion_detection,model_evaluation,modelling,177,low,1,16812,18293,standard,task_001334,repo
task_001336,proj_00148,"First collect the autoencoder model results, then prepare a one-page summary for management.",network_intrusion_detection,reporting_documentation,reporting,132,medium,2,17432,18042,multi_step,task_001335,repo
task_001337,proj_00148,Resolve the freshness issue in the network traffic dataset without changing the ingestion schedule.,network_intrusion_detection,data_pipeline_maintenance,infrastructure,16,high,3,21450,21631,negation,,repo
task_001338,proj_00148,Reviewing pipeline logs after an unexpected failure.,network_intrusion_detection,data_pipeline_maintenance,infrastructure,104,medium,2,31172,31725,standard,,repo
task_001339,proj_00149,Extract records for the social media comments dataset without pulling any personally identifiable fields.,sentiment_analysis,data_collection,data_preparation,51,low,1,53438,54414,negation,,repo
task_001340,proj_00149,Standardise column formats across the social media comments dataset.,sentiment_analysis,data_cleaning,data_preparation,163,high,3,54251,54516,standard,task_001339,repo
task_001341,proj_00149,Produce summary statistics and visualisations for the social media comments dataset.,sentiment_analysis,exploratory_data_analysis,analysis,175,medium,2,54703,55264,standard,task_001340,repo
task_001342,proj_00149,Build aggregated features summarising topic distribution at the project level.,sentiment_analysis,feature_engineering,analysis,65,low,1,55415,56825,standard,task_001341,repo
task_001343,proj_00149,Debug a training failure encountered while fitting the naive Bayes classifier.,sentiment_analysis,model_training,modelling,183,high,3,56643,56933,standard,task_001342,repo
task_001344,proj_00149,The naive Bayes classifier was fine last month and now it isn't.,sentiment_analysis,model_evaluation,modelling,58,high,3,57523,57706,ambiguous,task_001343,repo
task_001345,proj_00149,Put together whatever we have on the social media comments dataset for the handover.,sentiment_analysis,reporting_documentation,reporting,120,low,1,58069,58684,ambiguous,task_001344,repo
task_001346,proj_00149,Investigate a failed run in the social media comments dataset ingestion pipeline.,sentiment_analysis,data_pipeline_maintenance,infrastructure,73,medium,2,62782,63095,standard,,repo
task_001347,proj_00149,Resolve a data freshness issue affecting the social media comments dataset.,sentiment_analysis,data_pipeline_maintenance,infrastructure,59,low,1,72076,73548,standard,,repo
task_001348,proj_00149,"Check the pipeline logs, then patch the schema change that broke the social media comments dataset ingestion.",sentiment_analysis,data_pipeline_maintenance,infrastructure,81,high,3,57605,57742,multi_step,,repo
task_001349,proj_00150,Query the production database to extract data for the demand forecasting dataset.,sales_forecasting,data_collection,data_preparation,45,low,1,54190,54741,standard,,repo
task_001350,proj_00150,Impute missing values for store location using an appropriate strategy.,sales_forecasting,data_cleaning,data_preparation,144,low,1,55180,56641,standard,task_001349,repo
task_001351,proj_00150,"There's something odd in the demand forecasting dataset, can't put my finger on it.",sales_forecasting,exploratory_data_analysis,analysis,146,high,3,56019,56344,ambiguous,task_001350,repo
task_001352,proj_00150,"First fit the gradient boosting regressor on a sample, then run the full training on the demand forecasting dataset.",sales_forecasting,model_training,modelling,285,high,3,57055,57495,multi_step,task_001351,repo
task_001353,proj_00150,Check the gradient boosting regressor for fairness across segments of the demand forecasting dataset.,sales_forecasting,model_evaluation,modelling,66,medium,2,57923,58357,standard,task_001352,repo
task_001354,proj_00150,Summarise key findings from the inventory requirements analysis for the team.,sales_forecasting,reporting_documentation,reporting,161,medium,2,58875,59216,standard,task_001353,repo
task_001355,proj_00150,"The demand forecasting dataset numbers look stale, find out why.",sales_forecasting,data_pipeline_maintenance,infrastructure,19,high,3,68931,69123,ambiguous,,repo
task_001356,proj_00151,Extract records for the historical sales dataset without pulling any personally identifiable fields.,sales_forecasting,data_collection,data_preparation,125,low,1,16207,17567,negation,,repo
task_001357,proj_00151,Standardise column formats across the historical sales dataset.,sales_forecasting,data_cleaning,data_preparation,66,medium,2,16279,16680,standard,task_001356,repo
task_001358,proj_00151,Improve signal for inventory requirements without adding features derived from seasonality.,sales_forecasting,feature_engineering,analysis,287,low,1,16393,17294,negation,task_001357,repo
task_001359,proj_00151,Train a SARIMA model to predict inventory requirements using the historical sales dataset.,sales_forecasting,model_training,modelling,122,medium,2,17409,17685,standard,task_001358,repo
task_001360,proj_00151,"Evaluate the SARIMA model on the historical sales dataset, then check fairness across the main segments.",sales_forecasting,model_evaluation,modelling,153,medium,2,17515,18077,multi_step,task_001359,repo
task_001361,proj_00151,Fit the SARIMA model on the historical sales dataset without using the seasonality column.,sales_forecasting,model_training,modelling,253,medium,2,18456,19139,negation,task_001360,repo
task_001362,proj_00151,Run an error analysis on the SARIMA model predictions for inventory requirements.,sales_forecasting,model_evaluation,modelling,159,high,3,18742,19046,standard,task_001361,repo
task_001363,proj_00151,They want something on inventory requirements for tomorrow.,sales_forecasting,reporting_documentation,reporting,68,medium,2,20123,20477,ambiguous,task_001362,repo
task_001364,proj_00152,Query the production database to extract data for the conversion funnel dataset.,ab_testing_analysis,data_collection,data_preparation,72,medium,2,58660,59144,standard,,repo
task_001365,proj_00152,Resolve inconsistent entries in the conversion funnel dataset without dropping any rows.,ab_testing_analysis,data_cleaning,data_preparation,173,medium,2,59965,60587,negation,task_001364,repo
task_001366,proj_00152,Produce summary statistics and visualisations for the conversion funnel dataset.,ab_testing_analysis,exploratory_data_analysis,analysis,94,high,3,61125,61387,standard,task_001365,repo
task_001367,proj_00152,Encode categorical variables in the conversion funnel dataset for the difference-in-differences model.,ab_testing_analysis,feature_engineering,analysis,205,medium,2,62321,62889,standard,task_001366,repo
task_001368,proj_00152,Train a difference-in-differences model to predict experiment outcome using the conversion funnel dataset.,ab_testing_analysis,model_training,modelling,121,high,3,63365,63652,standard,task_001367,repo
task_001369,proj_00152,Evaluate the difference-in-differences model on a held-out split of the conversion funnel dataset.,ab_testing_analysis,model_evaluation,modelling,100,high,3,63748,63940,standard,task_001368,repo
task_001370,proj_00152,"The difference-in-differences model isn't picking anything up, have a go at it.",ab_testing_analysis,model_training,modelling,103,high,3,64949,65164,ambiguous,task_001369,repo
task_001371,proj_00152,"Compute precision, recall and F1 for experiment outcome predictions.",ab_testing_analysis,model_evaluation,modelling,155,high,3,65786,65976,standard,task_001370,repo
task_001372,proj_00152,"First collect the difference-in-differences model results, then prepare a one-page summary for management.",ab_testing_analysis,reporting_documentation,reporting,76,low,1,66497,67894,multi_step,task_001371,repo
task_001373,proj_00152,Refactor the ingestion pipeline for the conversion funnel dataset to reduce runtime.,ab_testing_analysis,data_pipeline_maintenance,infrastructure,26,low,1,70594,71063,standard,,repo
task_001374,proj_00152,Restart and verify the conversion funnel dataset pipeline after a maintenance window.,ab_testing_analysis,data_pipeline_maintenance,infrastructure,51,low,1,75830,76644,standard,,repo
task_001375,proj_00153,Gather historical records to build the A/B test results dataset.,ab_testing_analysis,data_collection,data_preparation,106,low,1,23854,24855,standard,,repo
task_001376,proj_00153,"First fix the encoding issues in the A/B test results dataset, then reconcile the mismatched identifiers.",ab_testing_analysis,data_cleaning,data_preparation,112,low,1,24160,24759,multi_step,task_001375,repo
task_001377,proj_00153,Compare variance reduction covariate distributions across different segments of the A/B test results dataset.,ab_testing_analysis,exploratory_data_analysis,analysis,106,medium,2,24281,24807,standard,task_001376,repo
task_001378,proj_00153,Give the causal inference model another run with the latest A/B test results dataset.,ab_testing_analysis,model_training,modelling,320,high,3,24780,25228,ambiguous,task_001377,repo
task_001379,proj_00153,Produce a confusion matrix summarising causal inference model performance on conversion rate uplift.,ab_testing_analysis,model_evaluation,modelling,45,medium,2,25030,25478,standard,task_001378,repo
task_001380,proj_00153,Updating the project README with the latest A/B test results dataset schema.,ab_testing_analysis,reporting_documentation,reporting,153,low,1,25878,26749,standard,task_001379,repo
task_001381,proj_00154,Pull the latest records and afterwards check the catalogue image dataset covers the full time range.,image_classification,data_collection,data_preparation,144,low,1,41104,42512,multi_step,,repo
task_001382,proj_00154,Standardise column formats across the catalogue image dataset.,image_classification,data_cleaning,data_preparation,125,medium,2,41535,41866,standard,task_001381,repo
task_001383,proj_00154,"First scale pixel intensity, then check whether the vision transformer model still needs the interaction terms.",image_classification,feature_engineering,analysis,293,medium,2,42052,42486,multi_step,task_001382,repo
task_001384,proj_00154,"The vision transformer model isn't picking anything up, have a go at it.",image_classification,model_training,modelling,208,high,3,42069,42349,ambiguous,task_001383,repo
task_001385,proj_00154,"Compute precision, recall and F1 for image quality label predictions.",image_classification,model_evaluation,modelling,153,medium,2,42085,42486,standard,task_001384,repo
task_001386,proj_00154,"Update the README with the new catalogue image dataset schema, then draft the vision transformer model release notes.",image_classification,reporting_documentation,reporting,119,medium,2,43492,43839,multi_step,task_001385,repo
task_001387,proj_00154,Restart and verify the catalogue image dataset pipeline after a maintenance window.,image_classification,data_pipeline_maintenance,infrastructure,109,medium,2,41416,41680,standard,,repo
task_001388,proj_00154,Monitor data quality alerts for the catalogue image dataset pipeline.,image_classification,data_pipeline_maintenance,infrastructure,65,medium,2,49777,50033,standard,,repo
task_001389,proj_00155,Validate that the support tickets dataset covers the full required time range.,text_summarisation,data_collection,data_preparation,92,medium,2,35199,35575,standard,,repo
task_001390,proj_00155,Impute missing values for sentence embeddings using an appropriate strategy.,text_summarisation,data_cleaning,data_preparation,147,high,3,35913,36174,standard,task_001389,repo
task_001391,proj_00155,Identify data quality issues that could affect key topic extraction prediction.,text_summarisation,exploratory_data_analysis,analysis,210,high,3,35960,36321,standard,task_001390,repo
task_001392,proj_00155,Engineer new features from sentence embeddings to improve key topic extraction prediction.,text_summarisation,feature_engineering,analysis,232,low,1,35983,37593,standard,task_001391,repo
task_001393,proj_00155,Set up cross-validation and then fit the extractive summarisation pipeline on the prepared support tickets dataset.,text_summarisation,model_training,modelling,335,low,1,36999,37732,multi_step,task_001392,repo
task_001394,proj_00155,Evaluate the extractive summarisation pipeline on a held-out split of the support tickets dataset.,text_summarisation,model_evaluation,modelling,143,high,3,38117,38380,standard,task_001393,repo
task_001395,proj_00155,Get a first key topic extraction baseline without tuning the extractive summarisation pipeline at all.,text_summarisation,model_training,modelling,258,low,1,38902,39417,negation,task_001394,repo
task_001396,proj_00155,"First reproduce the reported extractive summarisation pipeline metrics, then investigate the drop in recall.",text_summarisation,model_evaluation,modelling,124,high,3,39172,39439,multi_step,task_001395,repo
task_001397,proj_00155,Fine-tune the extractive summarisation pipeline on a recent snapshot of the support tickets dataset.,text_summarisation,model_training,modelling,70,high,3,39206,39397,standard,task_001396,repo
task_001398,proj_00155,Assessing whether the extractive summarisation pipeline meets the required performance threshold.,text_summarisation,model_evaluation,modelling,107,high,3,39613,39806,standard,task_001397,repo
task_001399,proj_00155,Nobody knows how the extractive summarisation pipeline works — fix that.,text_summarisation,reporting_documentation,reporting,122,low,1,40107,41478,ambiguous,task_001398,repo
task_001400,proj_00155,Add monitoring for a recurring failure in the support tickets dataset pipeline.,text_summarisation,data_pipeline_maintenance,infrastructure,120,medium,2,34490,34786,standard,,repo
task_001401,proj_00156,Query the production database to extract data for the intrusion detection dataset.,network_intrusion_detection,data_collection,data_preparation,180,low,1,74448,75001,standard,,repo
task_001402,proj_00156,Reconcile mismatched identifiers between two versions of the intrusion detection dataset.,network_intrusion_detection,data_cleaning,data_preparation,175,high,3,74723,75061,standard,task_001401,repo
task_001403,proj_00156,Set up the training pipeline for the gradient boosting model.,network_intrusion_detection,model_training,modelling,71,high,3,75299,75536,standard,task_001402,repo
task_001404,proj_00156,Produce a confusion matrix summarising gradient boosting model performance on anomaly score.,network_intrusion_detection,model_evaluation,modelling,173,high,3,76572,76775,standard,task_001403,repo
task_001405,proj_00156,Prepare slides presenting the gradient boosting model performance to stakeholders.,network_intrusion_detection,reporting_documentation,reporting,112,low,1,77461,78646,standard,task_001404,repo
task_001406,proj_00156,The intrusion detection dataset pipeline has been flaky all week.,network_intrusion_detection,data_pipeline_maintenance,infrastructure,74,medium,2,78062,78520,ambiguous,,repo
task_001407,proj_00156,Resolve a data freshness issue affecting the intrusion detection dataset.,network_intrusion_detection,data_pipeline_maintenance,infrastructure,21,low,1,75498,76619,standard,,repo
task_001408,proj_00157,Pull the latest records and afterwards check the warehouse inventory dataset covers the full time range.,supply_chain_optimisation,data_collection,data_preparation,49,high,3,3802,3931,multi_step,,repo
task_001409,proj_00157,Treat the outliers in supplier reliability without imputing any values.,supply_chain_optimisation,data_cleaning,data_preparation,109,low,1,4153,4700,negation,task_001408,repo
task_001410,proj_00157,Give the gradient boosting regressor another run with the latest warehouse inventory dataset.,supply_chain_optimisation,model_training,modelling,281,high,3,4225,4621,ambiguous,task_001409,repo
task_001411,proj_00157,Investigate a drop in gradient boosting regressor recall after the last warehouse inventory dataset update.,supply_chain_optimisation,model_evaluation,modelling,57,medium,2,4752,5103,standard,task_001410,repo
task_001412,proj_00157,Write up the stock-out risk results without waiting for the final gradient boosting regressor run.,supply_chain_optimisation,reporting_documentation,reporting,163,medium,2,4878,5198,negation,task_001411,repo
task_001413,proj_00157,The warehouse inventory dataset ingestion job fell over again last night.,supply_chain_optimisation,data_pipeline_maintenance,infrastructure,89,low,1,6459,6912,ambiguous,,repo
task_001414,proj_00157,"Check the pipeline logs, then patch the schema change that broke the warehouse inventory dataset ingestion.",supply_chain_optimisation,data_pipeline_maintenance,infrastructure,55,high,3,4417,4518,multi_step,,repo
task_001415,proj_00157,Fix a broken scheduled job feeding the warehouse inventory dataset.,supply_chain_optimisation,data_pipeline_maintenance,infrastructure,117,medium,2,7504,7895,standard,,repo
task_001416,proj_00158,Pull the latest records and afterwards check the clinical notes dataset covers the full time range.,healthcare_readmission,data_collection,data_preparation,89,medium,2,52860,53406,multi_step,,repo
task_001417,proj_00158,Clean missing values in the clinical notes dataset before training the gradient boosting model.,healthcare_readmission,data_cleaning,data_preparation,146,medium,2,54152,54637,standard,task_001416,repo
task_001418,proj_00158,Check for seasonality patterns related to comorbidity count in the clinical notes dataset.,healthcare_readmission,exploratory_data_analysis,analysis,131,medium,2,55437,56033,standard,task_001417,repo
task_001419,proj_00158,See if we can squeeze more out of comorbidity count for patient risk score.,healthcare_readmission,feature_engineering,analysis,192,medium,2,55505,55915,ambiguous,task_001418,repo
task_001420,proj_00158,Retrain the gradient boosting model after incorporating the new features.,healthcare_readmission,model_training,modelling,66,medium,2,55741,55961,standard,task_001419,repo
task_001421,proj_00158,Validate the gradient boosting model on out-of-time data before deployment.,healthcare_readmission,model_evaluation,modelling,176,low,1,56970,58428,standard,task_001420,repo
task_001422,proj_00158,Get a first patient risk score baseline without tuning the gradient boosting model at all.,healthcare_readmission,model_training,modelling,275,medium,2,57509,58221,negation,task_001421,repo
task_001423,proj_00158,Check the gradient boosting model for fairness across segments of the clinical notes dataset.,healthcare_readmission,model_evaluation,modelling,92,low,1,58434,58856,standard,task_001422,repo
task_001424,proj_00158,Run cross-validation while training the gradient boosting model on the clinical notes dataset.,healthcare_readmission,model_training,modelling,219,medium,2,58572,59173,standard,task_001423,repo
task_001425,proj_00158,Compare the gradient boosting model against the previous version without retraining either of them.,healthcare_readmission,model_evaluation,modelling,109,medium,2,59921,60427,negation,task_001424,repo
task_001426,proj_00158,Summarise key findings from the patient risk score analysis for the team.,healthcare_readmission,reporting_documentation,reporting,150,low,1,60234,61326,standard,task_001425,repo
task_001427,proj_00158,Investigate a failed run in the clinical notes dataset ingestion pipeline.,healthcare_readmission,data_pipeline_maintenance,infrastructure,81,medium,2,64734,65282,standard,,repo
task_001428,proj_00158,Fix a broken scheduled job feeding the clinical notes dataset.,healthcare_readmission,data_pipeline_maintenance,infrastructure,45,medium,2,57387,57838,standard,,repo
task_001429,proj_00159,Check where the network traffic dataset is actually coming from.,network_intrusion_detection,data_collection,data_preparation,149,medium,2,45169,45607,ambiguous,,repo
task_001430,proj_00159,Treat the outliers in connection duration without imputing any values.,network_intrusion_detection,data_cleaning,data_preparation,187,low,1,46368,47468,negation,task_001429,repo
task_001431,proj_00159,Check for seasonality patterns related to connection duration in the network traffic dataset.,network_intrusion_detection,exploratory_data_analysis,analysis,161,high,3,46715,46916,standard,task_001430,repo
task_001432,proj_00159,Test whether adding connection duration-derived features improves signal for intrusion type.,network_intrusion_detection,feature_engineering,analysis,295,low,1,47745,48736,standard,task_001431,repo
task_001433,proj_00159,Fine-tune the autoencoder model on a recent snapshot of the network traffic dataset.,network_intrusion_detection,model_training,modelling,298,high,3,49179,49568,standard,task_001432,repo
task_001434,proj_00159,Validate the autoencoder model without touching the held-out test split.,network_intrusion_detection,model_evaluation,modelling,126,medium,2,50178,50518,negation,task_001433,repo
task_001435,proj_00159,Get a first intrusion type baseline without tuning the autoencoder model at all.,network_intrusion_detection,model_training,modelling,65,low,1,50206,50572,negation,task_001434,repo
task_001436,proj_00159,Compare the autoencoder model against a previous version on the network traffic dataset.,network_intrusion_detection,model_evaluation,modelling,66,medium,2,51357,51642,standard,task_001435,repo
task_001437,proj_00159,"Draft the intrusion type findings first, then turn them into slides for stakeholders.",network_intrusion_detection,reporting_documentation,reporting,41,high,3,52664,52785,multi_step,task_001436,repo
task_001438,proj_00159,Restart and verify the network traffic dataset pipeline after a maintenance window.,network_intrusion_detection,data_pipeline_maintenance,infrastructure,43,high,3,54076,54193,standard,,repo
task_001439,proj_00160,Retrieving additional records is required to complete the demand forecasting dataset.,sales_forecasting,data_collection,data_preparation,127,medium,2,4153,4456,standard,,repo
task_001440,proj_00160,Impute missing values for promotional calendar using an appropriate strategy.,sales_forecasting,data_cleaning,data_preparation,108,medium,2,4861,5278,standard,task_001439,repo
task_001441,proj_00160,Build aggregated features summarising promotional calendar at the project level.,sales_forecasting,feature_engineering,analysis,300,medium,2,5638,6377,standard,task_001440,repo
task_001442,proj_00160,Establishing a baseline gradient boosting regressor for weekly sales volume prediction.,sales_forecasting,model_training,modelling,120,low,1,6541,7168,standard,task_001441,repo
task_001443,proj_00160,Validate the gradient boosting regressor on out-of-time data before deployment.,sales_forecasting,model_evaluation,modelling,166,medium,2,6944,7421,standard,task_001442,repo
task_001444,proj_00160,"First collect the gradient boosting regressor results, then prepare a one-page summary for management.",sales_forecasting,reporting_documentation,reporting,92,high,3,7610,7882,multi_step,task_001443,repo
task_001445,proj_00160,Restore the demand forecasting dataset pipeline without triggering a full historical backfill.,sales_forecasting,data_pipeline_maintenance,infrastructure,116,low,1,20297,21159,negation,,repo
task_001446,proj_00161,"The customer retention dataset doesn't go back far enough, see what you can do.",customer_churn,data_collection,data_preparation,129,medium,2,8860,9439,ambiguous,,repo
task_001447,proj_00161,Clean the customer retention dataset for subscription cancellation modelling without altering the original source files.,customer_churn,data_cleaning,data_preparation,157,medium,2,9917,10285,negation,task_001446,repo
task_001448,proj_00161,Get a first subscription cancellation baseline without tuning the logistic regression model at all.,customer_churn,model_training,modelling,329,high,3,10591,11076,negation,task_001447,repo
task_001449,proj_00161,Produce a confusion matrix summarising logistic regression model performance on subscription cancellation.,customer_churn,model_evaluation,modelling,178,medium,2,11576,12172,standard,task_001448,repo
task_001450,proj_00161,Prepare slides presenting the logistic regression model performance to stakeholders.,customer_churn,reporting_documentation,reporting,83,low,1,12921,13659,standard,task_001449,repo
task_001451,proj_00161,"Check the pipeline logs, then patch the schema change that broke the customer retention dataset ingestion.",customer_churn,data_pipeline_maintenance,infrastructure,42,medium,2,16183,16538,multi_step,,repo
task_001452,proj_00161,Restart and verify the customer retention dataset pipeline after a maintenance window.,customer_churn,data_pipeline_maintenance,infrastructure,62,low,1,27225,27700,standard,,repo
task_001453,proj_00161,Monitor data quality alerts for the customer retention dataset pipeline.,customer_churn,data_pipeline_maintenance,infrastructure,52,medium,2,12904,13256,standard,,repo
task_001454,proj_00162,Validate that the social media comments dataset covers the full required time range.,sentiment_analysis,data_collection,data_preparation,127,low,1,65877,67148,standard,,repo
task_001455,proj_00162,Reconcile mismatched identifiers between two versions of the social media comments dataset.,sentiment_analysis,data_cleaning,data_preparation,195,low,1,66370,66973,standard,task_001454,repo
task_001456,proj_00162,"There's something odd in the social media comments dataset, can't put my finger on it.",sentiment_analysis,exploratory_data_analysis,analysis,176,medium,2,66988,67324,ambiguous,task_001455,repo
task_001457,proj_00162,Test whether adding star rating-derived features improves signal for review sentiment.,sentiment_analysis,feature_engineering,analysis,85,low,1,67569,68631,standard,task_001456,repo
task_001458,proj_00162,Set up the training pipeline for the LSTM classifier.,sentiment_analysis,model_training,modelling,230,low,1,67662,68806,standard,task_001457,repo
task_001459,proj_00162,Assess the LSTM classifier on review sentiment without relying on accuracy as the headline metric.,sentiment_analysis,model_evaluation,modelling,100,low,1,68189,68811,negation,task_001458,repo
task_001460,proj_00162,Finalise documentation before closing out the review sentiment project.,sentiment_analysis,reporting_documentation,reporting,32,medium,2,69316,69612,standard,task_001459,repo
task_001461,proj_00162,"Check the pipeline logs, then patch the schema change that broke the social media comments dataset ingestion.",sentiment_analysis,data_pipeline_maintenance,infrastructure,120,medium,2,78445,79020,multi_step,,repo
task_001462,proj_00162,"The social media comments dataset numbers look stale, find out why.",sentiment_analysis,data_pipeline_maintenance,infrastructure,98,medium,2,65602,65896,ambiguous,,repo
task_001463,proj_00163,Gather the missing records for the intrusion detection dataset without hitting production directly.,network_intrusion_detection,data_collection,data_preparation,51,low,1,62397,63072,negation,,repo
task_001464,proj_00163,"First fix the encoding issues in the intrusion detection dataset, then reconcile the mismatched identifiers.",network_intrusion_detection,data_cleaning,data_preparation,83,medium,2,63290,63778,multi_step,task_001463,repo
task_001465,proj_00163,Summarise the intrusion detection dataset without producing any new visualisations.,network_intrusion_detection,exploratory_data_analysis,analysis,80,medium,2,63366,63631,negation,task_001464,repo
task_001466,proj_00163,Engineer new features from connection duration to improve malicious traffic prediction.,network_intrusion_detection,feature_engineering,analysis,187,high,3,64006,64313,standard,task_001465,repo
task_001467,proj_00163,Fine-tune the random forest classifier on a recent snapshot of the intrusion detection dataset.,network_intrusion_detection,model_training,modelling,274,medium,2,64716,65316,standard,task_001466,repo
task_001468,proj_00163,Assess the random forest classifier on malicious traffic without relying on accuracy as the headline metric.,network_intrusion_detection,model_evaluation,modelling,113,medium,2,66145,66668,negation,task_001467,repo
task_001469,proj_00163,Summarise key findings from the malicious traffic analysis for the team.,network_intrusion_detection,reporting_documentation,reporting,69,high,3,66225,66408,standard,task_001468,repo
task_001470,proj_00163,Add monitoring for a recurring failure in the intrusion detection dataset pipeline.,network_intrusion_detection,data_pipeline_maintenance,infrastructure,65,low,1,73933,75029,standard,,repo
task_001471,proj_00163,"The intrusion detection dataset numbers look stale, find out why.",network_intrusion_detection,data_pipeline_maintenance,infrastructure,28,medium,2,67609,67988,ambiguous,,repo
task_001472,proj_00163,Monitor data quality alerts for the intrusion detection dataset pipeline.,network_intrusion_detection,data_pipeline_maintenance,infrastructure,36,low,1,71420,72828,standard,,repo
task_001473,proj_00164,Requesting access to a new data source needed for the user interaction dataset.,recommendation_system,data_collection,data_preparation,89,low,1,51175,52577,standard,,repo
task_001474,proj_00164,"The user interaction dataset looks messy again, deal with it.",recommendation_system,data_cleaning,data_preparation,44,medium,2,51333,51502,ambiguous,task_001473,repo
task_001475,proj_00164,Fit the two-tower neural network on the user interaction dataset without using the category preference column.,recommendation_system,model_training,modelling,270,medium,2,51699,52145,negation,task_001474,repo
task_001476,proj_00164,"Evaluate the two-tower neural network on the user interaction dataset, then check fairness across the main segments.",recommendation_system,model_evaluation,modelling,152,high,3,51978,52259,multi_step,task_001475,repo
task_001477,proj_00164,Summarise key findings from the item relevance analysis for the team.,recommendation_system,reporting_documentation,reporting,82,low,1,52415,53709,standard,task_001476,repo
task_001478,proj_00164,Restore the user interaction dataset pipeline without triggering a full historical backfill.,recommendation_system,data_pipeline_maintenance,infrastructure,90,low,1,70361,71630,negation,,repo
task_001479,proj_00165,Check where the product image dataset is actually coming from.,image_classification,data_collection,data_preparation,147,low,1,69613,70080,ambiguous,,repo
task_001480,proj_00165,Resolve inconsistent entries in the product image dataset without dropping any rows.,image_classification,data_cleaning,data_preparation,195,high,3,69814,70155,negation,task_001479,repo
task_001481,proj_00165,Improve signal for product category without adding features derived from edge features.,image_classification,feature_engineering,analysis,160,medium,2,70539,70908,negation,task_001480,repo
task_001482,proj_00165,Fine-tune the convolutional neural network on a recent snapshot of the product image dataset.,image_classification,model_training,modelling,151,high,3,71404,71695,standard,task_001481,repo
task_001483,proj_00165,"Score the convolutional neural network on the held-out split, then run an error analysis on the failures.",image_classification,model_evaluation,modelling,76,high,3,72356,72486,multi_step,task_001482,repo
task_001484,proj_00165,Prepare slides presenting the convolutional neural network performance to stakeholders.,image_classification,reporting_documentation,reporting,91,medium,2,73176,73467,standard,task_001483,repo
task_001485,proj_00165,Restore the product image dataset pipeline without triggering a full historical backfill.,image_classification,data_pipeline_maintenance,infrastructure,100,high,3,86545,86730,negation,,repo
task_001486,proj_00165,"First add monitoring for the recurring failure, then refactor the product image dataset ingestion.",image_classification,data_pipeline_maintenance,infrastructure,112,medium,2,85095,85515,multi_step,,repo
task_001487,proj_00166,Query the production database to extract data for the transaction dataset.,fraud_detection,data_collection,data_preparation,148,low,1,60646,61851,standard,,repo
task_001488,proj_00166,Deduplicate the transaction dataset and then standardise the device fingerprint column formats.,fraud_detection,data_cleaning,data_preparation,39,low,1,61059,61572,multi_step,task_001487,repo
task_001489,proj_00166,Assess class imbalance in fraud risk without resampling the transaction dataset at this stage.,fraud_detection,exploratory_data_analysis,analysis,216,medium,2,61353,61937,negation,task_001488,repo
task_001490,proj_00166,Normalise and scale device fingerprint ahead of model training.,fraud_detection,feature_engineering,analysis,81,medium,2,62312,62637,standard,task_001489,repo
task_001491,proj_00166,Run cross-validation while training the gradient boosting model on the transaction dataset.,fraud_detection,model_training,modelling,301,high,3,63223,63595,standard,task_001490,repo
task_001492,proj_00166,Evaluate the gradient boosting model on a held-out split of the transaction dataset.,fraud_detection,model_evaluation,modelling,55,low,1,63587,64136,standard,task_001491,repo
task_001493,proj_00166,"Update the README with the new transaction dataset schema, then draft the gradient boosting model release notes.",fraud_detection,reporting_documentation,reporting,73,low,1,64696,65031,multi_step,task_001492,repo
task_001494,proj_00166,The transaction dataset ingestion job fell over again last night.,fraud_detection,data_pipeline_maintenance,infrastructure,60,low,1,65606,65976,ambiguous,,repo
task_001495,proj_00166,Add monitoring for a recurring failure in the transaction dataset pipeline.,fraud_detection,data_pipeline_maintenance,infrastructure,71,medium,2,78019,78535,standard,,repo
task_001496,proj_00167,Requesting access to a new data source needed for the conversion funnel dataset.,ab_testing_analysis,data_collection,data_preparation,93,low,1,7165,7986,standard,,repo
task_001497,proj_00167,Remove duplicate records from the conversion funnel dataset.,ab_testing_analysis,data_cleaning,data_preparation,34,medium,2,7589,7750,standard,task_001496,repo
task_001498,proj_00167,Compare exposure group distributions across different segments of the conversion funnel dataset.,ab_testing_analysis,exploratory_data_analysis,analysis,219,medium,2,8294,8745,standard,task_001497,repo
task_001499,proj_00167,Build aggregated features summarising exposure group at the project level.,ab_testing_analysis,feature_engineering,analysis,245,low,1,8506,9842,standard,task_001498,repo
task_001500,proj_00167,Retrain the difference-in-differences model after incorporating the new features.,ab_testing_analysis,model_training,modelling,227,medium,2,9570,10237,standard,task_001499,repo
task_001501,proj_00167,Validate the difference-in-differences model on out-of-time data before deployment.,ab_testing_analysis,model_evaluation,modelling,168,medium,2,9973,10480,standard,task_001500,repo
task_001502,proj_00167,Fine-tune the difference-in-differences model on a recent snapshot of the conversion funnel dataset.,ab_testing_analysis,model_training,modelling,169,low,1,10235,11306,standard,task_001501,repo
task_001503,proj_00167,Evaluate the difference-in-differences model on a held-out split of the conversion funnel dataset.,ab_testing_analysis,model_evaluation,modelling,132,high,3,10605,10770,standard,task_001502,repo
task_001504,proj_00167,Write handover notes for the conversion funnel dataset project.,ab_testing_analysis,reporting_documentation,reporting,147,low,1,11417,12374,standard,task_001503,repo
task_001505,proj_00167,Monitor data quality alerts for the conversion funnel dataset pipeline.,ab_testing_analysis,data_pipeline_maintenance,infrastructure,42,medium,2,7817,8285,standard,,repo
task_001506,proj_00167,Patch a schema change that broke the conversion funnel dataset pipeline.,ab_testing_analysis,data_pipeline_maintenance,infrastructure,106,medium,2,22748,23265,standard,,repo
task_001507,proj_00168,Scrape supplementary records to enrich the clickstream dataset.,recommendation_system,data_collection,data_preparation,111,high,3,18118,18382,standard,,repo
task_001508,proj_00168,Treat the outliers in session length without imputing any values.,recommendation_system,data_cleaning,data_preparation,34,medium,2,18271,18724,negation,task_001507,repo
task_001509,proj_00168,"Profile the clickstream dataset first, then investigate how session length relates to user click-through rate.",recommendation_system,exploratory_data_analysis,analysis,175,medium,2,19205,19619,multi_step,task_001508,repo
task_001510,proj_00168,Engineer new features from session length to improve user click-through rate prediction.,recommendation_system,feature_engineering,analysis,119,low,1,20251,20864,standard,task_001509,repo
task_001511,proj_00168,Fine-tune the two-tower neural network on a recent snapshot of the clickstream dataset.,recommendation_system,model_training,modelling,279,high,3,20898,21227,standard,task_001510,repo
task_001512,proj_00168,Run an error analysis on the two-tower neural network predictions for user click-through rate.,recommendation_system,model_evaluation,modelling,125,medium,2,21035,21383,standard,task_001511,repo
task_001513,proj_00168,"Update the README with the new clickstream dataset schema, then draft the two-tower neural network release notes.",recommendation_system,reporting_documentation,reporting,82,medium,2,21360,21683,multi_step,task_001512,repo
task_001514,proj_00168,Reviewing pipeline logs after an unexpected failure.,recommendation_system,data_pipeline_maintenance,infrastructure,50,medium,2,28193,28383,standard,,repo
task_001515,proj_00168,"First add monitoring for the recurring failure, then refactor the clickstream dataset ingestion.",recommendation_system,data_pipeline_maintenance,infrastructure,97,high,3,34490,34623,multi_step,,repo
task_001516,proj_00168,Fix the failing clickstream dataset job without taking the pipeline offline.,recommendation_system,data_pipeline_maintenance,infrastructure,58,low,1,24927,26329,negation,,repo
task_001517,proj_00169,Check where the customer retention dataset is actually coming from.,customer_churn,data_collection,data_preparation,47,high,3,939,1029,ambiguous,,repo
task_001518,proj_00169,Standardise column formats across the customer retention dataset.,customer_churn,data_cleaning,data_preparation,82,low,1,2253,2930,standard,task_001517,repo
task_001519,proj_00169,Compare monthly charges distributions across different segments of the customer retention dataset.,customer_churn,exploratory_data_analysis,analysis,105,medium,2,3481,3924,standard,task_001518,repo
task_001520,proj_00169,Improve signal for customer churn without adding features derived from monthly charges.,customer_churn,feature_engineering,analysis,102,medium,2,4452,4799,negation,task_001519,repo
task_001521,proj_00169,Training a random forest classifier from scratch on the updated customer retention dataset.,customer_churn,model_training,modelling,187,medium,2,5335,5937,standard,task_001520,repo
task_001522,proj_00169,Validate the random forest classifier on out-of-time data before deployment.,customer_churn,model_evaluation,modelling,99,high,3,6268,6520,standard,task_001521,repo
task_001523,proj_00169,Get a first customer churn baseline without tuning the random forest classifier at all.,customer_churn,model_training,modelling,263,medium,2,6446,7070,negation,task_001522,repo
task_001524,proj_00169,"Evaluate the random forest classifier on the customer retention dataset, then check fairness across the main segments.",customer_churn,model_evaluation,modelling,159,high,3,7364,7663,multi_step,task_001523,repo
task_001525,proj_00169,Give the random forest classifier another run with the latest customer retention dataset.,customer_churn,model_training,modelling,70,high,3,7698,7907,ambiguous,task_001524,repo
task_001526,proj_00169,Assess the random forest classifier on customer churn without relying on accuracy as the headline metric.,customer_churn,model_evaluation,modelling,167,low,1,7883,8649,negation,task_001525,repo
task_001527,proj_00169,"Update the README with the new customer retention dataset schema, then draft the random forest classifier release notes.",customer_churn,reporting_documentation,reporting,148,low,1,8424,9392,multi_step,task_001526,repo
task_001528,proj_00169,"The customer retention dataset numbers look stale, find out why.",customer_churn,data_pipeline_maintenance,infrastructure,24,medium,2,19212,19596,ambiguous,,repo
task_001529,proj_00169,Reviewing pipeline logs after an unexpected failure.,customer_churn,data_pipeline_maintenance,infrastructure,39,low,1,7205,8509,standard,,repo
task_001530,proj_00169,"The customer retention dataset numbers look stale, find out why.",customer_churn,data_pipeline_maintenance,infrastructure,66,high,3,13055,13252,ambiguous,,repo
task_001531,proj_00170,"Request access to the new source, then pull an initial extract into the news articles dataset.",text_summarisation,data_collection,data_preparation,174,low,1,5358,6665,multi_step,,repo
task_001532,proj_00170,Clean the news articles dataset for key topic extraction modelling without altering the original source files.,text_summarisation,data_cleaning,data_preparation,160,medium,2,5895,6500,negation,task_001531,repo
task_001533,proj_00170,Summarise the news articles dataset without producing any new visualisations.,text_summarisation,exploratory_data_analysis,analysis,223,low,1,7320,8572,negation,task_001532,repo
task_001534,proj_00170,Test whether adding keyword frequency-derived features improves signal for key topic extraction.,text_summarisation,feature_engineering,analysis,122,medium,2,8203,8630,standard,task_001533,repo
task_001535,proj_00170,Train a extractive summarisation pipeline to predict key topic extraction using the news articles dataset.,text_summarisation,model_training,modelling,135,medium,2,9510,9998,standard,task_001534,repo
task_001536,proj_00170,Run an error analysis on the extractive summarisation pipeline predictions for key topic extraction.,text_summarisation,model_evaluation,modelling,95,medium,2,10919,11430,standard,task_001535,repo
task_001537,proj_00170,Document known limitations of the current extractive summarisation pipeline.,text_summarisation,reporting_documentation,reporting,33,low,1,12291,12753,standard,task_001536,repo
task_001538,proj_00170,Monitor data quality alerts for the news articles dataset pipeline.,text_summarisation,data_pipeline_maintenance,infrastructure,81,high,3,18119,18338,standard,,repo
task_001539,proj_00170,"First add monitoring for the recurring failure, then refactor the news articles dataset ingestion.",text_summarisation,data_pipeline_maintenance,infrastructure,47,medium,2,10522,10945,multi_step,,repo
task_001540,proj_00170,"Check the pipeline logs, then patch the schema change that broke the news articles dataset ingestion.",text_summarisation,data_pipeline_maintenance,infrastructure,90,medium,2,22560,22980,multi_step,,repo
task_001541,proj_00171,Scrape supplementary records to enrich the conversion funnel dataset.,ab_testing_analysis,data_collection,data_preparation,155,low,1,40411,40949,standard,,repo
task_001542,proj_00171,Half the rows in the conversion funnel dataset don't look right.,ab_testing_analysis,data_cleaning,data_preparation,136,medium,2,41281,41757,ambiguous,task_001541,repo
task_001543,proj_00171,Run a first exploratory pass over the conversion funnel dataset to understand its structure.,ab_testing_analysis,exploratory_data_analysis,analysis,140,low,1,41645,42300,standard,task_001542,repo
task_001544,proj_00171,The inputs to the Bayesian A/B testing model need rethinking.,ab_testing_analysis,feature_engineering,analysis,106,medium,2,42065,42347,ambiguous,task_001543,repo
task_001545,proj_00171,Set up the training pipeline for the Bayesian A/B testing model.,ab_testing_analysis,model_training,modelling,155,medium,2,43002,43370,standard,task_001544,repo
task_001546,proj_00171,Produce a confusion matrix summarising Bayesian A/B testing model performance on conversion rate uplift.,ab_testing_analysis,model_evaluation,modelling,134,medium,2,43409,43982,standard,task_001545,repo
task_001547,proj_00171,Training a Bayesian A/B testing model from scratch on the updated conversion funnel dataset.,ab_testing_analysis,model_training,modelling,100,medium,2,43647,44060,standard,task_001546,repo
task_001548,proj_00171,Produce a confusion matrix summarising Bayesian A/B testing model performance on conversion rate uplift.,ab_testing_analysis,model_evaluation,modelling,46,medium,2,43917,44382,standard,task_001547,repo
task_001549,proj_00171,Give the Bayesian A/B testing model another run with the latest conversion funnel dataset.,ab_testing_analysis,model_training,modelling,308,high,3,44412,44775,ambiguous,task_001548,repo
task_001550,proj_00171,"Compute precision, recall and F1 for conversion rate uplift predictions.",ab_testing_analysis,model_evaluation,modelling,98,high,3,44446,44575,standard,task_001549,repo
task_001551,proj_00171,Prepare slides presenting the Bayesian A/B testing model performance to stakeholders.,ab_testing_analysis,reporting_documentation,reporting,54,low,1,45823,46131,standard,task_001550,repo
task_001552,proj_00171,The conversion funnel dataset pipeline has been flaky all week.,ab_testing_analysis,data_pipeline_maintenance,infrastructure,112,low,1,60141,61488,ambiguous,,repo
task_001553,proj_00171,Fix the failing conversion funnel dataset job without taking the pipeline offline.,ab_testing_analysis,data_pipeline_maintenance,infrastructure,92,medium,2,55889,56290,negation,,repo
task_001554,proj_00171,Fix the failing conversion funnel dataset job without taking the pipeline offline.,ab_testing_analysis,data_pipeline_maintenance,infrastructure,119,low,1,51624,52722,negation,,repo
task_001555,proj_00172,"Request access to the new source, then pull an initial extract into the building energy dataset.",energy_consumption,data_collection,data_preparation,65,low,1,1354,1910,multi_step,,repo
task_001556,proj_00172,Reconcile mismatched identifiers between two versions of the building energy dataset.,energy_consumption,data_cleaning,data_preparation,209,medium,2,2455,2911,standard,task_001555,repo
task_001557,proj_00172,Segment the building energy dataset first and afterwards compare weather data across the segments.,energy_consumption,exploratory_data_analysis,analysis,203,medium,2,3224,3790,multi_step,task_001556,repo
task_001558,proj_00172,"First scale weather data, then check whether the prophet model still needs the interaction terms.",energy_consumption,feature_engineering,analysis,229,low,1,4293,5421,multi_step,task_001557,repo
task_001559,proj_00172,Get a first peak load baseline without tuning the prophet model at all.,energy_consumption,model_training,modelling,83,high,3,4342,4538,negation,task_001558,repo
task_001560,proj_00172,"First reproduce the reported prophet model metrics, then investigate the drop in recall.",energy_consumption,model_evaluation,modelling,89,high,3,5745,5966,multi_step,task_001559,repo
task_001561,proj_00172,Updating the project README with the latest building energy dataset schema.,energy_consumption,reporting_documentation,reporting,119,low,1,7014,8348,standard,task_001560,repo
task_001562,proj_00173,Retrieving additional records is required to complete the news articles dataset.,text_summarisation,data_collection,data_preparation,157,medium,2,66223,66654,standard,,repo
task_001563,proj_00173,"The news articles dataset looks messy again, deal with it.",text_summarisation,data_cleaning,data_preparation,73,high,3,67616,67748,ambiguous,task_001562,repo
task_001564,proj_00173,Visualise trends in key topic extraction over time using the news articles dataset.,text_summarisation,exploratory_data_analysis,analysis,107,low,1,68618,69148,standard,task_001563,repo
task_001565,proj_00173,"First scale sentence embeddings, then check whether the topic model still needs the interaction terms.",text_summarisation,feature_engineering,analysis,243,low,1,68849,70000,multi_step,task_001564,repo
task_001566,proj_00173,Debug a training failure encountered while fitting the topic model.,text_summarisation,model_training,modelling,172,high,3,69649,69972,standard,task_001565,repo
task_001567,proj_00173,Compare the topic model against a previous version on the news articles dataset.,text_summarisation,model_evaluation,modelling,64,high,3,71037,71256,standard,task_001566,repo
task_001568,proj_00173,Write up the key topic extraction results without waiting for the final topic model run.,text_summarisation,reporting_documentation,reporting,87,high,3,71237,71370,negation,task_001567,repo
task_001569,proj_00173,"Check the pipeline logs, then patch the schema change that broke the news articles dataset ingestion.",text_summarisation,data_pipeline_maintenance,infrastructure,98,medium,2,78496,79001,multi_step,,repo
task_001570,proj_00173,Resolve a data freshness issue affecting the news articles dataset.,text_summarisation,data_pipeline_maintenance,infrastructure,43,low,1,80461,81339,standard,,repo
task_001571,proj_00174,Collect raw data for the transaction dataset from the source system.,fraud_detection,data_collection,data_preparation,109,low,1,51028,52473,standard,,repo
task_001572,proj_00174,Deduplicate the transaction dataset and then standardise the merchant category column formats.,fraud_detection,data_cleaning,data_preparation,138,medium,2,51431,51875,multi_step,task_001571,repo
task_001573,proj_00174,Identify data quality issues that could affect fraudulent transactions prediction.,fraud_detection,exploratory_data_analysis,analysis,178,medium,2,52837,53437,standard,task_001572,repo
task_001574,proj_00174,Retrain the gradient boosting model after incorporating the new features.,fraud_detection,model_training,modelling,262,low,1,53306,54751,standard,task_001573,repo
task_001575,proj_00174,Run an error analysis on the gradient boosting model predictions for fraudulent transactions.,fraud_detection,model_evaluation,modelling,105,high,3,53968,54230,standard,task_001574,repo
task_001576,proj_00174,"The gradient boosting model isn't picking anything up, have a go at it.",fraud_detection,model_training,modelling,135,high,3,55375,55577,ambiguous,task_001575,repo
task_001577,proj_00174,"Compute precision, recall and F1 for fraudulent transactions predictions.",fraud_detection,model_evaluation,modelling,111,medium,2,56752,57335,standard,task_001576,repo
task_001578,proj_00174,Debug a training failure encountered while fitting the gradient boosting model.,fraud_detection,model_training,modelling,353,medium,2,57019,57602,standard,task_001577,repo
task_001579,proj_00174,Assess the gradient boosting model on fraudulent transactions without relying on accuracy as the headline metric.,fraud_detection,model_evaluation,modelling,126,low,1,58047,59095,negation,task_001578,repo
task_001580,proj_00174,Write handover notes for the transaction dataset project.,fraud_detection,reporting_documentation,reporting,87,medium,2,58374,58607,standard,task_001579,repo
task_001581,proj_00174,"Check the pipeline logs, then patch the schema change that broke the transaction dataset ingestion.",fraud_detection,data_pipeline_maintenance,infrastructure,53,high,3,65806,65929,multi_step,,repo
task_001582,proj_00175,"The customer retention dataset doesn't go back far enough, see what you can do.",customer_churn,data_collection,data_preparation,102,low,1,51419,52160,ambiguous,,repo
task_001583,proj_00175,Deduplicate the customer retention dataset and then standardise the usage frequency column formats.,customer_churn,data_cleaning,data_preparation,54,low,1,52556,54038,multi_step,task_001582,repo
task_001584,proj_00175,Examine usage frequency in the customer retention dataset without assuming a normal distribution.,customer_churn,exploratory_data_analysis,analysis,162,medium,2,52681,53258,negation,task_001583,repo
task_001585,proj_00175,See if we can squeeze more out of usage frequency for subscription cancellation.,customer_churn,feature_engineering,analysis,238,medium,2,52977,53409,ambiguous,task_001584,repo
task_001586,proj_00175,Set up the training pipeline for the gradient boosting model.,customer_churn,model_training,modelling,160,high,3,53421,53613,standard,task_001585,repo
task_001587,proj_00175,Compare the gradient boosting model against a previous version on the customer retention dataset.,customer_churn,model_evaluation,modelling,67,medium,2,54177,54582,standard,task_001586,repo
task_001588,proj_00175,Document known limitations of the current gradient boosting model.,customer_churn,reporting_documentation,reporting,44,low,1,55583,56837,standard,task_001587,repo
task_001589,proj_00175,Patch a schema change that broke the customer retention dataset pipeline.,customer_churn,data_pipeline_maintenance,infrastructure,80,medium,2,52976,53479,standard,,repo
task_001590,proj_00176,"Request access to the new source, then pull an initial extract into the sensor telemetry dataset.",predictive_maintenance,data_collection,data_preparation,52,medium,2,23959,24463,multi_step,,repo
task_001591,proj_00176,Reconcile mismatched identifiers between two versions of the sensor telemetry dataset.,predictive_maintenance,data_cleaning,data_preparation,191,medium,2,24756,25255,standard,task_001590,repo
task_001592,proj_00176,Retrain the LSTM survival model after incorporating the new features.,predictive_maintenance,model_training,modelling,119,low,1,24794,26154,standard,task_001591,repo
task_001593,proj_00176,The LSTM survival model was fine last month and now it isn't.,predictive_maintenance,model_evaluation,modelling,87,low,1,26122,27622,ambiguous,task_001592,repo
task_001594,proj_00176,Give the LSTM survival model another run with the latest sensor telemetry dataset.,predictive_maintenance,model_training,modelling,200,high,3,27309,27563,ambiguous,task_001593,repo
task_001595,proj_00176,Check the LSTM survival model for fairness across segments of the sensor telemetry dataset.,predictive_maintenance,model_evaluation,modelling,128,medium,2,28538,29116,standard,task_001594,repo
task_001596,proj_00176,Retrain the LSTM survival model on the sensor telemetry dataset without changing the current hyperparameters.,predictive_maintenance,model_training,modelling,352,low,1,29441,30699,negation,task_001595,repo
task_001597,proj_00176,Check the LSTM survival model for fairness across segments of the sensor telemetry dataset.,predictive_maintenance,model_evaluation,modelling,133,high,3,29586,29754,standard,task_001596,repo
task_001598,proj_00176,Put together whatever we have on the sensor telemetry dataset for the handover.,predictive_maintenance,reporting_documentation,reporting,155,low,1,30407,31999,ambiguous,task_001597,repo
task_001599,proj_00177,Gather historical records to build the A/B test results dataset.,ab_testing_analysis,data_collection,data_preparation,62,medium,2,41461,41977,standard,,repo
task_001600,proj_00177,Remove duplicate records from the A/B test results dataset.,ab_testing_analysis,data_cleaning,data_preparation,173,low,1,41806,42290,standard,task_001599,repo
task_001601,proj_00177,Check for seasonality patterns related to conversion event in the A/B test results dataset.,ab_testing_analysis,exploratory_data_analysis,analysis,174,low,1,41994,43522,standard,task_001600,repo
task_001602,proj_00177,"First scale conversion event, then check whether the Bayesian A/B testing model still needs the interaction terms.",ab_testing_analysis,feature_engineering,analysis,228,low,1,42360,43443,multi_step,task_001601,repo
task_001603,proj_00177,"Whatever we did last time to the Bayesian A/B testing model, do it again with the new data.",ab_testing_analysis,model_training,modelling,210,high,3,42469,42822,ambiguous,task_001602,repo
task_001604,proj_00177,Check whether the Bayesian A/B testing model is actually any good on experiment outcome.,ab_testing_analysis,model_evaluation,modelling,110,medium,2,42770,43180,ambiguous,task_001603,repo
task_001605,proj_00177,"Whatever we did last time to the Bayesian A/B testing model, do it again with the new data.",ab_testing_analysis,model_training,modelling,167,high,3,44026,44234,ambiguous,task_001604,repo
task_001606,proj_00177,"Compute precision, recall and F1 for experiment outcome predictions.",ab_testing_analysis,model_evaluation,modelling,78,low,1,44526,45284,standard,task_001605,repo
task_001607,proj_00177,Set up the training pipeline for the Bayesian A/B testing model.,ab_testing_analysis,model_training,modelling,243,medium,2,44815,45496,standard,task_001606,repo
task_001608,proj_00177,Assessing whether the Bayesian A/B testing model meets the required performance threshold.,ab_testing_analysis,model_evaluation,modelling,170,medium,2,45694,46179,standard,task_001607,repo
task_001609,proj_00177,Document known limitations of the current Bayesian A/B testing model.,ab_testing_analysis,reporting_documentation,reporting,132,low,1,47039,47931,standard,task_001608,repo
task_001610,proj_00177,Add monitoring for a recurring failure in the A/B test results dataset pipeline.,ab_testing_analysis,data_pipeline_maintenance,infrastructure,24,medium,2,45888,46169,standard,,repo
task_001611,proj_00177,Resolve the freshness issue in the A/B test results dataset without changing the ingestion schedule.,ab_testing_analysis,data_pipeline_maintenance,infrastructure,87,medium,2,47507,47975,negation,,repo
task_001612,proj_00177,Restart and verify the A/B test results dataset pipeline after a maintenance window.,ab_testing_analysis,data_pipeline_maintenance,infrastructure,68,high,3,61017,61195,standard,,repo
task_001613,proj_00178,Query the production database to extract data for the experiment exposure dataset.,ab_testing_analysis,data_collection,data_preparation,122,high,3,9334,9555,standard,,repo
task_001614,proj_00178,Filter out invalid or corrupted rows from the experiment exposure dataset.,ab_testing_analysis,data_cleaning,data_preparation,100,low,1,9648,10760,standard,task_001613,repo
task_001615,proj_00178,Set up cross-validation and then fit the Bayesian A/B testing model on the prepared experiment exposure dataset.,ab_testing_analysis,model_training,modelling,113,high,3,10118,10292,multi_step,task_001614,repo
task_001616,proj_00178,The Bayesian A/B testing model was fine last month and now it isn't.,ab_testing_analysis,model_evaluation,modelling,108,medium,2,10492,10970,ambiguous,task_001615,repo
task_001617,proj_00178,"Whatever we did last time to the Bayesian A/B testing model, do it again with the new data.",ab_testing_analysis,model_training,modelling,238,high,3,10702,11042,ambiguous,task_001616,repo
task_001618,proj_00178,Produce a confusion matrix summarising Bayesian A/B testing model performance on statistical significance.,ab_testing_analysis,model_evaluation,modelling,55,high,3,11846,11974,standard,task_001617,repo
task_001619,proj_00178,Set up cross-validation and then fit the Bayesian A/B testing model on the prepared experiment exposure dataset.,ab_testing_analysis,model_training,modelling,152,medium,2,12512,13131,multi_step,task_001618,repo
task_001620,proj_00178,"Score the Bayesian A/B testing model on the held-out split, then run an error analysis on the failures.",ab_testing_analysis,model_evaluation,modelling,152,medium,2,13615,14019,multi_step,task_001619,repo
task_001621,proj_00178,Put together whatever we have on the experiment exposure dataset for the handover.,ab_testing_analysis,reporting_documentation,reporting,69,medium,2,13649,13911,ambiguous,task_001620,repo
task_001622,proj_00178,Refactor the ingestion pipeline for the experiment exposure dataset to reduce runtime.,ab_testing_analysis,data_pipeline_maintenance,infrastructure,21,high,3,27242,27387,standard,,repo
task_001623,proj_00178,"First add monitoring for the recurring failure, then refactor the experiment exposure dataset ingestion.",ab_testing_analysis,data_pipeline_maintenance,infrastructure,105,medium,2,16807,17256,multi_step,,repo
task_001624,proj_00178,The experiment exposure dataset ingestion job fell over again last night.,ab_testing_analysis,data_pipeline_maintenance,infrastructure,79,low,1,20244,21439,ambiguous,,repo
task_001625,proj_00179,Merge multiple data extracts into a single shipment tracking dataset.,supply_chain_optimisation,data_collection,data_preparation,53,low,1,10588,10998,standard,,repo
task_001626,proj_00179,Resolve inconsistent entries in the shipment tracking dataset without dropping any rows.,supply_chain_optimisation,data_cleaning,data_preparation,171,high,3,10776,10979,negation,task_001625,repo
task_001627,proj_00179,"There's something odd in the shipment tracking dataset, can't put my finger on it.",supply_chain_optimisation,exploratory_data_analysis,analysis,232,low,1,11659,13150,ambiguous,task_001626,repo
task_001628,proj_00179,Deriving interaction terms between lead time and other variables.,supply_chain_optimisation,feature_engineering,analysis,163,low,1,12728,13520,standard,task_001627,repo
task_001629,proj_00179,"First fit the mixed-integer optimisation model on a sample, then run the full training on the shipment tracking dataset.",supply_chain_optimisation,model_training,modelling,333,high,3,12757,13182,multi_step,task_001628,repo
task_001630,proj_00179,The mixed-integer optimisation model was fine last month and now it isn't.,supply_chain_optimisation,model_evaluation,modelling,40,high,3,14126,14239,ambiguous,task_001629,repo
task_001631,proj_00179,"Whatever we did last time to the mixed-integer optimisation model, do it again with the new data.",supply_chain_optimisation,model_training,modelling,175,low,1,15522,16688,ambiguous,task_001630,repo
task_001632,proj_00179,The mixed-integer optimisation model was fine last month and now it isn't.,supply_chain_optimisation,model_evaluation,modelling,120,high,3,15810,16068,ambiguous,task_001631,repo
task_001633,proj_00179,"Update the README with the new shipment tracking dataset schema, then draft the mixed-integer optimisation model release notes.",supply_chain_optimisation,reporting_documentation,reporting,73,low,1,16839,17383,multi_step,task_001632,repo
task_001634,proj_00179,Patch a schema change that broke the shipment tracking dataset pipeline.,supply_chain_optimisation,data_pipeline_maintenance,infrastructure,52,low,1,18600,19493,standard,,repo
task_001635,proj_00179,Add monitoring for a recurring failure in the shipment tracking dataset pipeline.,supply_chain_optimisation,data_pipeline_maintenance,infrastructure,15,high,3,19091,19281,standard,,repo
task_001636,proj_00180,Collect raw data for the sensor telemetry dataset from the source system.,predictive_maintenance,data_collection,data_preparation,147,low,1,8279,9390,standard,,repo
task_001637,proj_00180,Clean missing values in the sensor telemetry dataset before training the LSTM survival model.,predictive_maintenance,data_cleaning,data_preparation,119,high,3,8513,8709,standard,task_001636,repo
task_001638,proj_00180,Summarise the sensor telemetry dataset without producing any new visualisations.,predictive_maintenance,exploratory_data_analysis,analysis,47,low,1,9351,10645,negation,task_001637,repo
task_001639,proj_00180,Normalise and scale vibration readings ahead of model training.,predictive_maintenance,feature_engineering,analysis,195,medium,2,9770,10163,standard,task_001638,repo
task_001640,proj_00180,Retrain the LSTM survival model after incorporating the new features.,predictive_maintenance,model_training,modelling,309,low,1,10626,11687,standard,task_001639,repo
task_001641,proj_00180,Check whether the LSTM survival model is actually any good on remaining useful life.,predictive_maintenance,model_evaluation,modelling,131,medium,2,11104,11541,ambiguous,task_001640,repo
task_001642,proj_00180,Document known limitations of the current LSTM survival model.,predictive_maintenance,reporting_documentation,reporting,167,medium,2,11996,12338,standard,task_001641,repo
task_001643,proj_00180,Restart and verify the sensor telemetry dataset pipeline after a maintenance window.,predictive_maintenance,data_pipeline_maintenance,infrastructure,32,medium,2,21932,22306,standard,,repo
task_001644,proj_00180,Resolve the freshness issue in the sensor telemetry dataset without changing the ingestion schedule.,predictive_maintenance,data_pipeline_maintenance,infrastructure,105,low,1,7726,8459,negation,,repo
task_001645,proj_00180,Fix a broken scheduled job feeding the sensor telemetry dataset.,predictive_maintenance,data_pipeline_maintenance,infrastructure,32,medium,2,16871,17192,standard,,repo
task_001646,proj_00181,Check where the HR records dataset is actually coming from.,employee_attrition,data_collection,data_preparation,170,low,1,16447,17117,ambiguous,,repo
task_001647,proj_00181,Deduplicate the HR records dataset and then standardise the performance rating column formats.,employee_attrition,data_cleaning,data_preparation,158,medium,2,17127,17604,multi_step,task_001646,repo
task_001648,proj_00181,Check for seasonality patterns related to performance rating in the HR records dataset.,employee_attrition,exploratory_data_analysis,analysis,72,medium,2,17411,17667,standard,task_001647,repo
task_001649,proj_00181,"Encode the categorical variables, then test whether they improve employee attrition prediction.",employee_attrition,feature_engineering,analysis,188,low,1,17744,18656,multi_step,task_001648,repo
task_001650,proj_00181,Fit the survival analysis model on the HR records dataset without using the performance rating column.,employee_attrition,model_training,modelling,279,high,3,17865,18176,negation,task_001649,repo
task_001651,proj_00181,Check whether the survival analysis model is actually any good on employee attrition.,employee_attrition,model_evaluation,modelling,104,medium,2,18769,19035,ambiguous,task_001650,repo
task_001652,proj_00181,Prepare a one-page summary of survival analysis model results for management.,employee_attrition,reporting_documentation,reporting,69,medium,2,19662,19946,standard,task_001651,repo
task_001653,proj_00181,Patch a schema change that broke the HR records dataset pipeline.,employee_attrition,data_pipeline_maintenance,infrastructure,48,high,3,24782,24923,standard,,repo
task_001654,proj_00182,Retrieving additional records is required to complete the building energy dataset.,energy_consumption,data_collection,data_preparation,132,low,1,30326,31091,standard,,repo
task_001655,proj_00182,"First fix the encoding issues in the building energy dataset, then reconcile the mismatched identifiers.",energy_consumption,data_cleaning,data_preparation,34,medium,2,30640,30840,multi_step,task_001654,repo
task_001656,proj_00182,"Profile the building energy dataset first, then investigate how weather data relates to hourly energy consumption.",energy_consumption,exploratory_data_analysis,analysis,149,medium,2,30759,31386,multi_step,task_001655,repo
task_001657,proj_00182,Test whether adding weather data-derived features improves signal for hourly energy consumption.,energy_consumption,feature_engineering,analysis,116,medium,2,32071,32552,standard,task_001656,repo
task_001658,proj_00182,"Whatever we did last time to the LSTM forecasting model, do it again with the new data.",energy_consumption,model_training,modelling,278,high,3,32211,32596,ambiguous,task_001657,repo
task_001659,proj_00182,Produce a confusion matrix summarising LSTM forecasting model performance on hourly energy consumption.,energy_consumption,model_evaluation,modelling,123,medium,2,32451,32873,standard,task_001658,repo
task_001660,proj_00182,Fine-tune the LSTM forecasting model on a recent snapshot of the building energy dataset.,energy_consumption,model_training,modelling,223,high,3,33322,33621,standard,task_001659,repo
task_001661,proj_00182,Evaluate the LSTM forecasting model on a held-out split of the building energy dataset.,energy_consumption,model_evaluation,modelling,43,high,3,33420,33575,standard,task_001660,repo
task_001662,proj_00182,Summarise the LSTM forecasting model results for management without including technical detail.,energy_consumption,reporting_documentation,reporting,150,low,1,33869,34465,negation,task_001661,repo
task_001663,proj_00182,Refactor the ingestion pipeline for the building energy dataset to reduce runtime.,energy_consumption,data_pipeline_maintenance,infrastructure,77,medium,2,36121,36473,standard,,repo
task_001664,proj_00182,Patch a schema change that broke the building energy dataset pipeline.,energy_consumption,data_pipeline_maintenance,infrastructure,100,low,1,33719,35189,standard,,repo
task_001665,proj_00182,Fix the failing building energy dataset job without taking the pipeline offline.,energy_consumption,data_pipeline_maintenance,infrastructure,61,high,3,34334,34517,negation,,repo
task_001666,proj_00183,Retrieving additional records is required to complete the support tickets dataset.,text_summarisation,data_collection,data_preparation,60,low,1,11665,12355,standard,,repo
task_001667,proj_00183,"The support tickets dataset looks messy again, deal with it.",text_summarisation,data_cleaning,data_preparation,55,low,1,12075,13489,ambiguous,task_001666,repo
task_001668,proj_00183,Reduce the dimensionality of the support tickets dataset without discarding keyword frequency.,text_summarisation,feature_engineering,analysis,137,medium,2,13357,13717,negation,task_001667,repo
task_001669,proj_00183,Run cross-validation while training the topic model on the support tickets dataset.,text_summarisation,model_training,modelling,82,low,1,14464,15642,standard,task_001668,repo
task_001670,proj_00183,Produce a confusion matrix summarising topic model performance on document category.,text_summarisation,model_evaluation,modelling,173,high,3,15606,15902,standard,task_001669,repo
task_001671,proj_00183,Draft release notes describing changes to the topic model pipeline.,text_summarisation,reporting_documentation,reporting,141,low,1,16539,17778,standard,task_001670,repo
task_001672,proj_00184,"The purchase history dataset doesn't go back far enough, see what you can do.",recommendation_system,data_collection,data_preparation,49,low,1,53128,54460,ambiguous,,repo
task_001673,proj_00184,Deduplicate the purchase history dataset and then standardise the user embeddings column formats.,recommendation_system,data_cleaning,data_preparation,132,medium,2,53929,54286,multi_step,task_001672,repo
task_001674,proj_00184,Explore the distribution of user embeddings in the purchase history dataset.,recommendation_system,exploratory_data_analysis,analysis,85,medium,2,54320,54828,standard,task_001673,repo
task_001675,proj_00184,"user embeddings on its own isn't telling us much, work on it.",recommendation_system,feature_engineering,analysis,176,medium,2,54353,54917,ambiguous,task_001674,repo
task_001676,proj_00184,Retrain the two-tower neural network on the purchase history dataset without changing the current hyperparameters.,recommendation_system,model_training,modelling,172,medium,2,54898,55327,negation,task_001675,repo
task_001677,proj_00184,Compare the two-tower neural network against a previous version on the purchase history dataset.,recommendation_system,model_evaluation,modelling,73,medium,2,56043,56509,standard,task_001676,repo
task_001678,proj_00184,Retrain the two-tower neural network on the purchase history dataset without changing the current hyperparameters.,recommendation_system,model_training,modelling,80,high,3,56545,56726,negation,task_001677,repo
task_001679,proj_00184,Produce a confusion matrix summarising two-tower neural network performance on purchase likelihood.,recommendation_system,model_evaluation,modelling,43,high,3,56832,56968,standard,task_001678,repo
task_001680,proj_00184,Draft release notes describing changes to the two-tower neural network pipeline.,recommendation_system,reporting_documentation,reporting,30,medium,2,57277,57750,standard,task_001679,repo
task_001681,proj_00184,Monitor data quality alerts for the purchase history dataset pipeline.,recommendation_system,data_pipeline_maintenance,infrastructure,105,high,3,62735,62937,standard,,repo
task_001682,proj_00184,"First add monitoring for the recurring failure, then refactor the purchase history dataset ingestion.",recommendation_system,data_pipeline_maintenance,infrastructure,93,low,1,56478,56928,multi_step,,repo
task_001683,proj_00185,"Request access to the new source, then pull an initial extract into the smart meter dataset.",energy_consumption,data_collection,data_preparation,95,medium,2,15375,15914,multi_step,,repo
task_001684,proj_00185,Impute missing values for time of day using an appropriate strategy.,energy_consumption,data_cleaning,data_preparation,239,medium,2,16627,17152,standard,task_001683,repo
task_001685,proj_00185,Generate embeddings to represent time of day for the gradient boosting regressor.,energy_consumption,feature_engineering,analysis,208,medium,2,17192,17722,standard,task_001684,repo
task_001686,proj_00185,"The gradient boosting regressor isn't picking anything up, have a go at it.",energy_consumption,model_training,modelling,178,high,3,17525,17844,ambiguous,task_001685,repo
task_001687,proj_00185,Run an error analysis on the gradient boosting regressor predictions for peak load.,energy_consumption,model_evaluation,modelling,152,low,1,18294,19057,standard,task_001686,repo
task_001688,proj_00185,Document known limitations of the current gradient boosting regressor.,energy_consumption,reporting_documentation,reporting,75,low,1,19249,20568,standard,task_001687,repo
task_001689,proj_00185,Investigate a failed run in the smart meter dataset ingestion pipeline.,energy_consumption,data_pipeline_maintenance,infrastructure,54,low,1,23193,23850,standard,,repo
task_001690,proj_00186,Retrieving additional records is required to complete the intrusion detection dataset.,network_intrusion_detection,data_collection,data_preparation,33,medium,2,14230,14576,standard,,repo
task_001691,proj_00186,Clean missing values in the intrusion detection dataset before training the gradient boosting model.,network_intrusion_detection,data_cleaning,data_preparation,58,high,3,15031,15130,standard,task_001690,repo
task_001692,proj_00186,Fine-tune the gradient boosting model on a recent snapshot of the intrusion detection dataset.,network_intrusion_detection,model_training,modelling,102,medium,2,15316,15859,standard,task_001691,repo
task_001693,proj_00186,Evaluate the gradient boosting model on a held-out split of the intrusion detection dataset.,network_intrusion_detection,model_evaluation,modelling,32,high,3,16559,16648,standard,task_001692,repo
task_001694,proj_00186,Fit the gradient boosting model on the intrusion detection dataset without using the connection duration column.,network_intrusion_detection,model_training,modelling,103,medium,2,17684,18152,negation,task_001693,repo
task_001695,proj_00186,"First reproduce the reported gradient boosting model metrics, then investigate the drop in recall.",network_intrusion_detection,model_evaluation,modelling,71,medium,2,18851,19287,multi_step,task_001694,repo
task_001696,proj_00186,Fine-tune the gradient boosting model on a recent snapshot of the intrusion detection dataset.,network_intrusion_detection,model_training,modelling,88,medium,2,19182,19526,standard,task_001695,repo
task_001697,proj_00186,Compare the gradient boosting model against a previous version on the intrusion detection dataset.,network_intrusion_detection,model_evaluation,modelling,35,high,3,20482,20573,standard,task_001696,repo
task_001698,proj_00186,Summarise the gradient boosting model results for management without including technical detail.,network_intrusion_detection,reporting_documentation,reporting,56,medium,2,21612,22000,negation,task_001697,repo
task_001699,proj_00186,Resolve a data freshness issue affecting the intrusion detection dataset.,network_intrusion_detection,data_pipeline_maintenance,infrastructure,18,low,1,13176,14223,standard,,repo
task_001700,proj_00187,Scrape supplementary records to enrich the clickstream dataset.,recommendation_system,data_collection,data_preparation,58,low,1,15755,16630,standard,,repo
task_001701,proj_00187,Remove duplicate records from the clickstream dataset.,recommendation_system,data_cleaning,data_preparation,187,medium,2,16501,16992,standard,task_001700,repo
task_001702,proj_00187,Analyse correlations between user embeddings and item relevance in the clickstream dataset.,recommendation_system,exploratory_data_analysis,analysis,199,low,1,16689,18005,standard,task_001701,repo
task_001703,proj_00187,Reduce the dimensionality of the clickstream dataset without discarding user embeddings.,recommendation_system,feature_engineering,analysis,213,low,1,17790,19113,negation,task_001702,repo
task_001704,proj_00187,Retrain the matrix factorisation model on the clickstream dataset without changing the current hyperparameters.,recommendation_system,model_training,modelling,206,medium,2,18112,18491,negation,task_001703,repo
task_001705,proj_00187,Check whether the matrix factorisation model is actually any good on item relevance.,recommendation_system,model_evaluation,modelling,124,high,3,18682,18855,ambiguous,task_001704,repo
task_001706,proj_00187,Summarise key findings from the item relevance analysis for the team.,recommendation_system,reporting_documentation,reporting,67,low,1,18701,19807,standard,task_001705,repo
task_001707,proj_00187,Monitor data quality alerts for the clickstream dataset pipeline.,recommendation_system,data_pipeline_maintenance,infrastructure,29,medium,2,30410,30701,standard,,repo
task_001708,proj_00187,Monitor data quality alerts for the clickstream dataset pipeline.,recommendation_system,data_pipeline_maintenance,infrastructure,56,high,3,19473,19605,standard,,repo
task_001709,proj_00187,Resolve the freshness issue in the clickstream dataset without changing the ingestion schedule.,recommendation_system,data_pipeline_maintenance,infrastructure,55,medium,2,27349,27770,negation,,repo
task_001710,proj_00188,Check where the news articles dataset is actually coming from.,text_summarisation,data_collection,data_preparation,167,medium,2,51096,51655,ambiguous,,repo
task_001711,proj_00188,Filter out invalid or corrupted rows from the news articles dataset.,text_summarisation,data_cleaning,data_preparation,128,low,1,52209,53440,standard,task_001710,repo
task_001712,proj_00188,Test whether adding keyword frequency-derived features improves signal for document category.,text_summarisation,feature_engineering,analysis,239,low,1,53303,54522,standard,task_001711,repo
task_001713,proj_00188,Set up the training pipeline for the topic model.,text_summarisation,model_training,modelling,68,medium,2,53323,53753,standard,task_001712,repo
task_001714,proj_00188,Compare the topic model against a previous version on the news articles dataset.,text_summarisation,model_evaluation,modelling,45,high,3,53611,53778,standard,task_001713,repo
task_001715,proj_00188,Summarise the topic model results for management without including technical detail.,text_summarisation,reporting_documentation,reporting,147,low,1,53911,55427,negation,task_001714,repo
task_001716,proj_00188,Add monitoring for a recurring failure in the news articles dataset pipeline.,text_summarisation,data_pipeline_maintenance,infrastructure,120,low,1,58170,58812,standard,,repo
task_001717,proj_00188,Reviewing pipeline logs after an unexpected failure.,text_summarisation,data_pipeline_maintenance,infrastructure,63,high,3,54065,54266,standard,,repo
task_001718,proj_00188,Fix a broken scheduled job feeding the news articles dataset.,text_summarisation,data_pipeline_maintenance,infrastructure,104,low,1,62403,63938,standard,,repo
task_001719,proj_00189,Retrieving additional records is required to complete the credit card transactions dataset.,fraud_detection,data_collection,data_preparation,76,low,1,75470,76072,standard,,repo
task_001720,proj_00189,Resolve inconsistent entries in the credit card transactions dataset without dropping any rows.,fraud_detection,data_cleaning,data_preparation,150,medium,2,76565,77007,negation,task_001719,repo
task_001721,proj_00189,Train a isolation forest model to predict fraud risk using the credit card transactions dataset.,fraud_detection,model_training,modelling,206,low,1,77489,78057,standard,task_001720,repo
task_001722,proj_00189,"Compute precision, recall and F1 for fraud risk predictions.",fraud_detection,model_evaluation,modelling,74,medium,2,78819,79018,standard,task_001721,repo
task_001723,proj_00189,"First fit the isolation forest model on a sample, then run the full training on the credit card transactions dataset.",fraud_detection,model_training,modelling,292,medium,2,79645,80189,multi_step,task_001722,repo
task_001724,proj_00189,The isolation forest model was fine last month and now it isn't.,fraud_detection,model_evaluation,modelling,108,high,3,80831,81077,ambiguous,task_001723,repo
task_001725,proj_00189,Finalise documentation before closing out the fraud risk project.,fraud_detection,reporting_documentation,reporting,53,medium,2,81167,81404,standard,task_001724,repo
task_001726,proj_00189,Fix a broken scheduled job feeding the credit card transactions dataset.,fraud_detection,data_pipeline_maintenance,infrastructure,43,medium,2,87723,88172,standard,,repo
task_001727,proj_00190,"First query the production database, then consolidate the extracts into the patient records dataset.",healthcare_readmission,data_collection,data_preparation,138,low,1,21729,22329,multi_step,,repo
task_001728,proj_00190,Remove duplicate records from the patient records dataset.,healthcare_readmission,data_cleaning,data_preparation,122,medium,2,21957,22370,standard,task_001727,repo
task_001729,proj_00190,Visualise trends in length of stay over time using the patient records dataset.,healthcare_readmission,exploratory_data_analysis,analysis,117,low,1,22029,22604,standard,task_001728,repo
task_001730,proj_00190,Generate embeddings to represent discharge disposition for the logistic regression model.,healthcare_readmission,feature_engineering,analysis,212,low,1,22177,23262,standard,task_001729,repo
task_001731,proj_00190,Set up the training pipeline for the logistic regression model.,healthcare_readmission,model_training,modelling,76,medium,2,22576,22815,standard,task_001730,repo
task_001732,proj_00190,"Compute precision, recall and F1 for length of stay predictions.",healthcare_readmission,model_evaluation,modelling,174,high,3,23758,24085,standard,task_001731,repo
task_001733,proj_00190,Prepare slides presenting the logistic regression model performance to stakeholders.,healthcare_readmission,reporting_documentation,reporting,110,low,1,23866,24848,standard,task_001732,repo
task_001734,proj_00191,Pull the latest records and afterwards check the store-level sales dataset covers the full time range.,sales_forecasting,data_collection,data_preparation,158,low,1,13456,14161,multi_step,,repo
task_001735,proj_00191,Deduplicate the store-level sales dataset and then standardise the promotional calendar column formats.,sales_forecasting,data_cleaning,data_preparation,152,medium,2,13519,13810,multi_step,task_001734,repo
task_001736,proj_00191,Run a first exploratory pass over the store-level sales dataset to understand its structure.,sales_forecasting,exploratory_data_analysis,analysis,83,medium,2,14128,14371,standard,task_001735,repo
task_001737,proj_00191,Normalise and scale promotional calendar ahead of model training.,sales_forecasting,feature_engineering,analysis,243,low,1,15424,16348,standard,task_001736,repo
task_001738,proj_00191,Run cross-validation while training the temporal fusion transformer on the store-level sales dataset.,sales_forecasting,model_training,modelling,142,high,3,16834,17134,standard,task_001737,repo
task_001739,proj_00191,The temporal fusion transformer was fine last month and now it isn't.,sales_forecasting,model_evaluation,modelling,117,medium,2,17906,18210,ambiguous,task_001738,repo
task_001740,proj_00191,Retrain the temporal fusion transformer on the store-level sales dataset without changing the current hyperparameters.,sales_forecasting,model_training,modelling,244,high,3,18615,18999,negation,task_001739,repo
task_001741,proj_00191,"Score the temporal fusion transformer on the held-out split, then run an error analysis on the failures.",sales_forecasting,model_evaluation,modelling,91,medium,2,18711,19234,multi_step,task_001740,repo
task_001742,proj_00191,Updating the project README with the latest store-level sales dataset schema.,sales_forecasting,reporting_documentation,reporting,69,medium,2,19968,20411,standard,task_001741,repo
task_001743,proj_00192,Validate that the A/B test results dataset covers the full required time range.,ab_testing_analysis,data_collection,data_preparation,177,low,1,21318,21917,standard,,repo
task_001744,proj_00192,Fixing encoding issues in the A/B test results dataset before further processing.,ab_testing_analysis,data_cleaning,data_preparation,211,medium,2,21478,21941,standard,task_001743,repo
task_001745,proj_00192,Summarising key findings from the exploratory analysis of the A/B test results dataset.,ab_testing_analysis,exploratory_data_analysis,analysis,240,high,3,22462,22767,standard,task_001744,repo
task_001746,proj_00192,The inputs to the causal inference model need rethinking.,ab_testing_analysis,feature_engineering,analysis,70,medium,2,22730,23066,ambiguous,task_001745,repo
task_001747,proj_00192,"First fit the causal inference model on a sample, then run the full training on the A/B test results dataset.",ab_testing_analysis,model_training,modelling,126,medium,2,23566,24074,multi_step,task_001746,repo
task_001748,proj_00192,Validate the causal inference model without touching the held-out test split.,ab_testing_analysis,model_evaluation,modelling,125,low,1,24860,26071,negation,task_001747,repo
task_001749,proj_00192,"The causal inference model isn't picking anything up, have a go at it.",ab_testing_analysis,model_training,modelling,194,high,3,25911,26145,ambiguous,task_001748,repo
task_001750,proj_00192,"Compute precision, recall and F1 for conversion rate uplift predictions.",ab_testing_analysis,model_evaluation,modelling,92,high,3,27197,27462,standard,task_001749,repo
task_001751,proj_00192,Run cross-validation while training the causal inference model on the A/B test results dataset.,ab_testing_analysis,model_training,modelling,113,medium,2,27228,27542,standard,task_001750,repo
task_001752,proj_00192,"Score the causal inference model on the held-out split, then run an error analysis on the failures.",ab_testing_analysis,model_evaluation,modelling,48,medium,2,28410,28814,multi_step,task_001751,repo
task_001753,proj_00192,Updating the project README with the latest A/B test results dataset schema.,ab_testing_analysis,reporting_documentation,reporting,119,low,1,29795,31249,standard,task_001752,repo
task_001754,proj_00192,Monitor data quality alerts for the A/B test results dataset pipeline.,ab_testing_analysis,data_pipeline_maintenance,infrastructure,38,high,3,24739,24908,standard,,repo
task_001755,proj_00192,Add monitoring for a recurring failure in the A/B test results dataset pipeline.,ab_testing_analysis,data_pipeline_maintenance,infrastructure,66,medium,2,35356,35704,standard,,repo
task_001756,proj_00192,"The A/B test results dataset numbers look stale, find out why.",ab_testing_analysis,data_pipeline_maintenance,infrastructure,42,high,3,32384,32577,ambiguous,,repo
task_001757,proj_00193,"First query the production database, then consolidate the extracts into the credit card transactions dataset.",fraud_detection,data_collection,data_preparation,140,high,3,49986,50210,multi_step,,repo
task_001758,proj_00193,Impute missing values for merchant category using an appropriate strategy.,fraud_detection,data_cleaning,data_preparation,35,high,3,50111,50284,standard,task_001757,repo
task_001759,proj_00193,Summarising key findings from the exploratory analysis of the credit card transactions dataset.,fraud_detection,exploratory_data_analysis,analysis,207,low,1,50678,51415,standard,task_001758,repo
task_001760,proj_00193,Debug a training failure encountered while fitting the isolation forest model.,fraud_detection,model_training,modelling,267,low,1,50834,52265,standard,task_001759,repo
task_001761,proj_00193,The isolation forest model was fine last month and now it isn't.,fraud_detection,model_evaluation,modelling,84,high,3,51708,51888,ambiguous,task_001760,repo
task_001762,proj_00193,Fit the isolation forest model on the prepared credit card transactions dataset.,fraud_detection,model_training,modelling,107,high,3,52099,52345,standard,task_001761,repo
task_001763,proj_00193,Assess the isolation forest model on anomalous payments without relying on accuracy as the headline metric.,fraud_detection,model_evaluation,modelling,72,low,1,52814,53984,negation,task_001762,repo
task_001764,proj_00193,Nobody knows how the isolation forest model works — fix that.,fraud_detection,reporting_documentation,reporting,167,medium,2,53815,54184,ambiguous,task_001763,repo
task_001765,proj_00193,"Check the pipeline logs, then patch the schema change that broke the credit card transactions dataset ingestion.",fraud_detection,data_pipeline_maintenance,infrastructure,120,low,1,61466,62232,multi_step,,repo
task_001766,proj_00193,Reviewing pipeline logs after an unexpected failure.,fraud_detection,data_pipeline_maintenance,infrastructure,56,medium,2,52393,52731,standard,,repo
task_001767,proj_00193,Reviewing pipeline logs after an unexpected failure.,fraud_detection,data_pipeline_maintenance,infrastructure,73,high,3,50308,50538,standard,,repo
task_001768,proj_00194,We're short on records for the intrusion detection dataset — sort it out.,network_intrusion_detection,data_collection,data_preparation,178,low,1,17792,18657,ambiguous,,repo
task_001769,proj_00194,"First fix the encoding issues in the intrusion detection dataset, then reconcile the mismatched identifiers.",network_intrusion_detection,data_cleaning,data_preparation,208,medium,2,18191,18604,multi_step,task_001768,repo
task_001770,proj_00194,"Profile the intrusion detection dataset first, then investigate how byte rate relates to malicious traffic.",network_intrusion_detection,exploratory_data_analysis,analysis,100,low,1,19436,20167,multi_step,task_001769,repo
task_001771,proj_00194,Engineer new features from byte rate to improve malicious traffic prediction.,network_intrusion_detection,feature_engineering,analysis,154,high,3,20842,21030,standard,task_001770,repo
task_001772,proj_00194,Retrain the gradient boosting model on the intrusion detection dataset without changing the current hyperparameters.,network_intrusion_detection,model_training,modelling,317,high,3,21475,21853,negation,task_001771,repo
task_001773,proj_00194,"First reproduce the reported gradient boosting model metrics, then investigate the drop in recall.",network_intrusion_detection,model_evaluation,modelling,135,medium,2,22512,22947,multi_step,task_001772,repo
task_001774,proj_00194,"First collect the gradient boosting model results, then prepare a one-page summary for management.",network_intrusion_detection,reporting_documentation,reporting,163,high,3,23637,23915,multi_step,task_001773,repo
task_001775,proj_00195,Pull the latest records and afterwards check the HR records dataset covers the full time range.,employee_attrition,data_collection,data_preparation,102,medium,2,50610,50882,multi_step,,repo
task_001776,proj_00195,Detect and treat outliers in compensation band within the HR records dataset.,employee_attrition,data_cleaning,data_preparation,52,medium,2,50804,51291,standard,task_001775,repo
task_001777,proj_00195,Deriving interaction terms between compensation band and other variables.,employee_attrition,feature_engineering,analysis,187,medium,2,51661,52287,standard,task_001776,repo
task_001778,proj_00195,Retrain the gradient boosting model after incorporating the new features.,employee_attrition,model_training,modelling,287,medium,2,52791,53214,standard,task_001777,repo
task_001779,proj_00195,Assess the gradient boosting model on engagement score without relying on accuracy as the headline metric.,employee_attrition,model_evaluation,modelling,137,medium,2,54173,54662,negation,task_001778,repo
task_001780,proj_00195,"Update the README with the new HR records dataset schema, then draft the gradient boosting model release notes.",employee_attrition,reporting_documentation,reporting,59,low,1,55317,56577,multi_step,task_001779,repo
task_001781,proj_00196,Validate that the store-level sales dataset covers the full required time range.,sales_forecasting,data_collection,data_preparation,108,medium,2,36439,36879,standard,,repo
task_001782,proj_00196,Filter out invalid or corrupted rows from the store-level sales dataset.,sales_forecasting,data_cleaning,data_preparation,31,high,3,37832,37999,standard,task_001781,repo
task_001783,proj_00196,Engineer new features from lag features to improve product demand prediction.,sales_forecasting,feature_engineering,analysis,66,low,1,37913,38985,standard,task_001782,repo
task_001784,proj_00196,Fit the temporal fusion transformer on the store-level sales dataset without using the lag features column.,sales_forecasting,model_training,modelling,231,low,1,38990,40632,negation,task_001783,repo
task_001785,proj_00196,Investigate a drop in temporal fusion transformer recall after the last store-level sales dataset update.,sales_forecasting,model_evaluation,modelling,172,high,3,39885,40136,standard,task_001784,repo
task_001786,proj_00196,Set up cross-validation and then fit the temporal fusion transformer on the prepared store-level sales dataset.,sales_forecasting,model_training,modelling,86,high,3,41162,41425,multi_step,task_001785,repo
task_001787,proj_00196,Run an error analysis on the temporal fusion transformer predictions for product demand.,sales_forecasting,model_evaluation,modelling,129,high,3,42055,42258,standard,task_001786,repo
task_001788,proj_00196,Fit the temporal fusion transformer on the store-level sales dataset without using the lag features column.,sales_forecasting,model_training,modelling,324,low,1,42895,43932,negation,task_001787,repo
task_001789,proj_00196,Run an error analysis on the temporal fusion transformer predictions for product demand.,sales_forecasting,model_evaluation,modelling,159,low,1,43113,44693,standard,task_001788,repo
task_001790,proj_00196,Finalise documentation before closing out the product demand project.,sales_forecasting,reporting_documentation,reporting,171,low,1,43930,45001,standard,task_001789,repo
task_001791,proj_00196,Monitor data quality alerts for the store-level sales dataset pipeline.,sales_forecasting,data_pipeline_maintenance,infrastructure,18,medium,2,38131,38590,standard,,repo
task_001792,proj_00197,"First query the production database, then consolidate the extracts into the conversion funnel dataset.",ab_testing_analysis,data_collection,data_preparation,77,low,1,60782,61553,multi_step,,repo
task_001793,proj_00197,Impute missing values for exposure group using an appropriate strategy.,ab_testing_analysis,data_cleaning,data_preparation,167,high,3,61405,61698,standard,task_001792,repo
task_001794,proj_00197,Analyse correlations between exposure group and conversion rate uplift in the conversion funnel dataset.,ab_testing_analysis,exploratory_data_analysis,analysis,115,low,1,61953,62602,standard,task_001793,repo
task_001795,proj_00197,Train a Bayesian A/B testing model to predict conversion rate uplift using the conversion funnel dataset.,ab_testing_analysis,model_training,modelling,356,high,3,63252,63666,standard,task_001794,repo
task_001796,proj_00197,Compare the Bayesian A/B testing model against a previous version on the conversion funnel dataset.,ab_testing_analysis,model_evaluation,modelling,57,low,1,64207,65040,standard,task_001795,repo
task_001797,proj_00197,Updating the project README with the latest conversion funnel dataset schema.,ab_testing_analysis,reporting_documentation,reporting,49,low,1,64591,65620,standard,task_001796,repo
task_001798,proj_00197,Patch a schema change that broke the conversion funnel dataset pipeline.,ab_testing_analysis,data_pipeline_maintenance,infrastructure,77,high,3,72273,72485,standard,,repo
task_001799,proj_00198,Extract records for the credit card transactions dataset without pulling any personally identifiable fields.,fraud_detection,data_collection,data_preparation,32,high,3,21499,21706,negation,,repo
task_001800,proj_00198,Handle missing observations in the credit card transactions dataset to prepare it for fraud risk modelling.,fraud_detection,data_cleaning,data_preparation,60,high,3,22806,22984,standard,task_001799,repo
task_001801,proj_00198,Explore the distribution of merchant category in the credit card transactions dataset.,fraud_detection,exploratory_data_analysis,analysis,85,medium,2,23812,24147,standard,task_001800,repo
task_001802,proj_00198,Generate embeddings to represent merchant category for the isolation forest model.,fraud_detection,feature_engineering,analysis,215,low,1,24076,24578,standard,task_001801,repo
task_001803,proj_00198,"Whatever we did last time to the isolation forest model, do it again with the new data.",fraud_detection,model_training,modelling,138,medium,2,25151,25595,ambiguous,task_001802,repo
task_001804,proj_00198,Validate the isolation forest model on out-of-time data before deployment.,fraud_detection,model_evaluation,modelling,37,medium,2,25401,25670,standard,task_001803,repo
task_001805,proj_00198,Run cross-validation while training the isolation forest model on the credit card transactions dataset.,fraud_detection,model_training,modelling,197,medium,2,25586,26005,standard,task_001804,repo
task_001806,proj_00198,Compare the isolation forest model against the previous version without retraining either of them.,fraud_detection,model_evaluation,modelling,171,high,3,25789,26109,negation,task_001805,repo
task_001807,proj_00198,"First fit the isolation forest model on a sample, then run the full training on the credit card transactions dataset.",fraud_detection,model_training,modelling,322,high,3,26819,27220,multi_step,task_001806,repo
task_001808,proj_00198,Check the isolation forest model for fairness across segments of the credit card transactions dataset.,fraud_detection,model_evaluation,modelling,80,high,3,27346,27527,standard,task_001807,repo
task_001809,proj_00198,Draft release notes describing changes to the isolation forest model pipeline.,fraud_detection,reporting_documentation,reporting,179,medium,2,28165,28764,standard,task_001808,repo
task_001810,proj_00198,Add monitoring for a recurring failure in the credit card transactions dataset pipeline.,fraud_detection,data_pipeline_maintenance,infrastructure,107,medium,2,26544,26999,standard,,repo
task_001811,proj_00198,Refactor the ingestion pipeline for the credit card transactions dataset to reduce runtime.,fraud_detection,data_pipeline_maintenance,infrastructure,119,medium,2,35001,35295,standard,,repo
task_001812,proj_00199,Validate that the hospital admissions dataset covers the full required time range.,healthcare_readmission,data_collection,data_preparation,180,low,1,5486,6992,standard,,repo
task_001813,proj_00199,Deduplicate the hospital admissions dataset and then standardise the lab results column formats.,healthcare_readmission,data_cleaning,data_preparation,37,low,1,6222,7159,multi_step,task_001812,repo
task_001814,proj_00199,Run a first exploratory pass over the hospital admissions dataset to understand its structure.,healthcare_readmission,exploratory_data_analysis,analysis,136,low,1,7116,7932,standard,task_001813,repo
task_001815,proj_00199,"Encode the categorical variables, then test whether they improve patient risk score prediction.",healthcare_readmission,feature_engineering,analysis,155,low,1,8476,9514,multi_step,task_001814,repo
task_001816,proj_00199,Train a gradient boosting model to predict patient risk score using the hospital admissions dataset.,healthcare_readmission,model_training,modelling,223,high,3,8741,9078,standard,task_001815,repo
task_001817,proj_00199,"First reproduce the reported gradient boosting model metrics, then investigate the drop in recall.",healthcare_readmission,model_evaluation,modelling,175,high,3,9193,9457,multi_step,task_001816,repo
task_001818,proj_00199,Establishing a baseline gradient boosting model for patient risk score prediction.,healthcare_readmission,model_training,modelling,257,medium,2,10358,10843,standard,task_001817,repo
task_001819,proj_00199,Validate the gradient boosting model on out-of-time data before deployment.,healthcare_readmission,model_evaluation,modelling,56,medium,2,11452,11939,standard,task_001818,repo
task_001820,proj_00199,Updating the project README with the latest hospital admissions dataset schema.,healthcare_readmission,reporting_documentation,reporting,176,medium,2,12841,13352,standard,task_001819,repo
task_001821,proj_00199,Fix the failing hospital admissions dataset job without taking the pipeline offline.,healthcare_readmission,data_pipeline_maintenance,infrastructure,40,low,1,14837,16128,negation,,repo
task_001822,proj_00199,Fix a broken scheduled job feeding the hospital admissions dataset.,healthcare_readmission,data_pipeline_maintenance,infrastructure,50,medium,2,20763,20996,standard,,repo
task_001823,proj_00199,Restart and verify the hospital admissions dataset pipeline after a maintenance window.,healthcare_readmission,data_pipeline_maintenance,infrastructure,91,medium,2,19260,19667,standard,,repo
task_001824,proj_00200,Retrieving additional records is required to complete the social media comments dataset.,sentiment_analysis,data_collection,data_preparation,133,low,1,61122,62587,standard,,repo
task_001825,proj_00200,Handle missing observations in the social media comments dataset to prepare it for review sentiment modelling.,sentiment_analysis,data_cleaning,data_preparation,116,medium,2,62217,62488,standard,task_001824,repo
task_001826,proj_00200,Check for seasonality patterns related to review length in the social media comments dataset.,sentiment_analysis,exploratory_data_analysis,analysis,151,medium,2,63194,63605,standard,task_001825,repo
task_001827,proj_00200,"Encode the categorical variables, then test whether they improve review sentiment prediction.",sentiment_analysis,feature_engineering,analysis,162,low,1,63858,64901,multi_step,task_001826,repo
task_001828,proj_00200,Fit the LSTM classifier on the prepared social media comments dataset.,sentiment_analysis,model_training,modelling,261,medium,2,64884,65497,standard,task_001827,repo
task_001829,proj_00200,Compare the LSTM classifier against a previous version on the social media comments dataset.,sentiment_analysis,model_evaluation,modelling,125,high,3,65909,66090,standard,task_001828,repo
task_001830,proj_00200,Prepare a one-page summary of LSTM classifier results for management.,sentiment_analysis,reporting_documentation,reporting,42,medium,2,65983,66216,standard,task_001829,repo
task_001831,proj_00201,Collect raw data for the demand forecasting dataset from the source system.,sales_forecasting,data_collection,data_preparation,43,low,1,49464,49835,standard,,repo
task_001832,proj_00201,Handle missing observations in the demand forecasting dataset to prepare it for inventory requirements modelling.,sales_forecasting,data_cleaning,data_preparation,107,low,1,49705,50726,standard,task_001831,repo
task_001833,proj_00201,Set up cross-validation and then fit the SARIMA model on the prepared demand forecasting dataset.,sales_forecasting,model_training,modelling,198,high,3,51128,51391,multi_step,task_001832,repo
task_001834,proj_00201,"First reproduce the reported SARIMA model metrics, then investigate the drop in recall.",sales_forecasting,model_evaluation,modelling,60,low,1,52337,52940,multi_step,task_001833,repo
task_001835,proj_00201,"First collect the SARIMA model results, then prepare a one-page summary for management.",sales_forecasting,reporting_documentation,reporting,144,medium,2,53548,54079,multi_step,task_001834,repo
task_001836,proj_00201,"The demand forecasting dataset numbers look stale, find out why.",sales_forecasting,data_pipeline_maintenance,infrastructure,99,medium,2,67285,67647,ambiguous,,repo
task_001837,proj_00202,Query the production database to extract data for the demand forecasting dataset.,sales_forecasting,data_collection,data_preparation,49,high,3,28424,28518,standard,,repo
task_001838,proj_00202,Clean missing values in the demand forecasting dataset before training the gradient boosting regressor.,sales_forecasting,data_cleaning,data_preparation,201,low,1,28874,30103,standard,task_001837,repo
task_001839,proj_00202,Not sure what's driving product demand — dig into it.,sales_forecasting,exploratory_data_analysis,analysis,71,low,1,29273,30664,ambiguous,task_001838,repo
task_001840,proj_00202,Reduce the dimensionality of the demand forecasting dataset without discarding seasonality.,sales_forecasting,feature_engineering,analysis,254,high,3,30340,30740,negation,task_001839,repo
task_001841,proj_00202,Run cross-validation while training the gradient boosting regressor on the demand forecasting dataset.,sales_forecasting,model_training,modelling,318,low,1,31697,32521,standard,task_001840,repo
task_001842,proj_00202,Compare the gradient boosting regressor against the previous version without retraining either of them.,sales_forecasting,model_evaluation,modelling,128,high,3,32160,32449,negation,task_001841,repo
task_001843,proj_00202,Set up cross-validation and then fit the gradient boosting regressor on the prepared demand forecasting dataset.,sales_forecasting,model_training,modelling,156,low,1,32590,33852,multi_step,task_001842,repo
task_001844,proj_00202,Assess the gradient boosting regressor on product demand without relying on accuracy as the headline metric.,sales_forecasting,model_evaluation,modelling,177,high,3,32941,33185,negation,task_001843,repo
task_001845,proj_00202,Draft release notes describing changes to the gradient boosting regressor pipeline.,sales_forecasting,reporting_documentation,reporting,58,low,1,33900,35141,standard,task_001844,repo
task_001846,proj_00202,Investigate a failed run in the demand forecasting dataset ingestion pipeline.,sales_forecasting,data_pipeline_maintenance,infrastructure,75,medium,2,35727,36153,standard,,repo
task_001847,proj_00203,Gather historical records to build the store-level sales dataset.,sales_forecasting,data_collection,data_preparation,142,low,1,67272,67854,standard,,repo
task_001848,proj_00203,Deduplicate the store-level sales dataset and then standardise the seasonality column formats.,sales_forecasting,data_cleaning,data_preparation,217,high,3,67387,67683,multi_step,task_001847,repo
task_001849,proj_00203,Compare seasonality distributions across different segments of the store-level sales dataset.,sales_forecasting,exploratory_data_analysis,analysis,148,low,1,68004,68957,standard,task_001848,repo
task_001850,proj_00203,Give the temporal fusion transformer another run with the latest store-level sales dataset.,sales_forecasting,model_training,modelling,325,medium,2,69103,69896,ambiguous,task_001849,repo
task_001851,proj_00203,Investigate a drop in temporal fusion transformer recall after the last store-level sales dataset update.,sales_forecasting,model_evaluation,modelling,58,medium,2,69220,69425,standard,task_001850,repo
task_001852,proj_00203,Debug a training failure encountered while fitting the temporal fusion transformer.,sales_forecasting,model_training,modelling,182,low,1,69308,69936,standard,task_001851,repo
task_001853,proj_00203,Investigate a drop in temporal fusion transformer recall after the last store-level sales dataset update.,sales_forecasting,model_evaluation,modelling,133,medium,2,69887,70191,standard,task_001852,repo
task_001854,proj_00203,Debug a training failure encountered while fitting the temporal fusion transformer.,sales_forecasting,model_training,modelling,313,medium,2,70352,70889,standard,task_001853,repo
task_001855,proj_00203,Assess the temporal fusion transformer on weekly sales volume without relying on accuracy as the headline metric.,sales_forecasting,model_evaluation,modelling,103,high,3,71078,71235,negation,task_001854,repo
task_001856,proj_00203,Put together whatever we have on the store-level sales dataset for the handover.,sales_forecasting,reporting_documentation,reporting,152,medium,2,71472,72096,ambiguous,task_001855,repo
task_001857,proj_00203,Fix the failing store-level sales dataset job without taking the pipeline offline.,sales_forecasting,data_pipeline_maintenance,infrastructure,102,low,1,72152,72877,negation,,repo
task_001858,proj_00204,Collect raw data for the store-level sales dataset from the source system.,sales_forecasting,data_collection,data_preparation,120,high,3,10453,10752,standard,,repo
task_001859,proj_00204,Something's wrong with lag features in the store-level sales dataset.,sales_forecasting,data_cleaning,data_preparation,93,medium,2,10470,10706,ambiguous,task_001858,repo
task_001860,proj_00204,Examine lag features in the store-level sales dataset without assuming a normal distribution.,sales_forecasting,exploratory_data_analysis,analysis,103,medium,2,10520,10828,negation,task_001859,repo
task_001861,proj_00204,Retrain the gradient boosting regressor after incorporating the new features.,sales_forecasting,model_training,modelling,111,medium,2,10835,11237,standard,task_001860,repo
task_001862,proj_00204,Check whether the gradient boosting regressor is actually any good on weekly sales volume.,sales_forecasting,model_evaluation,modelling,119,high,3,11776,11990,ambiguous,task_001861,repo
task_001863,proj_00204,Nobody knows how the gradient boosting regressor works — fix that.,sales_forecasting,reporting_documentation,reporting,94,low,1,13149,13510,ambiguous,task_001862,repo
task_001864,proj_00204,Fix the failing store-level sales dataset job without taking the pipeline offline.,sales_forecasting,data_pipeline_maintenance,infrastructure,81,high,3,19956,20190,negation,,repo
task_001865,proj_00204,Refactor the ingestion pipeline for the store-level sales dataset to reduce runtime.,sales_forecasting,data_pipeline_maintenance,infrastructure,102,medium,2,13783,14332,standard,,repo
task_001866,proj_00205,Requesting access to a new data source needed for the customer churn dataset.,customer_churn,data_collection,data_preparation,52,low,1,57206,58271,standard,,repo
task_001867,proj_00205,Detect and treat outliers in monthly charges within the customer churn dataset.,customer_churn,data_cleaning,data_preparation,100,high,3,58529,58798,standard,task_001866,repo
task_001868,proj_00205,"There's something odd in the customer churn dataset, can't put my finger on it.",customer_churn,exploratory_data_analysis,analysis,89,low,1,59464,60507,ambiguous,task_001867,repo
task_001869,proj_00205,Set up cross-validation and then fit the logistic regression model on the prepared customer churn dataset.,customer_churn,model_training,modelling,273,high,3,60157,60530,multi_step,task_001868,repo
task_001870,proj_00205,Validate the logistic regression model on out-of-time data before deployment.,customer_churn,model_evaluation,modelling,40,medium,2,60805,61324,standard,task_001869,repo
task_001871,proj_00205,Draft release notes describing changes to the logistic regression model pipeline.,customer_churn,reporting_documentation,reporting,140,medium,2,61523,62073,standard,task_001870,repo
task_001872,proj_00205,Patch a schema change that broke the customer churn dataset pipeline.,customer_churn,data_pipeline_maintenance,infrastructure,16,medium,2,65905,66391,standard,,repo
task_001873,proj_00205,The customer churn dataset ingestion job fell over again last night.,customer_churn,data_pipeline_maintenance,infrastructure,102,low,1,61276,62211,ambiguous,,repo
task_001874,proj_00206,Extract records for the clinical notes dataset without pulling any personally identifiable fields.,healthcare_readmission,data_collection,data_preparation,61,low,1,5827,6754,negation,,repo
task_001875,proj_00206,"First fix the encoding issues in the clinical notes dataset, then reconcile the mismatched identifiers.",healthcare_readmission,data_cleaning,data_preparation,120,medium,2,5852,6092,multi_step,task_001874,repo
task_001876,proj_00206,Summarising key findings from the exploratory analysis of the clinical notes dataset.,healthcare_readmission,exploratory_data_analysis,analysis,80,low,1,5969,6869,standard,task_001875,repo
task_001877,proj_00206,Run cross-validation while training the gradient boosting model on the clinical notes dataset.,healthcare_readmission,model_training,modelling,104,high,3,7012,7182,standard,task_001876,repo
task_001878,proj_00206,"Evaluate the gradient boosting model on the clinical notes dataset, then check fairness across the main segments.",healthcare_readmission,model_evaluation,modelling,179,high,3,7429,7712,multi_step,task_001877,repo
task_001879,proj_00206,Fit the gradient boosting model on the prepared clinical notes dataset.,healthcare_readmission,model_training,modelling,302,high,3,7892,8287,standard,task_001878,repo
task_001880,proj_00206,"Score the gradient boosting model on the held-out split, then run an error analysis on the failures.",healthcare_readmission,model_evaluation,modelling,138,medium,2,9296,9604,multi_step,task_001879,repo
task_001881,proj_00206,Retrain the gradient boosting model on the clinical notes dataset without changing the current hyperparameters.,healthcare_readmission,model_training,modelling,219,low,1,9846,11197,negation,task_001880,repo
task_001882,proj_00206,Validate the gradient boosting model without touching the held-out test split.,healthcare_readmission,model_evaluation,modelling,178,low,1,11251,12077,negation,task_001881,repo
task_001883,proj_00206,Summarise key findings from the length of stay analysis for the team.,healthcare_readmission,reporting_documentation,reporting,136,medium,2,11778,12188,standard,task_001882,repo
task_001884,proj_00206,Restore the clinical notes dataset pipeline without triggering a full historical backfill.,healthcare_readmission,data_pipeline_maintenance,infrastructure,87,high,3,8171,8406,negation,,repo
task_001885,proj_00206,Restart and verify the clinical notes dataset pipeline after a maintenance window.,healthcare_readmission,data_pipeline_maintenance,infrastructure,63,high,3,23252,23456,standard,,repo
task_001886,proj_00207,Pull the latest records and afterwards check the transaction dataset covers the full time range.,fraud_detection,data_collection,data_preparation,135,low,1,57025,58544,multi_step,,repo
task_001887,proj_00207,"First fix the encoding issues in the transaction dataset, then reconcile the mismatched identifiers.",fraud_detection,data_cleaning,data_preparation,52,medium,2,57094,57580,multi_step,task_001886,repo
task_001888,proj_00207,Visualise trends in fraud risk over time using the transaction dataset.,fraud_detection,exploratory_data_analysis,analysis,193,medium,2,57728,58106,standard,task_001887,repo
task_001889,proj_00207,Improve signal for fraud risk without adding features derived from transaction frequency.,fraud_detection,feature_engineering,analysis,73,medium,2,59014,59408,negation,task_001888,repo
task_001890,proj_00207,Set up cross-validation and then fit the gradient boosting model on the prepared transaction dataset.,fraud_detection,model_training,modelling,63,medium,2,59286,59734,multi_step,task_001889,repo
task_001891,proj_00207,"Compute precision, recall and F1 for fraud risk predictions.",fraud_detection,model_evaluation,modelling,51,low,1,60243,60753,standard,task_001890,repo
task_001892,proj_00207,Retrain the gradient boosting model after incorporating the new features.,fraud_detection,model_training,modelling,208,medium,2,60940,61621,standard,task_001891,repo
task_001893,proj_00207,"Compute precision, recall and F1 for fraud risk predictions.",fraud_detection,model_evaluation,modelling,61,high,3,61633,61854,standard,task_001892,repo
task_001894,proj_00207,Set up the training pipeline for the gradient boosting model.,fraud_detection,model_training,modelling,324,low,1,61756,63334,standard,task_001893,repo
task_001895,proj_00207,Investigate a drop in gradient boosting model recall after the last transaction dataset update.,fraud_detection,model_evaluation,modelling,69,medium,2,62050,62398,standard,task_001894,repo
task_001896,proj_00207,Nobody knows how the gradient boosting model works — fix that.,fraud_detection,reporting_documentation,reporting,81,low,1,62078,62399,ambiguous,task_001895,repo
task_001897,proj_00207,Patch a schema change that broke the transaction dataset pipeline.,fraud_detection,data_pipeline_maintenance,infrastructure,81,low,1,75840,76579,standard,,repo
task_001898,proj_00208,Validate that the credit card transactions dataset covers the full required time range.,fraud_detection,data_collection,data_preparation,142,medium,2,24619,25196,standard,,repo
task_001899,proj_00208,"First fix the encoding issues in the credit card transactions dataset, then reconcile the mismatched identifiers.",fraud_detection,data_cleaning,data_preparation,67,medium,2,24886,25167,multi_step,task_001898,repo
task_001900,proj_00208,Visualise trends in fraudulent transactions over time using the credit card transactions dataset.,fraud_detection,exploratory_data_analysis,analysis,88,medium,2,25191,25757,standard,task_001899,repo
task_001901,proj_00208,Generate embeddings to represent device fingerprint for the autoencoder model.,fraud_detection,feature_engineering,analysis,181,medium,2,26325,26774,standard,task_001900,repo
task_001902,proj_00208,Retrain the autoencoder model after incorporating the new features.,fraud_detection,model_training,modelling,312,medium,2,27707,28279,standard,task_001901,repo
task_001903,proj_00208,"Score the autoencoder model on the held-out split, then run an error analysis on the failures.",fraud_detection,model_evaluation,modelling,57,medium,2,28523,28917,multi_step,task_001902,repo
task_001904,proj_00208,Train a autoencoder model to predict fraudulent transactions using the credit card transactions dataset.,fraud_detection,model_training,modelling,205,medium,2,28841,29454,standard,task_001903,repo
task_001905,proj_00208,Evaluate the autoencoder model on a held-out split of the credit card transactions dataset.,fraud_detection,model_evaluation,modelling,178,medium,2,29653,30281,standard,task_001904,repo
task_001906,proj_00208,"The autoencoder model isn't picking anything up, have a go at it.",fraud_detection,model_training,modelling,81,high,3,31000,31201,ambiguous,task_001905,repo
task_001907,proj_00208,"First reproduce the reported autoencoder model metrics, then investigate the drop in recall.",fraud_detection,model_evaluation,modelling,147,medium,2,31300,31648,multi_step,task_001906,repo
task_001908,proj_00208,Put together whatever we have on the credit card transactions dataset for the handover.,fraud_detection,reporting_documentation,reporting,158,low,1,32047,33520,ambiguous,task_001907,repo
task_001909,proj_00208,Monitor data quality alerts for the credit card transactions dataset pipeline.,fraud_detection,data_pipeline_maintenance,infrastructure,37,medium,2,40934,41271,standard,,repo
task_001910,proj_00208,Fix the failing credit card transactions dataset job without taking the pipeline offline.,fraud_detection,data_pipeline_maintenance,infrastructure,73,high,3,42576,42714,negation,,repo
task_001911,proj_00208,Restore the credit card transactions dataset pipeline without triggering a full historical backfill.,fraud_detection,data_pipeline_maintenance,infrastructure,65,low,1,33243,34538,negation,,repo
task_001912,proj_00209,Retrieving additional records is required to complete the equipment logs dataset.,predictive_maintenance,data_collection,data_preparation,112,medium,2,69414,69943,standard,,repo
task_001913,proj_00209,Deduplicate the equipment logs dataset and then standardise the temperature readings column formats.,predictive_maintenance,data_cleaning,data_preparation,47,low,1,70141,70753,multi_step,task_001912,repo
task_001914,proj_00209,Check for seasonality patterns related to temperature readings in the equipment logs dataset.,predictive_maintenance,exploratory_data_analysis,analysis,215,low,1,70630,72060,standard,task_001913,repo
task_001915,proj_00209,Test whether adding temperature readings-derived features improves signal for maintenance urgency.,predictive_maintenance,feature_engineering,analysis,257,high,3,71307,71654,standard,task_001914,repo
task_001916,proj_00209,Training a LSTM survival model from scratch on the updated equipment logs dataset.,predictive_maintenance,model_training,modelling,256,high,3,71537,71930,standard,task_001915,repo
task_001917,proj_00209,"Compute precision, recall and F1 for maintenance urgency predictions.",predictive_maintenance,model_evaluation,modelling,94,low,1,71683,72166,standard,task_001916,repo
task_001918,proj_00209,"Draft the maintenance urgency findings first, then turn them into slides for stakeholders.",predictive_maintenance,reporting_documentation,reporting,37,high,3,72602,72751,multi_step,task_001917,repo
task_001919,proj_00210,Scrape supplementary records to enrich the news articles dataset.,text_summarisation,data_collection,data_preparation,141,medium,2,29983,30342,standard,,repo
task_001920,proj_00210,Clean missing values in the news articles dataset before training the fine-tuned summarisation model.,text_summarisation,data_cleaning,data_preparation,191,high,3,30174,30419,standard,task_001919,repo
task_001921,proj_00210,Encode categorical variables in the news articles dataset for the fine-tuned summarisation model.,text_summarisation,feature_engineering,analysis,267,low,1,30605,31122,standard,task_001920,repo
task_001922,proj_00210,"First fit the fine-tuned summarisation model on a sample, then run the full training on the news articles dataset.",text_summarisation,model_training,modelling,350,medium,2,31356,31862,multi_step,task_001921,repo
task_001923,proj_00210,Check the fine-tuned summarisation model for fairness across segments of the news articles dataset.,text_summarisation,model_evaluation,modelling,165,medium,2,32068,32459,standard,task_001922,repo
task_001924,proj_00210,Nobody knows how the fine-tuned summarisation model works — fix that.,text_summarisation,reporting_documentation,reporting,158,low,1,33251,34793,ambiguous,task_001923,repo
task_001925,proj_00210,The news articles dataset ingestion job fell over again last night.,text_summarisation,data_pipeline_maintenance,infrastructure,69,medium,2,31756,31981,ambiguous,,repo
task_001926,proj_00211,Extract records for the patient records dataset without pulling any personally identifiable fields.,healthcare_readmission,data_collection,data_preparation,94,low,1,3427,4493,negation,,repo
task_001927,proj_00211,Fixing encoding issues in the patient records dataset before further processing.,healthcare_readmission,data_cleaning,data_preparation,103,low,1,3581,5102,standard,task_001926,repo
task_001928,proj_00211,"lab results on its own isn't telling us much, work on it.",healthcare_readmission,feature_engineering,analysis,298,medium,2,4090,4667,ambiguous,task_001927,repo
task_001929,proj_00211,Fit the survival analysis model on the prepared patient records dataset.,healthcare_readmission,model_training,modelling,339,high,3,4922,5319,standard,task_001928,repo
task_001930,proj_00211,Check whether the survival analysis model is actually any good on 30-day readmission.,healthcare_readmission,model_evaluation,modelling,97,high,3,6130,6265,ambiguous,task_001929,repo
task_001931,proj_00211,"First fit the survival analysis model on a sample, then run the full training on the patient records dataset.",healthcare_readmission,model_training,modelling,193,medium,2,6837,7180,multi_step,task_001930,repo
task_001932,proj_00211,Validate the survival analysis model on out-of-time data before deployment.,healthcare_readmission,model_evaluation,modelling,170,high,3,7137,7421,standard,task_001931,repo
task_001933,proj_00211,Fit the survival analysis model on the prepared patient records dataset.,healthcare_readmission,model_training,modelling,180,medium,2,8510,9098,standard,task_001932,repo
task_001934,proj_00211,"Compute precision, recall and F1 for 30-day readmission predictions.",healthcare_readmission,model_evaluation,modelling,118,high,3,9774,10028,standard,task_001933,repo
task_001935,proj_00211,Updating the project README with the latest patient records dataset schema.,healthcare_readmission,reporting_documentation,reporting,171,low,1,11014,11690,standard,task_001934,repo
task_001936,proj_00211,Patch a schema change that broke the patient records dataset pipeline.,healthcare_readmission,data_pipeline_maintenance,infrastructure,19,medium,2,4321,4575,standard,,repo
task_001937,proj_00211,"First add monitoring for the recurring failure, then refactor the patient records dataset ingestion.",healthcare_readmission,data_pipeline_maintenance,infrastructure,76,medium,2,14431,14743,multi_step,,repo
task_001938,proj_00212,"Request access to the new source, then pull an initial extract into the customer churn dataset.",customer_churn,data_collection,data_preparation,62,low,1,7641,8817,multi_step,,repo
task_001939,proj_00212,Standardise column formats across the customer churn dataset.,customer_churn,data_cleaning,data_preparation,59,medium,2,8781,9275,standard,task_001938,repo
task_001940,proj_00212,Summarise the customer churn dataset without producing any new visualisations.,customer_churn,exploratory_data_analysis,analysis,94,low,1,9549,10001,negation,task_001939,repo
task_001941,proj_00212,Test whether adding usage frequency-derived features improves signal for customer churn.,customer_churn,feature_engineering,analysis,83,medium,2,10051,10370,standard,task_001940,repo
task_001942,proj_00212,Fit the logistic regression model on the prepared customer churn dataset.,customer_churn,model_training,modelling,67,high,3,10911,11071,standard,task_001941,repo
task_001943,proj_00212,Assessing whether the logistic regression model meets the required performance threshold.,customer_churn,model_evaluation,modelling,44,low,1,11042,11695,standard,task_001942,repo
task_001944,proj_00212,Prepare slides presenting the logistic regression model performance to stakeholders.,customer_churn,reporting_documentation,reporting,110,low,1,11635,12485,standard,task_001943,repo
task_001945,proj_00212,"Check the pipeline logs, then patch the schema change that broke the customer churn dataset ingestion.",customer_churn,data_pipeline_maintenance,infrastructure,76,medium,2,11084,11616,multi_step,,repo
task_001946,proj_00212,Monitor data quality alerts for the customer churn dataset pipeline.,customer_churn,data_pipeline_maintenance,infrastructure,47,high,3,9350,9479,standard,,repo
task_001947,proj_00213,Validate that the borrower repayment dataset covers the full required time range.,credit_scoring,data_collection,data_preparation,111,medium,2,33101,33589,standard,,repo
task_001948,proj_00213,Handle missing observations in the borrower repayment dataset to prepare it for repayment probability modelling.,credit_scoring,data_cleaning,data_preparation,118,high,3,33329,33601,standard,task_001947,repo
task_001949,proj_00213,Produce summary statistics and visualisations for the borrower repayment dataset.,credit_scoring,exploratory_data_analysis,analysis,97,high,3,33916,34176,standard,task_001948,repo
task_001950,proj_00213,Improve signal for repayment probability without adding features derived from income-to-debt ratio.,credit_scoring,feature_engineering,analysis,249,medium,2,34403,34834,negation,task_001949,repo
task_001951,proj_00213,Run cross-validation while training the XGBoost model on the borrower repayment dataset.,credit_scoring,model_training,modelling,78,high,3,35180,35400,standard,task_001950,repo
task_001952,proj_00213,"First reproduce the reported XGBoost model metrics, then investigate the drop in recall.",credit_scoring,model_evaluation,modelling,59,low,1,36526,36894,multi_step,task_001951,repo
task_001953,proj_00213,Debug a training failure encountered while fitting the XGBoost model.,credit_scoring,model_training,modelling,256,medium,2,37094,37513,standard,task_001952,repo
task_001954,proj_00213,Produce a confusion matrix summarising XGBoost model performance on repayment probability.,credit_scoring,model_evaluation,modelling,128,medium,2,37231,37674,standard,task_001953,repo
task_001955,proj_00213,"The XGBoost model isn't picking anything up, have a go at it.",credit_scoring,model_training,modelling,82,medium,2,38033,38429,ambiguous,task_001954,repo
task_001956,proj_00213,"Evaluate the XGBoost model on the borrower repayment dataset, then check fairness across the main segments.",credit_scoring,model_evaluation,modelling,166,low,1,38425,39455,multi_step,task_001955,repo
task_001957,proj_00213,"Draft the repayment probability findings first, then turn them into slides for stakeholders.",credit_scoring,reporting_documentation,reporting,36,high,3,38504,38656,multi_step,task_001956,repo
task_001958,proj_00213,Add monitoring for a recurring failure in the borrower repayment dataset pipeline.,credit_scoring,data_pipeline_maintenance,infrastructure,111,low,1,51372,52611,standard,,repo
task_001959,proj_00213,Fix a broken scheduled job feeding the borrower repayment dataset.,credit_scoring,data_pipeline_maintenance,infrastructure,118,low,1,46017,47169,standard,,repo
task_001960,proj_00214,"Request access to the new source, then pull an initial extract into the support tickets dataset.",text_summarisation,data_collection,data_preparation,149,medium,2,34438,34828,multi_step,,repo
task_001961,proj_00214,Clean missing values in the support tickets dataset before training the topic model.,text_summarisation,data_cleaning,data_preparation,101,medium,2,34723,35084,standard,task_001960,repo
task_001962,proj_00214,Visualise trends in key topic extraction over time using the support tickets dataset.,text_summarisation,exploratory_data_analysis,analysis,183,low,1,34913,36505,standard,task_001961,repo
task_001963,proj_00214,Encode categorical variables in the support tickets dataset for the topic model.,text_summarisation,feature_engineering,analysis,217,low,1,35736,36743,standard,task_001962,repo
task_001964,proj_00214,Debug a training failure encountered while fitting the topic model.,text_summarisation,model_training,modelling,66,low,1,37101,38571,standard,task_001963,repo
task_001965,proj_00214,Validate the topic model without touching the held-out test split.,text_summarisation,model_evaluation,modelling,97,high,3,38469,38709,negation,task_001964,repo
task_001966,proj_00214,Document the data preparation steps applied to the support tickets dataset.,text_summarisation,reporting_documentation,reporting,142,low,1,39431,39888,standard,task_001965,repo
task_001967,proj_00214,Add monitoring for a recurring failure in the support tickets dataset pipeline.,text_summarisation,data_pipeline_maintenance,infrastructure,67,low,1,49826,50295,standard,,repo
task_001968,proj_00214,Fix the failing support tickets dataset job without taking the pipeline offline.,text_summarisation,data_pipeline_maintenance,infrastructure,23,medium,2,43149,43424,negation,,repo
task_001969,proj_00215,Set up an automated pipeline to pull new records into the experiment exposure dataset.,ab_testing_analysis,data_collection,data_preparation,39,low,1,6989,8305,standard,,repo
task_001970,proj_00215,Treat the outliers in conversion event without imputing any values.,ab_testing_analysis,data_cleaning,data_preparation,40,medium,2,7905,8181,negation,task_001969,repo
task_001971,proj_00215,Debug a training failure encountered while fitting the causal inference model.,ab_testing_analysis,model_training,modelling,191,low,1,8044,9198,standard,task_001970,repo
task_001972,proj_00215,"Compute precision, recall and F1 for statistical significance predictions.",ab_testing_analysis,model_evaluation,modelling,90,medium,2,9165,9414,standard,task_001971,repo
task_001973,proj_00215,They want something on statistical significance for tomorrow.,ab_testing_analysis,reporting_documentation,reporting,58,medium,2,10218,10517,ambiguous,task_001972,repo
task_001974,proj_00215,Resolve the freshness issue in the experiment exposure dataset without changing the ingestion schedule.,ab_testing_analysis,data_pipeline_maintenance,infrastructure,120,medium,2,17173,17449,negation,,repo
task_001975,proj_00216,Extract records for the building energy dataset without pulling any personally identifiable fields.,energy_consumption,data_collection,data_preparation,37,low,1,50092,50460,negation,,repo
task_001976,proj_00216,Standardise column formats across the building energy dataset.,energy_consumption,data_cleaning,data_preparation,181,low,1,50702,51556,standard,task_001975,repo
task_001977,proj_00216,"There's something odd in the building energy dataset, can't put my finger on it.",energy_consumption,exploratory_data_analysis,analysis,228,medium,2,51358,51966,ambiguous,task_001976,repo
task_001978,proj_00216,"Encode the categorical variables, then test whether they improve peak load prediction.",energy_consumption,feature_engineering,analysis,300,low,1,52563,54296,multi_step,task_001977,repo
task_001979,proj_00216,Run cross-validation while training the gradient boosting regressor on the building energy dataset.,energy_consumption,model_training,modelling,255,high,3,52644,52949,standard,task_001978,repo
task_001980,proj_00216,Investigate a drop in gradient boosting regressor recall after the last building energy dataset update.,energy_consumption,model_evaluation,modelling,174,medium,2,52817,53405,standard,task_001979,repo
task_001981,proj_00216,"First fit the gradient boosting regressor on a sample, then run the full training on the building energy dataset.",energy_consumption,model_training,modelling,335,high,3,54122,54622,multi_step,task_001980,repo
task_001982,proj_00216,Check whether the gradient boosting regressor is actually any good on peak load.,energy_consumption,model_evaluation,modelling,164,medium,2,54242,54688,ambiguous,task_001981,repo
task_001983,proj_00216,Set up the training pipeline for the gradient boosting regressor.,energy_consumption,model_training,modelling,354,medium,2,54808,55406,standard,task_001982,repo
task_001984,proj_00216,Investigate a drop in gradient boosting regressor recall after the last building energy dataset update.,energy_consumption,model_evaluation,modelling,122,medium,2,55496,55899,standard,task_001983,repo
task_001985,proj_00216,Prepare a one-page summary of gradient boosting regressor results for management.,energy_consumption,reporting_documentation,reporting,143,medium,2,55747,56219,standard,task_001984,repo
task_001986,proj_00216,Resolve the freshness issue in the building energy dataset without changing the ingestion schedule.,energy_consumption,data_pipeline_maintenance,infrastructure,86,medium,2,51725,52116,negation,,repo
task_001987,proj_00216,Resolve a data freshness issue affecting the building energy dataset.,energy_consumption,data_pipeline_maintenance,infrastructure,72,high,3,64978,65138,standard,,repo
task_001988,proj_00217,Gather the missing records for the patient records dataset without hitting production directly.,healthcare_readmission,data_collection,data_preparation,60,low,1,38316,39478,negation,,repo
task_001989,proj_00217,Standardise column formats across the patient records dataset.,healthcare_readmission,data_cleaning,data_preparation,177,medium,2,39365,39763,standard,task_001988,repo
task_001990,proj_00217,Segment the patient records dataset first and afterwards compare discharge disposition across the segments.,healthcare_readmission,exploratory_data_analysis,analysis,48,low,1,39748,40893,multi_step,task_001989,repo
task_001991,proj_00217,The inputs to the gradient boosting model need rethinking.,healthcare_readmission,feature_engineering,analysis,250,low,1,40302,40861,ambiguous,task_001990,repo
task_001992,proj_00217,Train a gradient boosting model to predict length of stay using the patient records dataset.,healthcare_readmission,model_training,modelling,145,high,3,41200,41408,standard,task_001991,repo
task_001993,proj_00217,The gradient boosting model was fine last month and now it isn't.,healthcare_readmission,model_evaluation,modelling,129,high,3,42269,42518,ambiguous,task_001992,repo
task_001994,proj_00217,"Update the README with the new patient records dataset schema, then draft the gradient boosting model release notes.",healthcare_readmission,reporting_documentation,reporting,172,low,1,42545,43557,multi_step,task_001993,repo
task_001995,proj_00218,Pull the latest records and afterwards check the store-level sales dataset covers the full time range.,sales_forecasting,data_collection,data_preparation,145,medium,2,47459,47947,multi_step,,repo
task_001996,proj_00218,Something's wrong with seasonality in the store-level sales dataset.,sales_forecasting,data_cleaning,data_preparation,209,low,1,48066,48890,ambiguous,task_001995,repo
task_001997,proj_00218,"There's something odd in the store-level sales dataset, can't put my finger on it.",sales_forecasting,exploratory_data_analysis,analysis,66,low,1,49288,49609,ambiguous,task_001996,repo
task_001998,proj_00218,Get a first inventory requirements baseline without tuning the temporal fusion transformer at all.,sales_forecasting,model_training,modelling,292,medium,2,50518,51154,negation,task_001997,repo
task_001999,proj_00218,The temporal fusion transformer was fine last month and now it isn't.,sales_forecasting,model_evaluation,modelling,180,medium,2,50894,51243,ambiguous,task_001998,repo
task_002000,proj_00218,Summarise the temporal fusion transformer results for management without including technical detail.,sales_forecasting,reporting_documentation,reporting,156,low,1,51384,52935,negation,task_001999,repo
task_002001,proj_00218,Fix the failing store-level sales dataset job without taking the pipeline offline.,sales_forecasting,data_pipeline_maintenance,infrastructure,64,medium,2,55872,56147,negation,,repo
task_002002,proj_00218,Fix a broken scheduled job feeding the store-level sales dataset.,sales_forecasting,data_pipeline_maintenance,infrastructure,119,high,3,51217,51419,standard,,repo
task_002003,proj_00218,The store-level sales dataset pipeline has been flaky all week.,sales_forecasting,data_pipeline_maintenance,infrastructure,50,medium,2,60632,61117,ambiguous,,repo
task_002004,proj_00219,Validate that the historical sales dataset covers the full required time range.,sales_forecasting,data_collection,data_preparation,57,high,3,22798,22956,standard,,repo
task_002005,proj_00219,Detect and treat outliers in promotional calendar within the historical sales dataset.,sales_forecasting,data_cleaning,data_preparation,82,medium,2,23101,23563,standard,task_002004,repo
task_002006,proj_00219,Engineer new features from promotional calendar to improve product demand prediction.,sales_forecasting,feature_engineering,analysis,213,high,3,23461,23842,standard,task_002005,repo
task_002007,proj_00219,Set up the training pipeline for the SARIMA model.,sales_forecasting,model_training,modelling,63,medium,2,24577,24773,standard,task_002006,repo
task_002008,proj_00219,Validate the SARIMA model on out-of-time data before deployment.,sales_forecasting,model_evaluation,modelling,102,high,3,25348,25626,standard,task_002007,repo
task_002009,proj_00219,They want something on product demand for tomorrow.,sales_forecasting,reporting_documentation,reporting,163,low,1,26236,27568,ambiguous,task_002008,repo
task_002010,proj_00219,Patch a schema change that broke the historical sales dataset pipeline.,sales_forecasting,data_pipeline_maintenance,infrastructure,71,high,3,25784,26011,standard,,repo
task_002011,proj_00219,Monitor data quality alerts for the historical sales dataset pipeline.,sales_forecasting,data_pipeline_maintenance,infrastructure,32,high,3,30812,30903,standard,,repo
task_002012,proj_00220,Pull the latest records and afterwards check the historical sales dataset covers the full time range.,sales_forecasting,data_collection,data_preparation,55,high,3,41355,41573,multi_step,,repo
task_002013,proj_00220,Impute missing values for seasonality using an appropriate strategy.,sales_forecasting,data_cleaning,data_preparation,172,medium,2,42020,42632,standard,task_002012,repo
task_002014,proj_00220,Explore the distribution of seasonality in the historical sales dataset.,sales_forecasting,exploratory_data_analysis,analysis,107,low,1,42107,43224,standard,task_002013,repo
task_002015,proj_00220,Generate embeddings to represent seasonality for the gradient boosting regressor.,sales_forecasting,feature_engineering,analysis,127,medium,2,42572,43067,standard,task_002014,repo
task_002016,proj_00220,Give the gradient boosting regressor another run with the latest historical sales dataset.,sales_forecasting,model_training,modelling,204,low,1,42970,43595,ambiguous,task_002015,repo
task_002017,proj_00220,Validate the gradient boosting regressor on out-of-time data before deployment.,sales_forecasting,model_evaluation,modelling,30,medium,2,44042,44443,standard,task_002016,repo
task_002018,proj_00220,Set up the training pipeline for the gradient boosting regressor.,sales_forecasting,model_training,modelling,151,low,1,45199,46128,standard,task_002017,repo
task_002019,proj_00220,"Score the gradient boosting regressor on the held-out split, then run an error analysis on the failures.",sales_forecasting,model_evaluation,modelling,179,medium,2,46470,46947,multi_step,task_002018,repo
task_002020,proj_00220,Put together whatever we have on the historical sales dataset for the handover.,sales_forecasting,reporting_documentation,reporting,76,medium,2,47476,47790,ambiguous,task_002019,repo
task_002021,proj_00220,"The historical sales dataset numbers look stale, find out why.",sales_forecasting,data_pipeline_maintenance,infrastructure,116,medium,2,57156,57698,ambiguous,,repo
task_002022,proj_00220,"The historical sales dataset numbers look stale, find out why.",sales_forecasting,data_pipeline_maintenance,infrastructure,52,low,1,52964,53486,ambiguous,,repo
task_002023,proj_00221,"Request access to the new source, then pull an initial extract into the employee survey dataset.",employee_attrition,data_collection,data_preparation,62,medium,2,15607,16036,multi_step,,repo
task_002024,proj_00221,"First fix the encoding issues in the employee survey dataset, then reconcile the mismatched identifiers.",employee_attrition,data_cleaning,data_preparation,205,low,1,16623,17663,multi_step,task_002023,repo
task_002025,proj_00221,"compensation band on its own isn't telling us much, work on it.",employee_attrition,feature_engineering,analysis,115,high,3,17186,17435,ambiguous,task_002024,repo
task_002026,proj_00221,Fit the gradient boosting model on the employee survey dataset without using the compensation band column.,employee_attrition,model_training,modelling,193,high,3,17325,17653,negation,task_002025,repo
task_002027,proj_00221,"First reproduce the reported gradient boosting model metrics, then investigate the drop in recall.",employee_attrition,model_evaluation,modelling,138,medium,2,18141,18426,multi_step,task_002026,repo
task_002028,proj_00221,Give the gradient boosting model another run with the latest employee survey dataset.,employee_attrition,model_training,modelling,172,medium,2,18705,19020,ambiguous,task_002027,repo
task_002029,proj_00221,"First reproduce the reported gradient boosting model metrics, then investigate the drop in recall.",employee_attrition,model_evaluation,modelling,134,medium,2,19351,19690,multi_step,task_002028,repo
task_002030,proj_00221,Set up the training pipeline for the gradient boosting model.,employee_attrition,model_training,modelling,116,high,3,20463,20693,standard,task_002029,repo
task_002031,proj_00221,Evaluate the gradient boosting model on a held-out split of the employee survey dataset.,employee_attrition,model_evaluation,modelling,35,high,3,20742,20830,standard,task_002030,repo
task_002032,proj_00221,"Draft the engagement score findings first, then turn them into slides for stakeholders.",employee_attrition,reporting_documentation,reporting,171,low,1,21439,21950,multi_step,task_002031,repo
task_002033,proj_00221,Add monitoring for a recurring failure in the employee survey dataset pipeline.,employee_attrition,data_pipeline_maintenance,infrastructure,35,high,3,26746,26912,standard,,repo
task_002034,proj_00222,Collect raw data for the firewall logs dataset from the source system.,network_intrusion_detection,data_collection,data_preparation,164,low,1,1875,3093,standard,,repo
task_002035,proj_00222,Handle missing observations in the firewall logs dataset to prepare it for malicious traffic modelling.,network_intrusion_detection,data_cleaning,data_preparation,70,low,1,2883,3242,standard,task_002034,repo
task_002036,proj_00222,Visualise trends in malicious traffic over time using the firewall logs dataset.,network_intrusion_detection,exploratory_data_analysis,analysis,53,low,1,3369,3915,standard,task_002035,repo
task_002037,proj_00222,"Create the lagged variables from connection duration, then aggregate them at project level.",network_intrusion_detection,feature_engineering,analysis,93,high,3,4157,4349,multi_step,task_002036,repo
task_002038,proj_00222,Establishing a baseline autoencoder model for malicious traffic prediction.,network_intrusion_detection,model_training,modelling,97,medium,2,4345,4922,standard,task_002037,repo
task_002039,proj_00222,Evaluate the autoencoder model on a held-out split of the firewall logs dataset.,network_intrusion_detection,model_evaluation,modelling,33,high,3,5210,5411,standard,task_002038,repo
task_002040,proj_00222,Run cross-validation while training the autoencoder model on the firewall logs dataset.,network_intrusion_detection,model_training,modelling,108,high,3,6463,6701,standard,task_002039,repo
task_002041,proj_00222,Assess the autoencoder model on malicious traffic without relying on accuracy as the headline metric.,network_intrusion_detection,model_evaluation,modelling,112,medium,2,6875,7118,negation,task_002040,repo
task_002042,proj_00222,Finalise documentation before closing out the malicious traffic project.,network_intrusion_detection,reporting_documentation,reporting,147,low,1,7508,8436,standard,task_002041,repo
task_002043,proj_00222,Restore the firewall logs dataset pipeline without triggering a full historical backfill.,network_intrusion_detection,data_pipeline_maintenance,infrastructure,69,low,1,14126,15267,negation,,repo
task_002044,proj_00222,Refactor the ingestion pipeline for the firewall logs dataset to reduce runtime.,network_intrusion_detection,data_pipeline_maintenance,infrastructure,76,low,1,20169,21577,standard,,repo
task_002045,proj_00222,Resolve a data freshness issue affecting the firewall logs dataset.,network_intrusion_detection,data_pipeline_maintenance,infrastructure,63,low,1,18387,19707,standard,,repo
task_002046,proj_00223,Check where the news articles dataset is actually coming from.,text_summarisation,data_collection,data_preparation,174,low,1,59372,60422,ambiguous,,repo
task_002047,proj_00223,Standardise column formats across the news articles dataset.,text_summarisation,data_cleaning,data_preparation,237,medium,2,60067,60466,standard,task_002046,repo
task_002048,proj_00223,Run a first exploratory pass over the news articles dataset to understand its structure.,text_summarisation,exploratory_data_analysis,analysis,98,high,3,60277,60530,standard,task_002047,repo
task_002049,proj_00223,Test whether adding document length-derived features improves signal for key topic extraction.,text_summarisation,feature_engineering,analysis,81,low,1,61507,62797,standard,task_002048,repo
task_002050,proj_00223,Fine-tune the topic model on a recent snapshot of the news articles dataset.,text_summarisation,model_training,modelling,90,high,3,62593,62777,standard,task_002049,repo
task_002051,proj_00223,Assess the topic model on key topic extraction without relying on accuracy as the headline metric.,text_summarisation,model_evaluation,modelling,116,high,3,63451,63606,negation,task_002050,repo
task_002052,proj_00223,"First fit the topic model on a sample, then run the full training on the news articles dataset.",text_summarisation,model_training,modelling,62,medium,2,64124,64413,multi_step,task_002051,repo
task_002053,proj_00223,Check whether the topic model is actually any good on key topic extraction.,text_summarisation,model_evaluation,modelling,169,medium,2,65290,65912,ambiguous,task_002052,repo
task_002054,proj_00223,Write up the key topic extraction results without waiting for the final topic model run.,text_summarisation,reporting_documentation,reporting,148,medium,2,65787,66318,negation,task_002053,repo
task_002055,proj_00224,We're short on records for the HR records dataset — sort it out.,employee_attrition,data_collection,data_preparation,59,low,1,22202,23369,ambiguous,,repo
task_002056,proj_00224,Fixing encoding issues in the HR records dataset before further processing.,employee_attrition,data_cleaning,data_preparation,190,high,3,23231,23575,standard,task_002055,repo
task_002057,proj_00224,"Compute summary statistics for the HR records dataset, then visualise how engagement score moves over time.",employee_attrition,exploratory_data_analysis,analysis,147,low,1,23532,24159,multi_step,task_002056,repo
task_002058,proj_00224,Improve signal for engagement score without adding features derived from tenure.,employee_attrition,feature_engineering,analysis,244,high,3,24438,24781,negation,task_002057,repo
task_002059,proj_00224,Fit the survival analysis model on the HR records dataset without using the tenure column.,employee_attrition,model_training,modelling,250,medium,2,25523,25977,negation,task_002058,repo
task_002060,proj_00224,Assess the survival analysis model on engagement score without relying on accuracy as the headline metric.,employee_attrition,model_evaluation,modelling,163,high,3,25827,26115,negation,task_002059,repo
task_002061,proj_00224,Debug a training failure encountered while fitting the survival analysis model.,employee_attrition,model_training,modelling,301,medium,2,26905,27495,standard,task_002060,repo
task_002062,proj_00224,Check the survival analysis model for fairness across segments of the HR records dataset.,employee_attrition,model_evaluation,modelling,164,high,3,27197,27512,standard,task_002061,repo
task_002063,proj_00224,Write up the engagement score results without waiting for the final survival analysis model run.,employee_attrition,reporting_documentation,reporting,136,low,1,27232,28571,negation,task_002062,repo
task_002064,proj_00225,Scrape supplementary records to enrich the subscription churn dataset.,customer_churn,data_collection,data_preparation,47,low,1,62664,64096,standard,,repo
task_002065,proj_00225,Clean the subscription churn dataset for customer attrition modelling without altering the original source files.,customer_churn,data_cleaning,data_preparation,190,low,1,63141,63965,negation,task_002064,repo
task_002066,proj_00225,Examine monthly charges in the subscription churn dataset without assuming a normal distribution.,customer_churn,exploratory_data_analysis,analysis,154,medium,2,63718,64148,negation,task_002065,repo
task_002067,proj_00225,"Create the lagged variables from monthly charges, then aggregate them at project level.",customer_churn,feature_engineering,analysis,299,low,1,64485,66132,multi_step,task_002066,repo
task_002068,proj_00225,Set up the training pipeline for the logistic regression model.,customer_churn,model_training,modelling,99,medium,2,65813,66084,standard,task_002067,repo
task_002069,proj_00225,Produce a confusion matrix summarising logistic regression model performance on customer attrition.,customer_churn,model_evaluation,modelling,75,medium,2,66271,66518,standard,task_002068,repo
task_002070,proj_00225,"Whatever we did last time to the logistic regression model, do it again with the new data.",customer_churn,model_training,modelling,360,high,3,66545,67033,ambiguous,task_002069,repo
task_002071,proj_00225,Produce a confusion matrix summarising logistic regression model performance on customer attrition.,customer_churn,model_evaluation,modelling,151,medium,2,67236,67508,standard,task_002070,repo
task_002072,proj_00225,Write handover notes for the subscription churn dataset project.,customer_churn,reporting_documentation,reporting,53,high,3,67725,67845,standard,task_002071,repo
task_002073,proj_00225,"The subscription churn dataset numbers look stale, find out why.",customer_churn,data_pipeline_maintenance,infrastructure,15,medium,2,66832,66993,ambiguous,,repo
task_002074,proj_00226,Check where the purchase history dataset is actually coming from.,recommendation_system,data_collection,data_preparation,120,low,1,50258,51687,ambiguous,,repo
task_002075,proj_00226,Half the rows in the purchase history dataset don't look right.,recommendation_system,data_cleaning,data_preparation,50,high,3,50922,51056,ambiguous,task_002074,repo
task_002076,proj_00226,Summarising key findings from the exploratory analysis of the purchase history dataset.,recommendation_system,exploratory_data_analysis,analysis,227,low,1,51277,52639,standard,task_002075,repo
task_002077,proj_00226,See if we can squeeze more out of category preference for purchase likelihood.,recommendation_system,feature_engineering,analysis,185,medium,2,52439,52872,ambiguous,task_002076,repo
task_002078,proj_00226,Retrain the matrix factorisation model after incorporating the new features.,recommendation_system,model_training,modelling,345,high,3,53857,54321,standard,task_002077,repo
task_002079,proj_00226,Evaluate the matrix factorisation model on a held-out split of the purchase history dataset.,recommendation_system,model_evaluation,modelling,123,high,3,54236,54477,standard,task_002078,repo
task_002080,proj_00226,Set up the training pipeline for the matrix factorisation model.,recommendation_system,model_training,modelling,346,high,3,55119,55543,standard,task_002079,repo
task_002081,proj_00226,Compare the matrix factorisation model against the previous version without retraining either of them.,recommendation_system,model_evaluation,modelling,75,high,3,55917,56024,negation,task_002080,repo
task_002082,proj_00226,"The matrix factorisation model isn't picking anything up, have a go at it.",recommendation_system,model_training,modelling,244,medium,2,56333,56699,ambiguous,task_002081,repo
task_002083,proj_00226,Assess the matrix factorisation model on purchase likelihood without relying on accuracy as the headline metric.,recommendation_system,model_evaluation,modelling,114,low,1,57548,58657,negation,task_002082,repo
task_002084,proj_00226,Put together whatever we have on the purchase history dataset for the handover.,recommendation_system,reporting_documentation,reporting,33,medium,2,58082,58252,ambiguous,task_002083,repo
task_002085,proj_00226,"Check the pipeline logs, then patch the schema change that broke the purchase history dataset ingestion.",recommendation_system,data_pipeline_maintenance,infrastructure,20,high,3,65141,65255,multi_step,,repo
task_002086,proj_00226,Fix a broken scheduled job feeding the purchase history dataset.,recommendation_system,data_pipeline_maintenance,infrastructure,88,high,3,58438,58676,standard,,repo
task_002087,proj_00227,"First query the production database, then consolidate the extracts into the clinical notes dataset.",healthcare_readmission,data_collection,data_preparation,37,medium,2,13709,13944,multi_step,,repo
task_002088,proj_00227,Standardise column formats across the clinical notes dataset.,healthcare_readmission,data_cleaning,data_preparation,51,medium,2,14086,14318,standard,task_002087,repo
task_002089,proj_00227,Segment the clinical notes dataset first and afterwards compare prior admissions across the segments.,healthcare_readmission,exploratory_data_analysis,analysis,208,medium,2,14215,14703,multi_step,task_002088,repo
task_002090,proj_00227,Finalise the feature set to be used by the logistic regression model.,healthcare_readmission,feature_engineering,analysis,278,low,1,14429,14981,standard,task_002089,repo
task_002091,proj_00227,Fit the logistic regression model on the clinical notes dataset without using the prior admissions column.,healthcare_readmission,model_training,modelling,146,high,3,15125,15451,negation,task_002090,repo
task_002092,proj_00227,The logistic regression model was fine last month and now it isn't.,healthcare_readmission,model_evaluation,modelling,33,high,3,15890,16056,ambiguous,task_002091,repo
task_002093,proj_00227,Prepare slides presenting the logistic regression model performance to stakeholders.,healthcare_readmission,reporting_documentation,reporting,46,low,1,16757,18070,standard,task_002092,repo
task_002094,proj_00227,Monitor data quality alerts for the clinical notes dataset pipeline.,healthcare_readmission,data_pipeline_maintenance,infrastructure,37,medium,2,22353,22651,standard,,repo
task_002095,proj_00228,Validate that the patient records dataset covers the full required time range.,healthcare_readmission,data_collection,data_preparation,173,low,1,1074,2186,standard,,repo
task_002096,proj_00228,Remove duplicate records from the patient records dataset.,healthcare_readmission,data_cleaning,data_preparation,174,high,3,2043,2269,standard,task_002095,repo
task_002097,proj_00228,Normalise and scale discharge disposition ahead of model training.,healthcare_readmission,feature_engineering,analysis,106,medium,2,2296,2617,standard,task_002096,repo
task_002098,proj_00228,Train a survival analysis model to predict length of stay using the patient records dataset.,healthcare_readmission,model_training,modelling,146,high,3,2961,3192,standard,task_002097,repo
task_002099,proj_00228,Compare the survival analysis model against the previous version without retraining either of them.,healthcare_readmission,model_evaluation,modelling,147,low,1,4282,5174,negation,task_002098,repo
task_002100,proj_00228,Write handover notes for the patient records dataset project.,healthcare_readmission,reporting_documentation,reporting,63,low,1,4927,6006,standard,task_002099,repo
task_002101,proj_00228,Refactor the ingestion pipeline for the patient records dataset to reduce runtime.,healthcare_readmission,data_pipeline_maintenance,infrastructure,32,medium,2,6254,6617,standard,,repo
task_002102,proj_00228,Add monitoring for a recurring failure in the patient records dataset pipeline.,healthcare_readmission,data_pipeline_maintenance,infrastructure,49,high,3,7826,7950,standard,,repo
task_002103,proj_00229,"Request access to the new source, then pull an initial extract into the defect inspection image dataset.",image_classification,data_collection,data_preparation,69,medium,2,22434,22730,multi_step,,repo
task_002104,proj_00229,Clean the defect inspection image dataset for image quality label modelling without altering the original source files.,image_classification,data_cleaning,data_preparation,195,high,3,23337,23635,negation,task_002103,repo
task_002105,proj_00229,Reduce the dimensionality of the defect inspection image dataset without discarding colour histogram.,image_classification,feature_engineering,analysis,239,high,3,23776,24186,negation,task_002104,repo
task_002106,proj_00229,Establishing a baseline fine-tuned ResNet model for image quality label prediction.,image_classification,model_training,modelling,322,high,3,24341,24759,standard,task_002105,repo
task_002107,proj_00229,"First reproduce the reported fine-tuned ResNet model metrics, then investigate the drop in recall.",image_classification,model_evaluation,modelling,96,low,1,24802,25374,multi_step,task_002106,repo
task_002108,proj_00229,Training a fine-tuned ResNet model from scratch on the updated defect inspection image dataset.,image_classification,model_training,modelling,303,low,1,25875,27079,standard,task_002107,repo
task_002109,proj_00229,"Score the fine-tuned ResNet model on the held-out split, then run an error analysis on the failures.",image_classification,model_evaluation,modelling,180,high,3,26652,26944,multi_step,task_002108,repo
task_002110,proj_00229,Get a first image quality label baseline without tuning the fine-tuned ResNet model at all.,image_classification,model_training,modelling,64,low,1,26881,28158,negation,task_002109,repo
task_002111,proj_00229,Validate the fine-tuned ResNet model without touching the held-out test split.,image_classification,model_evaluation,modelling,55,low,1,27581,28609,negation,task_002110,repo
task_002112,proj_00229,Document known limitations of the current fine-tuned ResNet model.,image_classification,reporting_documentation,reporting,149,medium,2,28223,28503,standard,task_002111,repo
task_002113,proj_00229,"First add monitoring for the recurring failure, then refactor the defect inspection image dataset ingestion.",image_classification,data_pipeline_maintenance,infrastructure,108,medium,2,37300,37652,multi_step,,repo
task_002114,proj_00229,Resolve the freshness issue in the defect inspection image dataset without changing the ingestion schedule.,image_classification,data_pipeline_maintenance,infrastructure,91,medium,2,30620,31178,negation,,repo
task_002115,proj_00229,Restore the defect inspection image dataset pipeline without triggering a full historical backfill.,image_classification,data_pipeline_maintenance,infrastructure,20,high,3,35488,35597,negation,,repo
task_002116,proj_00230,"The conversion funnel dataset doesn't go back far enough, see what you can do.",ab_testing_analysis,data_collection,data_preparation,72,high,3,4092,4328,ambiguous,,repo
task_002117,proj_00230,Standardise column formats across the conversion funnel dataset.,ab_testing_analysis,data_cleaning,data_preparation,63,medium,2,4513,4723,standard,task_002116,repo
task_002118,proj_00230,Examine variance reduction covariate in the conversion funnel dataset without assuming a normal distribution.,ab_testing_analysis,exploratory_data_analysis,analysis,81,high,3,4713,4941,negation,task_002117,repo
task_002119,proj_00230,Build aggregated features summarising variance reduction covariate at the project level.,ab_testing_analysis,feature_engineering,analysis,177,low,1,5538,6257,standard,task_002118,repo
task_002120,proj_00230,Training a causal inference model from scratch on the updated conversion funnel dataset.,ab_testing_analysis,model_training,modelling,214,medium,2,5963,6391,standard,task_002119,repo
task_002121,proj_00230,Validate the causal inference model on out-of-time data before deployment.,ab_testing_analysis,model_evaluation,modelling,141,low,1,6461,7343,standard,task_002120,repo
task_002122,proj_00230,"Draft the conversion rate uplift findings first, then turn them into slides for stakeholders.",ab_testing_analysis,reporting_documentation,reporting,31,low,1,6791,7767,multi_step,task_002121,repo
task_002123,proj_00231,"Request access to the new source, then pull an initial extract into the borrower repayment dataset.",credit_scoring,data_collection,data_preparation,62,low,1,32027,32602,multi_step,,repo
task_002124,proj_00231,Treat the outliers in income-to-debt ratio without imputing any values.,credit_scoring,data_cleaning,data_preparation,102,high,3,32860,33100,negation,task_002123,repo
task_002125,proj_00231,"Profile the borrower repayment dataset first, then investigate how income-to-debt ratio relates to repayment probability.",credit_scoring,exploratory_data_analysis,analysis,181,low,1,34097,35518,multi_step,task_002124,repo
task_002126,proj_00231,Engineer new features from income-to-debt ratio to improve repayment probability prediction.,credit_scoring,feature_engineering,analysis,116,high,3,35483,35674,standard,task_002125,repo
task_002127,proj_00231,Get a first repayment probability baseline without tuning the XGBoost model at all.,credit_scoring,model_training,modelling,245,medium,2,35979,36344,negation,task_002126,repo
task_002128,proj_00231,"Score the XGBoost model on the held-out split, then run an error analysis on the failures.",credit_scoring,model_evaluation,modelling,49,high,3,37244,37358,multi_step,task_002127,repo
task_002129,proj_00231,Write handover notes for the borrower repayment dataset project.,credit_scoring,reporting_documentation,reporting,41,low,1,38282,39454,standard,task_002128,repo
task_002130,proj_00232,Validate that the store-level sales dataset covers the full required time range.,sales_forecasting,data_collection,data_preparation,137,low,1,63086,64278,standard,,repo
task_002131,proj_00232,Half the rows in the store-level sales dataset don't look right.,sales_forecasting,data_cleaning,data_preparation,57,medium,2,64498,64717,ambiguous,task_002130,repo
task_002132,proj_00232,Deriving interaction terms between lag features and other variables.,sales_forecasting,feature_engineering,analysis,227,high,3,65222,65482,standard,task_002131,repo
task_002133,proj_00232,Fit the gradient boosting regressor on the store-level sales dataset without using the lag features column.,sales_forecasting,model_training,modelling,125,medium,2,65566,66007,negation,task_002132,repo
task_002134,proj_00232,"First reproduce the reported gradient boosting regressor metrics, then investigate the drop in recall.",sales_forecasting,model_evaluation,modelling,32,medium,2,66986,67481,multi_step,task_002133,repo
task_002135,proj_00232,"First collect the gradient boosting regressor results, then prepare a one-page summary for management.",sales_forecasting,reporting_documentation,reporting,43,low,1,67823,68635,multi_step,task_002134,repo
task_002136,proj_00233,Pull the latest records and afterwards check the hospital admissions dataset covers the full time range.,healthcare_readmission,data_collection,data_preparation,166,medium,2,15018,15649,multi_step,,repo
task_002137,proj_00233,Standardise column formats across the hospital admissions dataset.,healthcare_readmission,data_cleaning,data_preparation,31,medium,2,15196,15649,standard,task_002136,repo
task_002138,proj_00233,Compare discharge disposition distributions across different segments of the hospital admissions dataset.,healthcare_readmission,exploratory_data_analysis,analysis,176,high,3,15739,16061,standard,task_002137,repo
task_002139,proj_00233,Encode categorical variables in the hospital admissions dataset for the logistic regression model.,healthcare_readmission,feature_engineering,analysis,178,low,1,16644,17310,standard,task_002138,repo
task_002140,proj_00233,"The logistic regression model isn't picking anything up, have a go at it.",healthcare_readmission,model_training,modelling,247,low,1,17661,18904,ambiguous,task_002139,repo
task_002141,proj_00233,"Evaluate the logistic regression model on the hospital admissions dataset, then check fairness across the main segments.",healthcare_readmission,model_evaluation,modelling,116,high,3,18192,18344,multi_step,task_002140,repo
task_002142,proj_00233,Finalise documentation before closing out the length of stay project.,healthcare_readmission,reporting_documentation,reporting,75,low,1,19318,20487,standard,task_002141,repo
task_002143,proj_00234,Query the production database to extract data for the credit bureau dataset.,credit_scoring,data_collection,data_preparation,166,low,1,32961,33663,standard,,repo
task_002144,proj_00234,Something's wrong with credit utilisation in the credit bureau dataset.,credit_scoring,data_cleaning,data_preparation,140,high,3,34272,34530,ambiguous,task_002143,repo
task_002145,proj_00234,Visualise trends in creditworthiness over time using the credit bureau dataset.,credit_scoring,exploratory_data_analysis,analysis,232,high,3,35225,35632,standard,task_002144,repo
task_002146,proj_00234,Encode categorical variables in the credit bureau dataset for the scorecard model.,credit_scoring,feature_engineering,analysis,79,medium,2,36178,36396,standard,task_002145,repo
task_002147,proj_00234,Retrain the scorecard model after incorporating the new features.,credit_scoring,model_training,modelling,255,medium,2,36493,36908,standard,task_002146,repo
task_002148,proj_00234,Assess the scorecard model on creditworthiness without relying on accuracy as the headline metric.,credit_scoring,model_evaluation,modelling,138,medium,2,37199,37551,negation,task_002147,repo
task_002149,proj_00234,Establishing a baseline scorecard model for creditworthiness prediction.,credit_scoring,model_training,modelling,281,high,3,37740,38100,standard,task_002148,repo
task_002150,proj_00234,Produce a confusion matrix summarising scorecard model performance on creditworthiness.,credit_scoring,model_evaluation,modelling,107,high,3,38924,39199,standard,task_002149,repo
task_002151,proj_00234,Fit the scorecard model on the prepared credit bureau dataset.,credit_scoring,model_training,modelling,251,medium,2,39438,39919,standard,task_002150,repo
task_002152,proj_00234,Produce a confusion matrix summarising scorecard model performance on creditworthiness.,credit_scoring,model_evaluation,modelling,77,medium,2,40347,40887,standard,task_002151,repo
task_002153,proj_00234,"Update the README with the new credit bureau dataset schema, then draft the scorecard model release notes.",credit_scoring,reporting_documentation,reporting,76,medium,2,40455,40790,multi_step,task_002152,repo
task_002154,proj_00235,Merge multiple data extracts into a single sensor telemetry dataset.,predictive_maintenance,data_collection,data_preparation,87,low,1,41914,42905,standard,,repo
task_002155,proj_00235,Remove duplicate records from the sensor telemetry dataset.,predictive_maintenance,data_cleaning,data_preparation,186,low,1,42381,43750,standard,task_002154,repo
task_002156,proj_00235,"Compute summary statistics for the sensor telemetry dataset, then visualise how equipment failure moves over time.",predictive_maintenance,exploratory_data_analysis,analysis,207,medium,2,43600,44204,multi_step,task_002155,repo
task_002157,proj_00235,The inputs to the gradient boosting model need rethinking.,predictive_maintenance,feature_engineering,analysis,298,medium,2,44411,45004,ambiguous,task_002156,repo
task_002158,proj_00235,Fit the gradient boosting model on the sensor telemetry dataset without using the temperature readings column.,predictive_maintenance,model_training,modelling,237,high,3,45123,45428,negation,task_002157,repo
task_002159,proj_00235,Check whether the gradient boosting model is actually any good on equipment failure.,predictive_maintenance,model_evaluation,modelling,83,medium,2,46084,46374,ambiguous,task_002158,repo
task_002160,proj_00235,"Update the README with the new sensor telemetry dataset schema, then draft the gradient boosting model release notes.",predictive_maintenance,reporting_documentation,reporting,95,low,1,47477,48982,multi_step,task_002159,repo
task_002161,proj_00236,We're short on records for the building energy dataset — sort it out.,energy_consumption,data_collection,data_preparation,37,low,1,42270,43744,ambiguous,,repo
task_002162,proj_00236,Clean the building energy dataset for energy anomalies modelling without altering the original source files.,energy_consumption,data_cleaning,data_preparation,174,medium,2,42626,42931,negation,task_002161,repo
task_002163,proj_00236,The inputs to the LSTM forecasting model need rethinking.,energy_consumption,feature_engineering,analysis,120,medium,2,43222,43737,ambiguous,task_002162,repo
task_002164,proj_00236,Set up cross-validation and then fit the LSTM forecasting model on the prepared building energy dataset.,energy_consumption,model_training,modelling,123,low,1,43506,44316,multi_step,task_002163,repo
task_002165,proj_00236,Compare the LSTM forecasting model against a previous version on the building energy dataset.,energy_consumption,model_evaluation,modelling,176,medium,2,43953,44330,standard,task_002164,repo
task_002166,proj_00236,"First fit the LSTM forecasting model on a sample, then run the full training on the building energy dataset.",energy_consumption,model_training,modelling,240,high,3,44789,45166,multi_step,task_002165,repo
task_002167,proj_00236,Produce a confusion matrix summarising LSTM forecasting model performance on energy anomalies.,energy_consumption,model_evaluation,modelling,111,high,3,46031,46199,standard,task_002166,repo
task_002168,proj_00236,Fit the LSTM forecasting model on the building energy dataset without using the weather data column.,energy_consumption,model_training,modelling,317,medium,2,47406,48043,negation,task_002167,repo
task_002169,proj_00236,"Score the LSTM forecasting model on the held-out split, then run an error analysis on the failures.",energy_consumption,model_evaluation,modelling,156,high,3,47882,48141,multi_step,task_002168,repo
task_002170,proj_00236,Document known limitations of the current LSTM forecasting model.,energy_consumption,reporting_documentation,reporting,75,low,1,48817,49138,standard,task_002169,repo
task_002171,proj_00236,Restart and verify the building energy dataset pipeline after a maintenance window.,energy_consumption,data_pipeline_maintenance,infrastructure,102,high,3,56536,56766,standard,,repo
task_002172,proj_00236,"First add monitoring for the recurring failure, then refactor the building energy dataset ingestion.",energy_consumption,data_pipeline_maintenance,infrastructure,68,medium,2,60341,60854,multi_step,,repo
task_002173,proj_00237,Merge multiple data extracts into a single customer retention dataset.,customer_churn,data_collection,data_preparation,72,medium,2,43864,44297,standard,,repo
task_002174,proj_00237,Remove duplicate records from the customer retention dataset.,customer_churn,data_cleaning,data_preparation,124,low,1,45280,46441,standard,task_002173,repo
task_002175,proj_00237,"There's something odd in the customer retention dataset, can't put my finger on it.",customer_churn,exploratory_data_analysis,analysis,94,high,3,46425,46590,ambiguous,task_002174,repo
task_002176,proj_00237,"Encode the categorical variables, then test whether they improve customer churn prediction.",customer_churn,feature_engineering,analysis,245,high,3,47377,47696,multi_step,task_002175,repo
task_002177,proj_00237,Set up the training pipeline for the logistic regression model.,customer_churn,model_training,modelling,225,low,1,48359,48956,standard,task_002176,repo
task_002178,proj_00237,Validate the logistic regression model on out-of-time data before deployment.,customer_churn,model_evaluation,modelling,177,medium,2,48437,48859,standard,task_002177,repo
task_002179,proj_00237,They want something on customer churn for tomorrow.,customer_churn,reporting_documentation,reporting,91,medium,2,49852,50299,ambiguous,task_002178,repo
task_002180,proj_00238,Check where the conversion funnel dataset is actually coming from.,ab_testing_analysis,data_collection,data_preparation,128,low,1,54339,55561,ambiguous,,repo
task_002181,proj_00238,Detect and treat outliers in conversion event within the conversion funnel dataset.,ab_testing_analysis,data_cleaning,data_preparation,213,medium,2,54886,55550,standard,task_002180,repo
task_002182,proj_00238,Explore the distribution of conversion event in the conversion funnel dataset.,ab_testing_analysis,exploratory_data_analysis,analysis,157,medium,2,55994,56301,standard,task_002181,repo
task_002183,proj_00238,"Create the lagged variables from conversion event, then aggregate them at project level.",ab_testing_analysis,feature_engineering,analysis,272,high,3,56608,56920,multi_step,task_002182,repo
task_002184,proj_00238,Set up cross-validation and then fit the Bayesian A/B testing model on the prepared conversion funnel dataset.,ab_testing_analysis,model_training,modelling,321,high,3,57367,57830,multi_step,task_002183,repo
task_002185,proj_00238,Compare the Bayesian A/B testing model against a previous version on the conversion funnel dataset.,ab_testing_analysis,model_evaluation,modelling,56,low,1,58259,59092,standard,task_002184,repo
task_002186,proj_00238,Retrain the Bayesian A/B testing model after incorporating the new features.,ab_testing_analysis,model_training,modelling,146,medium,2,59461,60063,standard,task_002185,repo
task_002187,proj_00238,Run an error analysis on the Bayesian A/B testing model predictions for statistical significance.,ab_testing_analysis,model_evaluation,modelling,92,high,3,60171,60346,standard,task_002186,repo
task_002188,proj_00238,Draft release notes describing changes to the Bayesian A/B testing model pipeline.,ab_testing_analysis,reporting_documentation,reporting,114,medium,2,60727,60998,standard,task_002187,repo
task_002189,proj_00238,Resolve a data freshness issue affecting the conversion funnel dataset.,ab_testing_analysis,data_pipeline_maintenance,infrastructure,111,low,1,69367,70322,standard,,repo
task_002190,proj_00238,Fix the failing conversion funnel dataset job without taking the pipeline offline.,ab_testing_analysis,data_pipeline_maintenance,infrastructure,115,medium,2,67831,68198,negation,,repo
task_002191,proj_00238,Refactor the ingestion pipeline for the conversion funnel dataset to reduce runtime.,ab_testing_analysis,data_pipeline_maintenance,infrastructure,91,low,1,71879,72496,standard,,repo
task_002192,proj_00239,Extract records for the purchase history dataset without pulling any personally identifiable fields.,recommendation_system,data_collection,data_preparation,151,medium,2,40533,41148,negation,,repo
task_002193,proj_00239,Standardise column formats across the purchase history dataset.,recommendation_system,data_cleaning,data_preparation,220,high,3,41151,41433,standard,task_002192,repo
task_002194,proj_00239,Examine user embeddings in the purchase history dataset without assuming a normal distribution.,recommendation_system,exploratory_data_analysis,analysis,143,low,1,41466,42315,negation,task_002193,repo
task_002195,proj_00239,Generate embeddings to represent user embeddings for the collaborative filtering model.,recommendation_system,feature_engineering,analysis,209,medium,2,41538,42166,standard,task_002194,repo
task_002196,proj_00239,Debug a training failure encountered while fitting the collaborative filtering model.,recommendation_system,model_training,modelling,246,high,3,41577,41985,standard,task_002195,repo
task_002197,proj_00239,Check whether the collaborative filtering model is actually any good on purchase likelihood.,recommendation_system,model_evaluation,modelling,73,high,3,42423,42565,ambiguous,task_002196,repo
task_002198,proj_00239,Put together whatever we have on the purchase history dataset for the handover.,recommendation_system,reporting_documentation,reporting,110,medium,2,43640,44063,ambiguous,task_002197,repo
task_002199,proj_00239,The purchase history dataset pipeline has been flaky all week.,recommendation_system,data_pipeline_maintenance,infrastructure,76,low,1,45735,46828,ambiguous,,repo
task_002200,proj_00239,Monitor data quality alerts for the purchase history dataset pipeline.,recommendation_system,data_pipeline_maintenance,infrastructure,58,low,1,40660,41380,standard,,repo
task_002201,proj_00239,Reviewing pipeline logs after an unexpected failure.,recommendation_system,data_pipeline_maintenance,infrastructure,50,medium,2,47544,47775,standard,,repo
task_002202,proj_00240,Gather historical records to build the smart meter dataset.,energy_consumption,data_collection,data_preparation,132,medium,2,27305,27725,standard,,repo
task_002203,proj_00240,Remove duplicate records from the smart meter dataset.,energy_consumption,data_cleaning,data_preparation,99,medium,2,28359,28851,standard,task_002202,repo
task_002204,proj_00240,Produce summary statistics and visualisations for the smart meter dataset.,energy_consumption,exploratory_data_analysis,analysis,59,medium,2,29475,29921,standard,task_002203,repo
task_002205,proj_00240,Test whether adding historical load-derived features improves signal for peak load.,energy_consumption,feature_engineering,analysis,125,medium,2,29997,30335,standard,task_002204,repo
task_002206,proj_00240,Fine-tune the LSTM forecasting model on a recent snapshot of the smart meter dataset.,energy_consumption,model_training,modelling,176,high,3,31424,31746,standard,task_002205,repo
task_002207,proj_00240,"Compute precision, recall and F1 for peak load predictions.",energy_consumption,model_evaluation,modelling,98,medium,2,31802,32066,standard,task_002206,repo
task_002208,proj_00240,Establishing a baseline LSTM forecasting model for peak load prediction.,energy_consumption,model_training,modelling,127,medium,2,32206,32484,standard,task_002207,repo
task_002209,proj_00240,Investigate a drop in LSTM forecasting model recall after the last smart meter dataset update.,energy_consumption,model_evaluation,modelling,92,medium,2,32646,33155,standard,task_002208,repo
task_002210,proj_00240,They want something on peak load for tomorrow.,energy_consumption,reporting_documentation,reporting,55,medium,2,33638,33839,ambiguous,task_002209,repo
task_002211,proj_00240,Add monitoring for a recurring failure in the smart meter dataset pipeline.,energy_consumption,data_pipeline_maintenance,infrastructure,76,low,1,28939,29425,standard,,repo
task_002212,proj_00240,Add monitoring for a recurring failure in the smart meter dataset pipeline.,energy_consumption,data_pipeline_maintenance,infrastructure,27,medium,2,42144,42401,standard,,repo
task_002213,proj_00241,We're short on records for the hospital admissions dataset — sort it out.,healthcare_readmission,data_collection,data_preparation,30,low,1,26753,27856,ambiguous,,repo
task_002214,proj_00241,Reconcile mismatched identifiers between two versions of the hospital admissions dataset.,healthcare_readmission,data_cleaning,data_preparation,156,medium,2,27999,28443,standard,task_002213,repo
task_002215,proj_00241,Not sure what's driving patient risk score — dig into it.,healthcare_readmission,exploratory_data_analysis,analysis,176,low,1,29052,30081,ambiguous,task_002214,repo
task_002216,proj_00241,Test whether adding comorbidity count-derived features improves signal for patient risk score.,healthcare_readmission,feature_engineering,analysis,147,low,1,29608,31144,standard,task_002215,repo
task_002217,proj_00241,Retrain the survival analysis model on the hospital admissions dataset without changing the current hyperparameters.,healthcare_readmission,model_training,modelling,285,low,1,30653,31551,negation,task_002216,repo
task_002218,proj_00241,Evaluate the survival analysis model on a held-out split of the hospital admissions dataset.,healthcare_readmission,model_evaluation,modelling,111,high,3,31666,31937,standard,task_002217,repo
task_002219,proj_00241,Give the survival analysis model another run with the latest hospital admissions dataset.,healthcare_readmission,model_training,modelling,143,low,1,32644,33911,ambiguous,task_002218,repo
task_002220,proj_00241,Assess the survival analysis model on patient risk score without relying on accuracy as the headline metric.,healthcare_readmission,model_evaluation,modelling,54,high,3,34037,34234,negation,task_002219,repo
task_002221,proj_00241,Training a survival analysis model from scratch on the updated hospital admissions dataset.,healthcare_readmission,model_training,modelling,159,high,3,34753,35001,standard,task_002220,repo
task_002222,proj_00241,Assess the survival analysis model on patient risk score without relying on accuracy as the headline metric.,healthcare_readmission,model_evaluation,modelling,158,medium,2,35204,35753,negation,task_002221,repo
task_002223,proj_00241,Draft release notes describing changes to the survival analysis model pipeline.,healthcare_readmission,reporting_documentation,reporting,106,high,3,36185,36374,standard,task_002222,repo
task_002224,proj_00241,Restart and verify the hospital admissions dataset pipeline after a maintenance window.,healthcare_readmission,data_pipeline_maintenance,infrastructure,39,high,3,36141,36253,standard,,repo
task_002225,proj_00242,Merge multiple data extracts into a single network traffic dataset.,network_intrusion_detection,data_collection,data_preparation,97,low,1,55211,56169,standard,,repo
task_002226,proj_00242,Standardise column formats across the network traffic dataset.,network_intrusion_detection,data_cleaning,data_preparation,108,medium,2,55985,56394,standard,task_002225,repo
task_002227,proj_00242,Segment the network traffic dataset first and afterwards compare connection duration across the segments.,network_intrusion_detection,exploratory_data_analysis,analysis,123,medium,2,56645,57089,multi_step,task_002226,repo
task_002228,proj_00242,Engineer new features from connection duration to improve anomaly score prediction.,network_intrusion_detection,feature_engineering,analysis,255,high,3,57514,57813,standard,task_002227,repo
task_002229,proj_00242,Get a first anomaly score baseline without tuning the gradient boosting model at all.,network_intrusion_detection,model_training,modelling,131,high,3,58366,58597,negation,task_002228,repo
task_002230,proj_00242,Validate the gradient boosting model on out-of-time data before deployment.,network_intrusion_detection,model_evaluation,modelling,83,high,3,58420,58598,standard,task_002229,repo
task_002231,proj_00242,"Draft the anomaly score findings first, then turn them into slides for stakeholders.",network_intrusion_detection,reporting_documentation,reporting,36,low,1,59038,60097,multi_step,task_002230,repo
task_002232,proj_00242,Add monitoring for a recurring failure in the network traffic dataset pipeline.,network_intrusion_detection,data_pipeline_maintenance,infrastructure,117,low,1,72931,74318,standard,,repo
task_002233,proj_00242,Refactor the ingestion pipeline for the network traffic dataset to reduce runtime.,network_intrusion_detection,data_pipeline_maintenance,infrastructure,28,low,1,69066,69662,standard,,repo
task_002234,proj_00243,Check where the demand forecasting dataset is actually coming from.,sales_forecasting,data_collection,data_preparation,93,low,1,52549,54082,ambiguous,,repo
task_002235,proj_00243,Handle missing observations in the demand forecasting dataset to prepare it for product demand modelling.,sales_forecasting,data_cleaning,data_preparation,55,low,1,53332,54328,standard,task_002234,repo
task_002236,proj_00243,Summarise the demand forecasting dataset without producing any new visualisations.,sales_forecasting,exploratory_data_analysis,analysis,157,high,3,53912,54127,negation,task_002235,repo
task_002237,proj_00243,Reduce dimensionality of the demand forecasting dataset using feature selection.,sales_forecasting,feature_engineering,analysis,285,medium,2,54893,55464,standard,task_002236,repo
task_002238,proj_00243,Run cross-validation while training the temporal fusion transformer on the demand forecasting dataset.,sales_forecasting,model_training,modelling,137,medium,2,55755,56305,standard,task_002237,repo
task_002239,proj_00243,Assessing whether the temporal fusion transformer meets the required performance threshold.,sales_forecasting,model_evaluation,modelling,142,medium,2,56179,56734,standard,task_002238,repo
task_002240,proj_00243,Finalise documentation before closing out the product demand project.,sales_forecasting,reporting_documentation,reporting,172,medium,2,57313,57754,standard,task_002239,repo
task_002241,proj_00244,Gather the missing records for the user interaction dataset without hitting production directly.,recommendation_system,data_collection,data_preparation,149,low,1,28547,29677,negation,,repo
task_002242,proj_00244,Impute missing values for session length using an appropriate strategy.,recommendation_system,data_cleaning,data_preparation,203,high,3,29244,29543,standard,task_002241,repo
task_002243,proj_00244,Explore the distribution of session length in the user interaction dataset.,recommendation_system,exploratory_data_analysis,analysis,80,low,1,29781,30942,standard,task_002242,repo
task_002244,proj_00244,"Create the lagged variables from session length, then aggregate them at project level.",recommendation_system,feature_engineering,analysis,266,medium,2,30671,31081,multi_step,task_002243,repo
task_002245,proj_00244,Fit the two-tower neural network on the prepared user interaction dataset.,recommendation_system,model_training,modelling,322,medium,2,31768,32499,standard,task_002244,repo
task_002246,proj_00244,"Compute precision, recall and F1 for item relevance predictions.",recommendation_system,model_evaluation,modelling,159,high,3,32678,32950,standard,task_002245,repo
task_002247,proj_00244,Nobody knows how the two-tower neural network works — fix that.,recommendation_system,reporting_documentation,reporting,102,medium,2,33796,34342,ambiguous,task_002246,repo
task_002248,proj_00245,We're short on records for the internal reports dataset — sort it out.,text_summarisation,data_collection,data_preparation,78,medium,2,12688,13236,ambiguous,,repo
task_002249,proj_00245,Reconcile mismatched identifiers between two versions of the internal reports dataset.,text_summarisation,data_cleaning,data_preparation,149,medium,2,13585,13931,standard,task_002248,repo
task_002250,proj_00245,Assess class imbalance in document category without resampling the internal reports dataset at this stage.,text_summarisation,exploratory_data_analysis,analysis,63,low,1,14932,16413,negation,task_002249,repo
task_002251,proj_00245,See if we can squeeze more out of document length for document category.,text_summarisation,feature_engineering,analysis,195,medium,2,15642,16178,ambiguous,task_002250,repo
task_002252,proj_00245,Set up cross-validation and then fit the fine-tuned summarisation model on the prepared internal reports dataset.,text_summarisation,model_training,modelling,354,medium,2,15700,16493,multi_step,task_002251,repo
task_002253,proj_00245,Evaluate the fine-tuned summarisation model on a held-out split of the internal reports dataset.,text_summarisation,model_evaluation,modelling,32,medium,2,16513,16883,standard,task_002252,repo
task_002254,proj_00245,Finalise documentation before closing out the document category project.,text_summarisation,reporting_documentation,reporting,87,medium,2,16836,17210,standard,task_002253,repo
task_002255,proj_00245,Resolve the freshness issue in the internal reports dataset without changing the ingestion schedule.,text_summarisation,data_pipeline_maintenance,infrastructure,106,high,3,18062,18237,negation,,repo
task_002256,proj_00245,Reviewing pipeline logs after an unexpected failure.,text_summarisation,data_pipeline_maintenance,infrastructure,41,medium,2,17686,17898,standard,,repo
task_002257,proj_00245,Fix a broken scheduled job feeding the internal reports dataset.,text_summarisation,data_pipeline_maintenance,infrastructure,114,low,1,12357,13424,standard,,repo
task_002258,proj_00246,"First query the production database, then consolidate the extracts into the credit card transactions dataset.",fraud_detection,data_collection,data_preparation,36,low,1,30996,32172,multi_step,,repo
task_002259,proj_00246,Deduplicate the credit card transactions dataset and then standardise the merchant category column formats.,fraud_detection,data_cleaning,data_preparation,36,medium,2,31263,31525,multi_step,task_002258,repo
task_002260,proj_00246,Fit the isolation forest model on the prepared credit card transactions dataset.,fraud_detection,model_training,modelling,288,medium,2,32057,32566,standard,task_002259,repo
task_002261,proj_00246,"Score the isolation forest model on the held-out split, then run an error analysis on the failures.",fraud_detection,model_evaluation,modelling,61,low,1,32493,33152,multi_step,task_002260,repo
task_002262,proj_00246,Put together whatever we have on the credit card transactions dataset for the handover.,fraud_detection,reporting_documentation,reporting,61,low,1,33545,34275,ambiguous,task_002261,repo
task_002263,proj_00247,"The borrower repayment dataset doesn't go back far enough, see what you can do.",credit_scoring,data_collection,data_preparation,58,high,3,63186,63278,ambiguous,,repo
task_002264,proj_00247,Deduplicate the borrower repayment dataset and then standardise the repayment history column formats.,credit_scoring,data_cleaning,data_preparation,235,medium,2,63215,63621,multi_step,task_002263,repo
task_002265,proj_00247,Summarise the borrower repayment dataset without producing any new visualisations.,credit_scoring,exploratory_data_analysis,analysis,124,high,3,63956,64221,negation,task_002264,repo
task_002266,proj_00247,Retrain the XGBoost model on the borrower repayment dataset without changing the current hyperparameters.,credit_scoring,model_training,modelling,177,high,3,65306,65534,negation,task_002265,repo
task_002267,proj_00247,"Score the XGBoost model on the held-out split, then run an error analysis on the failures.",credit_scoring,model_evaluation,modelling,150,low,1,66653,67605,multi_step,task_002266,repo
task_002268,proj_00247,Fit the XGBoost model on the borrower repayment dataset without using the repayment history column.,credit_scoring,model_training,modelling,83,low,1,67993,68825,negation,task_002267,repo
task_002269,proj_00247,Evaluate the XGBoost model on a held-out split of the borrower repayment dataset.,credit_scoring,model_evaluation,modelling,62,medium,2,68371,68624,standard,task_002268,repo
task_002270,proj_00247,Give the XGBoost model another run with the latest borrower repayment dataset.,credit_scoring,model_training,modelling,79,low,1,69809,70557,ambiguous,task_002269,repo
task_002271,proj_00247,Assess the XGBoost model on repayment probability without relying on accuracy as the headline metric.,credit_scoring,model_evaluation,modelling,125,high,3,71177,71372,negation,task_002270,repo
task_002272,proj_00247,Document known limitations of the current XGBoost model.,credit_scoring,reporting_documentation,reporting,74,high,3,72050,72192,standard,task_002271,repo
task_002273,proj_00247,Patch a schema change that broke the borrower repayment dataset pipeline.,credit_scoring,data_pipeline_maintenance,infrastructure,115,low,1,74611,75984,standard,,repo
task_002274,proj_00248,Check where the customer feedback dataset is actually coming from.,sentiment_analysis,data_collection,data_preparation,38,medium,2,43534,43765,ambiguous,,repo
task_002275,proj_00248,Handle missing observations in the customer feedback dataset to prepare it for customer satisfaction modelling.,sentiment_analysis,data_cleaning,data_preparation,168,medium,2,44383,44977,standard,task_002274,repo
task_002276,proj_00248,Run a first exploratory pass over the customer feedback dataset to understand its structure.,sentiment_analysis,exploratory_data_analysis,analysis,85,low,1,45473,46512,standard,task_002275,repo
task_002277,proj_00248,Normalise and scale star rating ahead of model training.,sentiment_analysis,feature_engineering,analysis,167,high,3,45944,46169,standard,task_002276,repo
task_002278,proj_00248,"The naive Bayes classifier isn't picking anything up, have a go at it.",sentiment_analysis,model_training,modelling,272,high,3,46933,47372,ambiguous,task_002277,repo
task_002279,proj_00248,Run an error analysis on the naive Bayes classifier predictions for customer satisfaction.,sentiment_analysis,model_evaluation,modelling,30,medium,2,47849,48239,standard,task_002278,repo
task_002280,proj_00248,Run cross-validation while training the naive Bayes classifier on the customer feedback dataset.,sentiment_analysis,model_training,modelling,225,high,3,48390,48738,standard,task_002279,repo
task_002281,proj_00248,Compare the naive Bayes classifier against a previous version on the customer feedback dataset.,sentiment_analysis,model_evaluation,modelling,152,medium,2,49661,50225,standard,task_002280,repo
task_002282,proj_00248,Summarise key findings from the customer satisfaction analysis for the team.,sentiment_analysis,reporting_documentation,reporting,86,medium,2,50077,50356,standard,task_002281,repo
task_002283,proj_00248,Patch a schema change that broke the customer feedback dataset pipeline.,sentiment_analysis,data_pipeline_maintenance,infrastructure,106,medium,2,46154,46694,standard,,repo
task_002284,proj_00249,"The transaction dataset doesn't go back far enough, see what you can do.",fraud_detection,data_collection,data_preparation,162,medium,2,61957,62375,ambiguous,,repo
task_002285,proj_00249,Treat the outliers in merchant category without imputing any values.,fraud_detection,data_cleaning,data_preparation,138,medium,2,62241,62573,negation,task_002284,repo
task_002286,proj_00249,Analyse correlations between merchant category and fraudulent transactions in the transaction dataset.,fraud_detection,exploratory_data_analysis,analysis,236,high,3,63442,63806,standard,task_002285,repo
task_002287,proj_00249,Encode categorical variables in the transaction dataset for the gradient boosting model.,fraud_detection,feature_engineering,analysis,263,low,1,64751,65627,standard,task_002286,repo
task_002288,proj_00249,Run cross-validation while training the gradient boosting model on the transaction dataset.,fraud_detection,model_training,modelling,77,high,3,64795,64962,standard,task_002287,repo
task_002289,proj_00249,"Score the gradient boosting model on the held-out split, then run an error analysis on the failures.",fraud_detection,model_evaluation,modelling,112,low,1,65141,66477,multi_step,task_002288,repo
task_002290,proj_00249,"Draft the fraudulent transactions findings first, then turn them into slides for stakeholders.",fraud_detection,reporting_documentation,reporting,78,medium,2,66146,66639,multi_step,task_002289,repo
task_002291,proj_00249,Add monitoring for a recurring failure in the transaction dataset pipeline.,fraud_detection,data_pipeline_maintenance,infrastructure,73,medium,2,75388,75860,standard,,repo
task_002292,proj_00249,Patch a schema change that broke the transaction dataset pipeline.,fraud_detection,data_pipeline_maintenance,infrastructure,110,low,1,74987,76390,standard,,repo
task_002293,proj_00249,Fix the failing transaction dataset job without taking the pipeline offline.,fraud_detection,data_pipeline_maintenance,infrastructure,38,low,1,71628,72904,negation,,repo
task_002294,proj_00250,Pull the latest records and afterwards check the conversion funnel dataset covers the full time range.,ab_testing_analysis,data_collection,data_preparation,36,high,3,9035,9133,multi_step,,repo
task_002295,proj_00250,Filter out invalid or corrupted rows from the conversion funnel dataset.,ab_testing_analysis,data_cleaning,data_preparation,147,high,3,9243,9450,standard,task_002294,repo
task_002296,proj_00250,Examine exposure group in the conversion funnel dataset without assuming a normal distribution.,ab_testing_analysis,exploratory_data_analysis,analysis,77,high,3,10385,10570,negation,task_002295,repo
task_002297,proj_00250,"First scale exposure group, then check whether the difference-in-differences model still needs the interaction terms.",ab_testing_analysis,feature_engineering,analysis,201,high,3,11326,11578,multi_step,task_002296,repo
task_002298,proj_00250,Training a difference-in-differences model from scratch on the updated conversion funnel dataset.,ab_testing_analysis,model_training,modelling,263,high,3,12374,12797,standard,task_002297,repo
task_002299,proj_00250,Run an error analysis on the difference-in-differences model predictions for statistical significance.,ab_testing_analysis,model_evaluation,modelling,86,high,3,12788,12954,standard,task_002298,repo
task_002300,proj_00250,Put together whatever we have on the conversion funnel dataset for the handover.,ab_testing_analysis,reporting_documentation,reporting,68,medium,2,13527,13986,ambiguous,task_002299,repo
task_002301,proj_00251,Scrape supplementary records to enrich the conversion funnel dataset.,ab_testing_analysis,data_collection,data_preparation,87,medium,2,14533,14817,standard,,repo
task_002302,proj_00251,"First fix the encoding issues in the conversion funnel dataset, then reconcile the mismatched identifiers.",ab_testing_analysis,data_cleaning,data_preparation,81,low,1,15655,16796,multi_step,task_002301,repo
task_002303,proj_00251,"Profile the conversion funnel dataset first, then investigate how conversion event relates to statistical significance.",ab_testing_analysis,exploratory_data_analysis,analysis,178,high,3,16277,16606,multi_step,task_002302,repo
task_002304,proj_00251,Reduce the dimensionality of the conversion funnel dataset without discarding conversion event.,ab_testing_analysis,feature_engineering,analysis,94,medium,2,17250,17617,negation,task_002303,repo
task_002305,proj_00251,Establishing a baseline difference-in-differences model for statistical significance prediction.,ab_testing_analysis,model_training,modelling,188,high,3,17265,17562,standard,task_002304,repo
task_002306,proj_00251,Assessing whether the difference-in-differences model meets the required performance threshold.,ab_testing_analysis,model_evaluation,modelling,45,high,3,17707,17817,standard,task_002305,repo
task_002307,proj_00251,Give the difference-in-differences model another run with the latest conversion funnel dataset.,ab_testing_analysis,model_training,modelling,142,high,3,18016,18250,ambiguous,task_002306,repo
task_002308,proj_00251,Check the difference-in-differences model for fairness across segments of the conversion funnel dataset.,ab_testing_analysis,model_evaluation,modelling,137,medium,2,18832,19188,standard,task_002307,repo
task_002309,proj_00251,"Draft the statistical significance findings first, then turn them into slides for stakeholders.",ab_testing_analysis,reporting_documentation,reporting,48,low,1,19356,20209,multi_step,task_002308,repo
task_002310,proj_00251,Patch a schema change that broke the conversion funnel dataset pipeline.,ab_testing_analysis,data_pipeline_maintenance,infrastructure,107,high,3,26279,26454,standard,,repo
task_002311,proj_00252,Check where the customer feedback dataset is actually coming from.,sentiment_analysis,data_collection,data_preparation,89,medium,2,68938,69299,ambiguous,,repo
task_002312,proj_00252,"The customer feedback dataset looks messy again, deal with it.",sentiment_analysis,data_cleaning,data_preparation,69,low,1,69208,70216,ambiguous,task_002311,repo
task_002313,proj_00252,Analyse correlations between star rating and review sentiment in the customer feedback dataset.,sentiment_analysis,exploratory_data_analysis,analysis,142,high,3,69780,70017,standard,task_002312,repo
task_002314,proj_00252,"The naive Bayes classifier isn't picking anything up, have a go at it.",sentiment_analysis,model_training,modelling,278,medium,2,70026,70778,ambiguous,task_002313,repo
task_002315,proj_00252,Assess the naive Bayes classifier on review sentiment without relying on accuracy as the headline metric.,sentiment_analysis,model_evaluation,modelling,87,medium,2,71038,71290,negation,task_002314,repo
task_002316,proj_00252,Get a first review sentiment baseline without tuning the naive Bayes classifier at all.,sentiment_analysis,model_training,modelling,183,high,3,72288,72627,negation,task_002315,repo
task_002317,proj_00252,"Evaluate the naive Bayes classifier on the customer feedback dataset, then check fairness across the main segments.",sentiment_analysis,model_evaluation,modelling,44,high,3,73188,73333,multi_step,task_002316,repo
task_002318,proj_00252,Debug a training failure encountered while fitting the naive Bayes classifier.,sentiment_analysis,model_training,modelling,320,medium,2,73767,74548,standard,task_002317,repo
task_002319,proj_00252,Compare the naive Bayes classifier against the previous version without retraining either of them.,sentiment_analysis,model_evaluation,modelling,51,low,1,74296,75581,negation,task_002318,repo
task_002320,proj_00252,Nobody knows how the naive Bayes classifier works — fix that.,sentiment_analysis,reporting_documentation,reporting,86,medium,2,74808,75354,ambiguous,task_002319,repo
task_002321,proj_00252,"The customer feedback dataset numbers look stale, find out why.",sentiment_analysis,data_pipeline_maintenance,infrastructure,86,medium,2,72119,72614,ambiguous,,repo
task_002322,proj_00252,The customer feedback dataset pipeline has been flaky all week.,sentiment_analysis,data_pipeline_maintenance,infrastructure,100,medium,2,81027,81555,ambiguous,,repo
task_002323,proj_00253,"First query the production database, then consolidate the extracts into the payments dataset.",fraud_detection,data_collection,data_preparation,142,medium,2,51704,52259,multi_step,,repo
task_002324,proj_00253,Handle missing observations in the payments dataset to prepare it for fraud risk modelling.,fraud_detection,data_cleaning,data_preparation,132,high,3,52789,53061,standard,task_002323,repo
task_002325,proj_00253,Engineer new features from transaction amount to improve fraud risk prediction.,fraud_detection,feature_engineering,analysis,115,medium,2,54174,54421,standard,task_002324,repo
task_002326,proj_00253,Fit the isolation forest model on the payments dataset without using the transaction amount column.,fraud_detection,model_training,modelling,110,medium,2,55480,55921,negation,task_002325,repo
task_002327,proj_00253,"First reproduce the reported isolation forest model metrics, then investigate the drop in recall.",fraud_detection,model_evaluation,modelling,94,medium,2,55553,56116,multi_step,task_002326,repo
task_002328,proj_00253,Get a first fraud risk baseline without tuning the isolation forest model at all.,fraud_detection,model_training,modelling,187,medium,2,56272,56603,negation,task_002327,repo
task_002329,proj_00253,"First reproduce the reported isolation forest model metrics, then investigate the drop in recall.",fraud_detection,model_evaluation,modelling,97,high,3,56951,57119,multi_step,task_002328,repo
task_002330,proj_00253,Fit the isolation forest model on the payments dataset without using the transaction amount column.,fraud_detection,model_training,modelling,265,high,3,57394,57733,negation,task_002329,repo
task_002331,proj_00253,Assessing whether the isolation forest model meets the required performance threshold.,fraud_detection,model_evaluation,modelling,115,medium,2,58432,58942,standard,task_002330,repo
task_002332,proj_00253,Write up the fraud risk results without waiting for the final isolation forest model run.,fraud_detection,reporting_documentation,reporting,108,low,1,58913,59446,negation,task_002331,repo
task_002333,proj_00253,"The payments dataset numbers look stale, find out why.",fraud_detection,data_pipeline_maintenance,infrastructure,96,low,1,61861,62980,ambiguous,,repo
task_002334,proj_00253,Refactor the ingestion pipeline for the payments dataset to reduce runtime.,fraud_detection,data_pipeline_maintenance,infrastructure,105,medium,2,58232,58629,standard,,repo
task_002335,proj_00253,Resolve the freshness issue in the payments dataset without changing the ingestion schedule.,fraud_detection,data_pipeline_maintenance,infrastructure,111,low,1,65952,66648,negation,,repo
task_002336,proj_00254,Scrape supplementary records to enrich the historical sales dataset.,sales_forecasting,data_collection,data_preparation,131,medium,2,74506,74795,standard,,repo
task_002337,proj_00254,Remove duplicate records from the historical sales dataset.,sales_forecasting,data_cleaning,data_preparation,53,medium,2,74927,75439,standard,task_002336,repo
task_002338,proj_00254,Summarising key findings from the exploratory analysis of the historical sales dataset.,sales_forecasting,exploratory_data_analysis,analysis,82,medium,2,75770,76244,standard,task_002337,repo
task_002339,proj_00254,"Create the lagged variables from store location, then aggregate them at project level.",sales_forecasting,feature_engineering,analysis,94,high,3,76509,76659,multi_step,task_002338,repo
task_002340,proj_00254,Establishing a baseline gradient boosting regressor for weekly sales volume prediction.,sales_forecasting,model_training,modelling,225,high,3,77125,77493,standard,task_002339,repo
task_002341,proj_00254,Investigate a drop in gradient boosting regressor recall after the last historical sales dataset update.,sales_forecasting,model_evaluation,modelling,170,low,1,77223,78193,standard,task_002340,repo
task_002342,proj_00254,Nobody knows how the gradient boosting regressor works — fix that.,sales_forecasting,reporting_documentation,reporting,87,medium,2,77291,77610,ambiguous,task_002341,repo
task_002343,proj_00254,The historical sales dataset ingestion job fell over again last night.,sales_forecasting,data_pipeline_maintenance,infrastructure,97,high,3,80789,80953,ambiguous,,repo
task_002344,proj_00255,Pull the latest records and afterwards check the subscription churn dataset covers the full time range.,customer_churn,data_collection,data_preparation,77,medium,2,74868,75362,multi_step,,repo
task_002345,proj_00255,Deduplicate the subscription churn dataset and then standardise the usage frequency column formats.,customer_churn,data_cleaning,data_preparation,221,low,1,75701,76907,multi_step,task_002344,repo
task_002346,proj_00255,"Compute summary statistics for the subscription churn dataset, then visualise how customer churn moves over time.",customer_churn,exploratory_data_analysis,analysis,139,low,1,76255,77114,multi_step,task_002345,repo
task_002347,proj_00255,"Encode the categorical variables, then test whether they improve customer churn prediction.",customer_churn,feature_engineering,analysis,79,high,3,76925,77068,multi_step,task_002346,repo
task_002348,proj_00255,Fine-tune the logistic regression model on a recent snapshot of the subscription churn dataset.,customer_churn,model_training,modelling,335,medium,2,77598,78102,standard,task_002347,repo
task_002349,proj_00255,Check whether the logistic regression model is actually any good on customer churn.,customer_churn,model_evaluation,modelling,167,medium,2,78652,79248,ambiguous,task_002348,repo
task_002350,proj_00255,"Draft the customer churn findings first, then turn them into slides for stakeholders.",customer_churn,reporting_documentation,reporting,171,medium,2,79133,79538,multi_step,task_002349,repo
task_002351,proj_00255,Fix a broken scheduled job feeding the subscription churn dataset.,customer_churn,data_pipeline_maintenance,infrastructure,73,medium,2,83278,83725,standard,,repo
task_002352,proj_00255,"First add monitoring for the recurring failure, then refactor the subscription churn dataset ingestion.",customer_churn,data_pipeline_maintenance,infrastructure,23,high,3,93827,93923,multi_step,,repo
task_002353,proj_00255,The subscription churn dataset ingestion job fell over again last night.,customer_churn,data_pipeline_maintenance,infrastructure,86,medium,2,75184,75567,ambiguous,,repo
task_002354,proj_00256,Check where the borrower repayment dataset is actually coming from.,credit_scoring,data_collection,data_preparation,140,medium,2,4853,5181,ambiguous,,repo
task_002355,proj_00256,Impute missing values for repayment history using an appropriate strategy.,credit_scoring,data_cleaning,data_preparation,199,medium,2,5679,6273,standard,task_002354,repo
task_002356,proj_00256,Improve signal for loan default risk without adding features derived from repayment history.,credit_scoring,feature_engineering,analysis,144,low,1,7075,8499,negation,task_002355,repo
task_002357,proj_00256,Run cross-validation while training the logistic regression model on the borrower repayment dataset.,credit_scoring,model_training,modelling,336,high,3,7923,8439,standard,task_002356,repo
task_002358,proj_00256,Evaluate the logistic regression model on a held-out split of the borrower repayment dataset.,credit_scoring,model_evaluation,modelling,43,high,3,8582,8746,standard,task_002357,repo
task_002359,proj_00256,Draft release notes describing changes to the logistic regression model pipeline.,credit_scoring,reporting_documentation,reporting,48,medium,2,9800,10239,standard,task_002358,repo
task_002360,proj_00256,Add monitoring for a recurring failure in the borrower repayment dataset pipeline.,credit_scoring,data_pipeline_maintenance,infrastructure,46,high,3,8896,9017,standard,,repo
task_002361,proj_00256,Investigate a failed run in the borrower repayment dataset ingestion pipeline.,credit_scoring,data_pipeline_maintenance,infrastructure,98,high,3,9552,9710,standard,,repo
task_002362,proj_00256,Monitor data quality alerts for the borrower repayment dataset pipeline.,credit_scoring,data_pipeline_maintenance,infrastructure,27,high,3,14486,14689,standard,,repo
task_002363,proj_00257,Scrape supplementary records to enrich the support tickets dataset.,text_summarisation,data_collection,data_preparation,140,medium,2,41531,42046,standard,,repo
task_002364,proj_00257,Fixing encoding issues in the support tickets dataset before further processing.,text_summarisation,data_cleaning,data_preparation,96,medium,2,41731,42063,standard,task_002363,repo
task_002365,proj_00257,Produce summary statistics and visualisations for the support tickets dataset.,text_summarisation,exploratory_data_analysis,analysis,131,medium,2,42465,42764,standard,task_002364,repo
task_002366,proj_00257,Debug a training failure encountered while fitting the extractive summarisation pipeline.,text_summarisation,model_training,modelling,70,high,3,43552,43667,standard,task_002365,repo
task_002367,proj_00257,"Compute precision, recall and F1 for key topic extraction predictions.",text_summarisation,model_evaluation,modelling,125,low,1,44707,45075,standard,task_002366,repo
task_002368,proj_00257,Train a extractive summarisation pipeline to predict key topic extraction using the support tickets dataset.,text_summarisation,model_training,modelling,62,medium,2,45805,46143,standard,task_002367,repo
task_002369,proj_00257,Compare the extractive summarisation pipeline against the previous version without retraining either of them.,text_summarisation,model_evaluation,modelling,47,high,3,45876,46001,negation,task_002368,repo
task_002370,proj_00257,Nobody knows how the extractive summarisation pipeline works — fix that.,text_summarisation,reporting_documentation,reporting,76,medium,2,47194,47566,ambiguous,task_002369,repo
task_002371,proj_00258,Retrieving additional records is required to complete the firewall logs dataset.,network_intrusion_detection,data_collection,data_preparation,143,low,1,24318,24780,standard,,repo
task_002372,proj_00258,Detect and treat outliers in protocol type within the firewall logs dataset.,network_intrusion_detection,data_cleaning,data_preparation,236,high,3,25433,25773,standard,task_002371,repo
task_002373,proj_00258,Summarise the firewall logs dataset without producing any new visualisations.,network_intrusion_detection,exploratory_data_analysis,analysis,219,low,1,25668,27188,negation,task_002372,repo
task_002374,proj_00258,Deriving interaction terms between protocol type and other variables.,network_intrusion_detection,feature_engineering,analysis,187,low,1,26025,26769,standard,task_002373,repo
task_002375,proj_00258,Fit the gradient boosting model on the firewall logs dataset without using the protocol type column.,network_intrusion_detection,model_training,modelling,292,high,3,27295,27757,negation,task_002374,repo
task_002376,proj_00258,"First reproduce the reported gradient boosting model metrics, then investigate the drop in recall.",network_intrusion_detection,model_evaluation,modelling,59,high,3,28106,28211,multi_step,task_002375,repo
task_002377,proj_00258,Prepare a one-page summary of gradient boosting model results for management.,network_intrusion_detection,reporting_documentation,reporting,123,low,1,28813,30181,standard,task_002376,repo
task_002378,proj_00258,Fix a broken scheduled job feeding the firewall logs dataset.,network_intrusion_detection,data_pipeline_maintenance,infrastructure,60,low,1,36511,37794,standard,,repo
task_002379,proj_00259,"The conversion funnel dataset doesn't go back far enough, see what you can do.",ab_testing_analysis,data_collection,data_preparation,130,medium,2,70287,70866,ambiguous,,repo
task_002380,proj_00259,Resolve inconsistent entries in the conversion funnel dataset without dropping any rows.,ab_testing_analysis,data_cleaning,data_preparation,112,low,1,70713,71470,negation,task_002379,repo
task_002381,proj_00259,"Compute summary statistics for the conversion funnel dataset, then visualise how experiment outcome moves over time.",ab_testing_analysis,exploratory_data_analysis,analysis,148,medium,2,71327,71637,multi_step,task_002380,repo
task_002382,proj_00259,Train a difference-in-differences model to predict experiment outcome using the conversion funnel dataset.,ab_testing_analysis,model_training,modelling,311,low,1,72346,74046,standard,task_002381,repo
task_002383,proj_00259,"Score the difference-in-differences model on the held-out split, then run an error analysis on the failures.",ab_testing_analysis,model_evaluation,modelling,108,medium,2,73352,73727,multi_step,task_002382,repo
task_002384,proj_00259,Prepare slides presenting the difference-in-differences model performance to stakeholders.,ab_testing_analysis,reporting_documentation,reporting,165,medium,2,74767,75148,standard,task_002383,repo
task_002385,proj_00260,"Request access to the new source, then pull an initial extract into the catalogue image dataset.",image_classification,data_collection,data_preparation,78,low,1,6822,8241,multi_step,,repo
task_002386,proj_00260,"First fix the encoding issues in the catalogue image dataset, then reconcile the mismatched identifiers.",image_classification,data_cleaning,data_preparation,219,medium,2,6944,7374,multi_step,task_002385,repo
task_002387,proj_00260,Summarise the catalogue image dataset without producing any new visualisations.,image_classification,exploratory_data_analysis,analysis,219,medium,2,8000,8448,negation,task_002386,repo
task_002388,proj_00260,See if we can squeeze more out of image resolution for image quality label.,image_classification,feature_engineering,analysis,107,high,3,8217,8435,ambiguous,task_002387,repo
task_002389,proj_00260,Set up the training pipeline for the vision transformer model.,image_classification,model_training,modelling,313,medium,2,8381,9141,standard,task_002388,repo
task_002390,proj_00260,Evaluate the vision transformer model on a held-out split of the catalogue image dataset.,image_classification,model_evaluation,modelling,41,high,3,9651,9774,standard,task_002389,repo
task_002391,proj_00260,Draft release notes describing changes to the vision transformer model pipeline.,image_classification,reporting_documentation,reporting,104,low,1,11077,11913,standard,task_002390,repo
task_002392,proj_00260,"Check the pipeline logs, then patch the schema change that broke the catalogue image dataset ingestion.",image_classification,data_pipeline_maintenance,infrastructure,120,low,1,11988,13171,multi_step,,repo
task_002393,proj_00260,Reviewing pipeline logs after an unexpected failure.,image_classification,data_pipeline_maintenance,infrastructure,33,medium,2,7653,8124,standard,,repo
task_002394,proj_00261,Collect raw data for the building energy dataset from the source system.,energy_consumption,data_collection,data_preparation,136,medium,2,36585,37034,standard,,repo
task_002395,proj_00261,Impute missing values for time of day using an appropriate strategy.,energy_consumption,data_cleaning,data_preparation,239,medium,2,37169,37657,standard,task_002394,repo
task_002396,proj_00261,Engineer new features from time of day to improve peak load prediction.,energy_consumption,feature_engineering,analysis,220,medium,2,38413,38774,standard,task_002395,repo
task_002397,proj_00261,"The prophet model isn't picking anything up, have a go at it.",energy_consumption,model_training,modelling,125,high,3,39853,40065,ambiguous,task_002396,repo
task_002398,proj_00261,Compare the prophet model against a previous version on the building energy dataset.,energy_consumption,model_evaluation,modelling,59,low,1,40012,41311,standard,task_002397,repo
task_002399,proj_00261,Document known limitations of the current prophet model.,energy_consumption,reporting_documentation,reporting,167,low,1,40163,41095,standard,task_002398,repo
task_002400,proj_00261,Restore the building energy dataset pipeline without triggering a full historical backfill.,energy_consumption,data_pipeline_maintenance,infrastructure,51,high,3,45064,45211,negation,,repo
task_002401,proj_00261,Patch a schema change that broke the building energy dataset pipeline.,energy_consumption,data_pipeline_maintenance,infrastructure,65,high,3,39287,39433,standard,,repo
task_002402,proj_00261,"The building energy dataset numbers look stale, find out why.",energy_consumption,data_pipeline_maintenance,infrastructure,40,low,1,38566,38919,ambiguous,,repo
task_002403,proj_00262,"First query the production database, then consolidate the extracts into the credit bureau dataset.",credit_scoring,data_collection,data_preparation,142,medium,2,32593,33081,multi_step,,repo
task_002404,proj_00262,Handle missing observations in the credit bureau dataset to prepare it for loan default risk modelling.,credit_scoring,data_cleaning,data_preparation,199,high,3,33830,34107,standard,task_002403,repo
task_002405,proj_00262,Reduce the dimensionality of the credit bureau dataset without discarding income-to-debt ratio.,credit_scoring,feature_engineering,analysis,71,medium,2,34275,34544,negation,task_002404,repo
task_002406,proj_00262,Debug a training failure encountered while fitting the logistic regression model.,credit_scoring,model_training,modelling,149,medium,2,34989,35360,standard,task_002405,repo
task_002407,proj_00262,"Compute precision, recall and F1 for loan default risk predictions.",credit_scoring,model_evaluation,modelling,130,medium,2,36323,36722,standard,task_002406,repo
task_002408,proj_00262,Establishing a baseline logistic regression model for loan default risk prediction.,credit_scoring,model_training,modelling,175,low,1,37373,38186,standard,task_002407,repo
task_002409,proj_00262,"First reproduce the reported logistic regression model metrics, then investigate the drop in recall.",credit_scoring,model_evaluation,modelling,36,high,3,38075,38158,multi_step,task_002408,repo
task_002410,proj_00262,Put together whatever we have on the credit bureau dataset for the handover.,credit_scoring,reporting_documentation,reporting,103,medium,2,38593,38889,ambiguous,task_002409,repo
task_002411,proj_00262,Patch a schema change that broke the credit bureau dataset pipeline.,credit_scoring,data_pipeline_maintenance,infrastructure,102,low,1,33544,34946,standard,,repo
task_002412,proj_00262,Investigate a failed run in the credit bureau dataset ingestion pipeline.,credit_scoring,data_pipeline_maintenance,infrastructure,94,high,3,49193,49399,standard,,repo
task_002413,proj_00263,Merge multiple data extracts into a single historical sales dataset.,sales_forecasting,data_collection,data_preparation,39,medium,2,74571,74767,standard,,repo
task_002414,proj_00263,Something's wrong with promotional calendar in the historical sales dataset.,sales_forecasting,data_cleaning,data_preparation,176,medium,2,74626,75066,ambiguous,task_002413,repo
task_002415,proj_00263,Set up cross-validation and then fit the gradient boosting regressor on the prepared historical sales dataset.,sales_forecasting,model_training,modelling,290,high,3,76045,76425,multi_step,task_002414,repo
task_002416,proj_00263,Check whether the gradient boosting regressor is actually any good on weekly sales volume.,sales_forecasting,model_evaluation,modelling,94,medium,2,77458,77997,ambiguous,task_002415,repo
task_002417,proj_00263,Give the gradient boosting regressor another run with the latest historical sales dataset.,sales_forecasting,model_training,modelling,138,medium,2,78404,78846,ambiguous,task_002416,repo
task_002418,proj_00263,Run an error analysis on the gradient boosting regressor predictions for weekly sales volume.,sales_forecasting,model_evaluation,modelling,103,high,3,78877,79054,standard,task_002417,repo
task_002419,proj_00263,Debug a training failure encountered while fitting the gradient boosting regressor.,sales_forecasting,model_training,modelling,142,medium,2,79687,79959,standard,task_002418,repo
task_002420,proj_00263,Assess the gradient boosting regressor on weekly sales volume without relying on accuracy as the headline metric.,sales_forecasting,model_evaluation,modelling,66,low,1,80586,81732,negation,task_002419,repo
task_002421,proj_00263,Prepare a one-page summary of gradient boosting regressor results for management.,sales_forecasting,reporting_documentation,reporting,132,low,1,81709,82803,standard,task_002420,repo
task_002422,proj_00263,"First add monitoring for the recurring failure, then refactor the historical sales dataset ingestion.",sales_forecasting,data_pipeline_maintenance,infrastructure,68,medium,2,87608,88027,multi_step,,repo
task_002423,proj_00264,Requesting access to a new data source needed for the credit bureau dataset.,credit_scoring,data_collection,data_preparation,78,medium,2,27507,28042,standard,,repo
task_002424,proj_00264,Clean the credit bureau dataset for creditworthiness modelling without altering the original source files.,credit_scoring,data_cleaning,data_preparation,148,medium,2,28789,29266,negation,task_002423,repo
task_002425,proj_00264,Examine repayment history in the credit bureau dataset without assuming a normal distribution.,credit_scoring,exploratory_data_analysis,analysis,99,low,1,29571,30873,negation,task_002424,repo
task_002426,proj_00264,See if we can squeeze more out of repayment history for creditworthiness.,credit_scoring,feature_engineering,analysis,136,high,3,29808,30079,ambiguous,task_002425,repo
task_002427,proj_00264,Set up the training pipeline for the XGBoost model.,credit_scoring,model_training,modelling,171,medium,2,29927,30298,standard,task_002426,repo
task_002428,proj_00264,"Score the XGBoost model on the held-out split, then run an error analysis on the failures.",credit_scoring,model_evaluation,modelling,162,medium,2,31292,31800,multi_step,task_002427,repo
task_002429,proj_00264,Write handover notes for the credit bureau dataset project.,credit_scoring,reporting_documentation,reporting,128,medium,2,31355,31691,standard,task_002428,repo
task_002430,proj_00264,Reviewing pipeline logs after an unexpected failure.,credit_scoring,data_pipeline_maintenance,infrastructure,97,medium,2,45449,45767,standard,,repo
task_002431,proj_00264,"First add monitoring for the recurring failure, then refactor the credit bureau dataset ingestion.",credit_scoring,data_pipeline_maintenance,infrastructure,55,medium,2,31926,32167,multi_step,,repo
task_002432,proj_00265,Query the production database to extract data for the experiment exposure dataset.,ab_testing_analysis,data_collection,data_preparation,110,high,3,7607,7838,standard,,repo
task_002433,proj_00265,Standardise column formats across the experiment exposure dataset.,ab_testing_analysis,data_cleaning,data_preparation,84,medium,2,8037,8274,standard,task_002432,repo
task_002434,proj_00265,Assess class imbalance in statistical significance without resampling the experiment exposure dataset at this stage.,ab_testing_analysis,exploratory_data_analysis,analysis,194,high,3,8795,9133,negation,task_002433,repo
task_002435,proj_00265,Reduce the dimensionality of the experiment exposure dataset without discarding exposure group.,ab_testing_analysis,feature_engineering,analysis,240,low,1,9782,10883,negation,task_002434,repo
task_002436,proj_00265,Training a difference-in-differences model from scratch on the updated experiment exposure dataset.,ab_testing_analysis,model_training,modelling,137,low,1,10004,10623,standard,task_002435,repo
task_002437,proj_00265,"Evaluate the difference-in-differences model on the experiment exposure dataset, then check fairness across the main segments.",ab_testing_analysis,model_evaluation,modelling,70,medium,2,11109,11620,multi_step,task_002436,repo
task_002438,proj_00265,Debug a training failure encountered while fitting the difference-in-differences model.,ab_testing_analysis,model_training,modelling,187,high,3,12085,12339,standard,task_002437,repo
task_002439,proj_00265,Compare the difference-in-differences model against a previous version on the experiment exposure dataset.,ab_testing_analysis,model_evaluation,modelling,40,low,1,13011,14071,standard,task_002438,repo
task_002440,proj_00265,"Update the README with the new experiment exposure dataset schema, then draft the difference-in-differences model release notes.",ab_testing_analysis,reporting_documentation,reporting,152,low,1,13994,14426,multi_step,task_002439,repo
task_002441,proj_00265,Restart and verify the experiment exposure dataset pipeline after a maintenance window.,ab_testing_analysis,data_pipeline_maintenance,infrastructure,72,high,3,21362,21589,standard,,repo
task_002442,proj_00265,Resolve the freshness issue in the experiment exposure dataset without changing the ingestion schedule.,ab_testing_analysis,data_pipeline_maintenance,infrastructure,58,high,3,25486,25668,negation,,repo
task_002443,proj_00266,Query the production database to extract data for the transaction dataset.,fraud_detection,data_collection,data_preparation,120,medium,2,42647,43140,standard,,repo
task_002444,proj_00266,"First fix the encoding issues in the transaction dataset, then reconcile the mismatched identifiers.",fraud_detection,data_cleaning,data_preparation,73,medium,2,42694,43016,multi_step,task_002443,repo
task_002445,proj_00266,"There's something odd in the transaction dataset, can't put my finger on it.",fraud_detection,exploratory_data_analysis,analysis,116,high,3,43102,43254,ambiguous,task_002444,repo
task_002446,proj_00266,Reduce the dimensionality of the transaction dataset without discarding transaction frequency.,fraud_detection,feature_engineering,analysis,291,low,1,44119,45139,negation,task_002445,repo
task_002447,proj_00266,Debug a training failure encountered while fitting the autoencoder model.,fraud_detection,model_training,modelling,289,high,3,44761,45166,standard,task_002446,repo
task_002448,proj_00266,Produce a confusion matrix summarising autoencoder model performance on fraudulent transactions.,fraud_detection,model_evaluation,modelling,147,high,3,44858,45120,standard,task_002447,repo
task_002449,proj_00266,Fit the autoencoder model on the prepared transaction dataset.,fraud_detection,model_training,modelling,126,high,3,46002,46160,standard,task_002448,repo
task_002450,proj_00266,Evaluate the autoencoder model on a held-out split of the transaction dataset.,fraud_detection,model_evaluation,modelling,107,medium,2,47191,47658,standard,task_002449,repo
task_002451,proj_00266,"Update the README with the new transaction dataset schema, then draft the autoencoder model release notes.",fraud_detection,reporting_documentation,reporting,39,medium,2,47984,48281,multi_step,task_002450,repo
task_002452,proj_00266,Resolve the freshness issue in the transaction dataset without changing the ingestion schedule.,fraud_detection,data_pipeline_maintenance,infrastructure,117,medium,2,53032,53486,negation,,repo
task_002453,proj_00266,Fix the failing transaction dataset job without taking the pipeline offline.,fraud_detection,data_pipeline_maintenance,infrastructure,31,high,3,55376,55503,negation,,repo
task_002454,proj_00266,Add monitoring for a recurring failure in the transaction dataset pipeline.,fraud_detection,data_pipeline_maintenance,infrastructure,77,low,1,60134,60621,standard,,repo
task_002455,proj_00267,Query the production database to extract data for the employee survey dataset.,employee_attrition,data_collection,data_preparation,75,low,1,14543,15173,standard,,repo
task_002456,proj_00267,Filter out invalid or corrupted rows from the employee survey dataset.,employee_attrition,data_cleaning,data_preparation,229,low,1,15729,16352,standard,task_002455,repo
task_002457,proj_00267,Explore the distribution of compensation band in the employee survey dataset.,employee_attrition,exploratory_data_analysis,analysis,233,high,3,15763,16044,standard,task_002456,repo
task_002458,proj_00267,See if we can squeeze more out of compensation band for resignation risk.,employee_attrition,feature_engineering,analysis,221,high,3,16097,16375,ambiguous,task_002457,repo
task_002459,proj_00267,Retrain the logistic regression model after incorporating the new features.,employee_attrition,model_training,modelling,88,high,3,17366,17535,standard,task_002458,repo
task_002460,proj_00267,Check the logistic regression model for fairness across segments of the employee survey dataset.,employee_attrition,model_evaluation,modelling,53,high,3,17547,17653,standard,task_002459,repo
task_002461,proj_00267,"First fit the logistic regression model on a sample, then run the full training on the employee survey dataset.",employee_attrition,model_training,modelling,179,medium,2,17569,17908,multi_step,task_002460,repo
task_002462,proj_00267,Validate the logistic regression model without touching the held-out test split.,employee_attrition,model_evaluation,modelling,165,low,1,18376,19185,negation,task_002461,repo
task_002463,proj_00267,Document known limitations of the current logistic regression model.,employee_attrition,reporting_documentation,reporting,150,low,1,19405,19920,standard,task_002462,repo
task_002464,proj_00267,The employee survey dataset pipeline has been flaky all week.,employee_attrition,data_pipeline_maintenance,infrastructure,15,low,1,20090,20749,ambiguous,,repo
task_002465,proj_00267,Reviewing pipeline logs after an unexpected failure.,employee_attrition,data_pipeline_maintenance,infrastructure,84,medium,2,22657,22957,standard,,repo
task_002466,proj_00267,Monitor data quality alerts for the employee survey dataset pipeline.,employee_attrition,data_pipeline_maintenance,infrastructure,39,low,1,18094,19031,standard,,repo
task_002467,proj_00268,Merge multiple data extracts into a single A/B test results dataset.,ab_testing_analysis,data_collection,data_preparation,165,low,1,33613,34533,standard,,repo
task_002468,proj_00268,Fixing encoding issues in the A/B test results dataset before further processing.,ab_testing_analysis,data_cleaning,data_preparation,46,low,1,34204,35501,standard,task_002467,repo
task_002469,proj_00268,Analyse correlations between sample size and conversion rate uplift in the A/B test results dataset.,ab_testing_analysis,exploratory_data_analysis,analysis,203,medium,2,34923,35466,standard,task_002468,repo
task_002470,proj_00268,See if we can squeeze more out of sample size for conversion rate uplift.,ab_testing_analysis,feature_engineering,analysis,63,high,3,35101,35216,ambiguous,task_002469,repo
task_002471,proj_00268,Get a first conversion rate uplift baseline without tuning the causal inference model at all.,ab_testing_analysis,model_training,modelling,93,medium,2,35768,36144,negation,task_002470,repo
task_002472,proj_00268,Compare the causal inference model against the previous version without retraining either of them.,ab_testing_analysis,model_evaluation,modelling,152,medium,2,36706,37131,negation,task_002471,repo
task_002473,proj_00268,Fit the causal inference model on the A/B test results dataset without using the sample size column.,ab_testing_analysis,model_training,modelling,339,high,3,37722,38139,negation,task_002472,repo
task_002474,proj_00268,Check the causal inference model for fairness across segments of the A/B test results dataset.,ab_testing_analysis,model_evaluation,modelling,40,high,3,38204,38378,standard,task_002473,repo
task_002475,proj_00268,"The causal inference model isn't picking anything up, have a go at it.",ab_testing_analysis,model_training,modelling,226,high,3,39171,39530,ambiguous,task_002474,repo
task_002476,proj_00268,"First reproduce the reported causal inference model metrics, then investigate the drop in recall.",ab_testing_analysis,model_evaluation,modelling,145,low,1,40135,41309,multi_step,task_002475,repo
task_002477,proj_00268,Document the data preparation steps applied to the A/B test results dataset.,ab_testing_analysis,reporting_documentation,reporting,65,medium,2,41009,41389,standard,task_002476,repo
task_002478,proj_00268,Resolve the freshness issue in the A/B test results dataset without changing the ingestion schedule.,ab_testing_analysis,data_pipeline_maintenance,infrastructure,16,medium,2,45980,46454,negation,,repo
task_002479,proj_00269,Requesting access to a new data source needed for the HR records dataset.,employee_attrition,data_collection,data_preparation,35,low,1,36211,36810,standard,,repo
task_002480,proj_00269,Reconcile mismatched identifiers between two versions of the HR records dataset.,employee_attrition,data_cleaning,data_preparation,88,low,1,36847,38197,standard,task_002479,repo
task_002481,proj_00269,"First fit the survival analysis model on a sample, then run the full training on the HR records dataset.",employee_attrition,model_training,modelling,141,medium,2,37748,38349,multi_step,task_002480,repo
task_002482,proj_00269,Compare the survival analysis model against the previous version without retraining either of them.,employee_attrition,model_evaluation,modelling,57,low,1,37885,38844,negation,task_002481,repo
task_002483,proj_00269,Summarise the survival analysis model results for management without including technical detail.,employee_attrition,reporting_documentation,reporting,66,low,1,38876,40194,negation,task_002482,repo
task_002484,proj_00269,"The HR records dataset numbers look stale, find out why.",employee_attrition,data_pipeline_maintenance,infrastructure,16,high,3,49148,49234,ambiguous,,repo
task_002485,proj_00270,Retrieving additional records is required to complete the demand forecasting dataset.,sales_forecasting,data_collection,data_preparation,124,medium,2,45487,45973,standard,,repo
task_002486,proj_00270,Clean missing values in the demand forecasting dataset before training the temporal fusion transformer.,sales_forecasting,data_cleaning,data_preparation,144,medium,2,45631,46021,standard,task_002485,repo
task_002487,proj_00270,Assess class imbalance in product demand without resampling the demand forecasting dataset at this stage.,sales_forecasting,exploratory_data_analysis,analysis,221,low,1,46074,47175,negation,task_002486,repo
task_002488,proj_00270,The inputs to the temporal fusion transformer need rethinking.,sales_forecasting,feature_engineering,analysis,261,low,1,47387,48585,ambiguous,task_002487,repo
task_002489,proj_00270,Fit the temporal fusion transformer on the demand forecasting dataset without using the lag features column.,sales_forecasting,model_training,modelling,159,high,3,48584,48855,negation,task_002488,repo
task_002490,proj_00270,Investigate a drop in temporal fusion transformer recall after the last demand forecasting dataset update.,sales_forecasting,model_evaluation,modelling,90,high,3,49894,50077,standard,task_002489,repo
task_002491,proj_00270,Nobody knows how the temporal fusion transformer works — fix that.,sales_forecasting,reporting_documentation,reporting,34,low,1,50909,51378,ambiguous,task_002490,repo
task_002492,proj_00270,Fix the failing demand forecasting dataset job without taking the pipeline offline.,sales_forecasting,data_pipeline_maintenance,infrastructure,25,medium,2,49569,49950,negation,,repo
task_002493,proj_00270,Refactor the ingestion pipeline for the demand forecasting dataset to reduce runtime.,sales_forecasting,data_pipeline_maintenance,infrastructure,23,medium,2,64453,64694,standard,,repo
task_002494,proj_00270,Reviewing pipeline logs after an unexpected failure.,sales_forecasting,data_pipeline_maintenance,infrastructure,61,high,3,53758,53864,standard,,repo
task_002495,proj_00271,Gather the missing records for the loan applications dataset without hitting production directly.,credit_scoring,data_collection,data_preparation,154,high,3,19725,20046,negation,,repo
task_002496,proj_00271,Impute missing values for credit utilisation using an appropriate strategy.,credit_scoring,data_cleaning,data_preparation,182,medium,2,20149,20602,standard,task_002495,repo
task_002497,proj_00271,Compare credit utilisation distributions across different segments of the loan applications dataset.,credit_scoring,exploratory_data_analysis,analysis,179,medium,2,20288,20731,standard,task_002496,repo
task_002498,proj_00271,"Create the lagged variables from credit utilisation, then aggregate them at project level.",credit_scoring,feature_engineering,analysis,168,medium,2,20811,21104,multi_step,task_002497,repo
task_002499,proj_00271,Debug a training failure encountered while fitting the scorecard model.,credit_scoring,model_training,modelling,164,low,1,21436,21891,standard,task_002498,repo
task_002500,proj_00271,"Evaluate the scorecard model on the loan applications dataset, then check fairness across the main segments.",credit_scoring,model_evaluation,modelling,50,medium,2,21510,21755,multi_step,task_002499,repo
task_002501,proj_00271,"Update the README with the new loan applications dataset schema, then draft the scorecard model release notes.",credit_scoring,reporting_documentation,reporting,172,low,1,22439,23760,multi_step,task_002500,repo
task_002502,proj_00271,Refactor the ingestion pipeline for the loan applications dataset to reduce runtime.,credit_scoring,data_pipeline_maintenance,infrastructure,73,low,1,22682,23923,standard,,repo
task_002503,proj_00271,Restart and verify the loan applications dataset pipeline after a maintenance window.,credit_scoring,data_pipeline_maintenance,infrastructure,90,low,1,28483,28847,standard,,repo
task_002504,proj_00272,Pull the latest records and afterwards check the transaction dataset covers the full time range.,fraud_detection,data_collection,data_preparation,112,low,1,72173,73193,multi_step,,repo
task_002505,proj_00272,Handle missing observations in the transaction dataset to prepare it for anomalous payments modelling.,fraud_detection,data_cleaning,data_preparation,194,low,1,73443,75035,standard,task_002504,repo
task_002506,proj_00272,Analyse correlations between device fingerprint and anomalous payments in the transaction dataset.,fraud_detection,exploratory_data_analysis,analysis,175,low,1,74622,75307,standard,task_002505,repo
task_002507,proj_00272,Normalise and scale device fingerprint ahead of model training.,fraud_detection,feature_engineering,analysis,297,low,1,75654,76501,standard,task_002506,repo
task_002508,proj_00272,"Whatever we did last time to the autoencoder model, do it again with the new data.",fraud_detection,model_training,modelling,143,high,3,75878,76111,ambiguous,task_002507,repo
task_002509,proj_00272,Compare the autoencoder model against the previous version without retraining either of them.,fraud_detection,model_evaluation,modelling,121,medium,2,76081,76533,negation,task_002508,repo
task_002510,proj_00272,Updating the project README with the latest transaction dataset schema.,fraud_detection,reporting_documentation,reporting,156,low,1,76799,77322,standard,task_002509,repo
task_002511,proj_00272,Reviewing pipeline logs after an unexpected failure.,fraud_detection,data_pipeline_maintenance,infrastructure,85,high,3,85081,85249,standard,,repo
task_002512,proj_00272,Restart and verify the transaction dataset pipeline after a maintenance window.,fraud_detection,data_pipeline_maintenance,infrastructure,29,high,3,86802,86927,standard,,repo
task_002513,proj_00272,Resolve a data freshness issue affecting the transaction dataset.,fraud_detection,data_pipeline_maintenance,infrastructure,22,medium,2,79557,79984,standard,,repo
task_002514,proj_00273,"The customer churn dataset doesn't go back far enough, see what you can do.",customer_churn,data_collection,data_preparation,111,low,1,20301,21462,ambiguous,,repo
task_002515,proj_00273,Half the rows in the customer churn dataset don't look right.,customer_churn,data_cleaning,data_preparation,225,low,1,20355,20868,ambiguous,task_002514,repo
task_002516,proj_00273,"Compute summary statistics for the customer churn dataset, then visualise how customer attrition moves over time.",customer_churn,exploratory_data_analysis,analysis,185,low,1,21741,22575,multi_step,task_002515,repo
task_002517,proj_00273,Fit the random forest classifier on the prepared customer churn dataset.,customer_churn,model_training,modelling,166,medium,2,22963,23500,standard,task_002516,repo
task_002518,proj_00273,Compare the random forest classifier against the previous version without retraining either of them.,customer_churn,model_evaluation,modelling,50,medium,2,22992,23350,negation,task_002517,repo
task_002519,proj_00273,Document known limitations of the current random forest classifier.,customer_churn,reporting_documentation,reporting,131,low,1,24049,25518,standard,task_002518,repo
task_002520,proj_00274,Requesting access to a new data source needed for the workforce analytics dataset.,employee_attrition,data_collection,data_preparation,113,medium,2,34290,34724,standard,,repo
task_002521,proj_00274,Resolve inconsistent entries in the workforce analytics dataset without dropping any rows.,employee_attrition,data_cleaning,data_preparation,145,low,1,34549,35982,negation,task_002520,repo
task_002522,proj_00274,Compare compensation band distributions across different segments of the workforce analytics dataset.,employee_attrition,exploratory_data_analysis,analysis,92,low,1,35394,36519,standard,task_002521,repo
task_002523,proj_00274,Generate embeddings to represent compensation band for the survival analysis model.,employee_attrition,feature_engineering,analysis,111,medium,2,35627,36010,standard,task_002522,repo
task_002524,proj_00274,Set up the training pipeline for the survival analysis model.,employee_attrition,model_training,modelling,215,medium,2,37054,37416,standard,task_002523,repo
task_002525,proj_00274,Investigate a drop in survival analysis model recall after the last workforce analytics dataset update.,employee_attrition,model_evaluation,modelling,175,high,3,38395,38664,standard,task_002524,repo
task_002526,proj_00274,"Whatever we did last time to the survival analysis model, do it again with the new data.",employee_attrition,model_training,modelling,72,medium,2,38854,39156,ambiguous,task_002525,repo
task_002527,proj_00274,Validate the survival analysis model without touching the held-out test split.,employee_attrition,model_evaluation,modelling,82,medium,2,39239,39639,negation,task_002526,repo
task_002528,proj_00274,They want something on resignation risk for tomorrow.,employee_attrition,reporting_documentation,reporting,130,medium,2,39924,40258,ambiguous,task_002527,repo
task_002529,proj_00274,Restore the workforce analytics dataset pipeline without triggering a full historical backfill.,employee_attrition,data_pipeline_maintenance,infrastructure,116,high,3,49324,49533,negation,,repo
task_002530,proj_00274,Patch a schema change that broke the workforce analytics dataset pipeline.,employee_attrition,data_pipeline_maintenance,infrastructure,15,high,3,36135,36192,standard,,repo
task_002531,proj_00274,Refactor the ingestion pipeline for the workforce analytics dataset to reduce runtime.,employee_attrition,data_pipeline_maintenance,infrastructure,15,medium,2,33957,34287,standard,,repo
task_002532,proj_00275,Validate that the support tickets dataset covers the full required time range.,text_summarisation,data_collection,data_preparation,136,medium,2,49036,49444,standard,,repo
task_002533,proj_00275,Detect and treat outliers in document length within the support tickets dataset.,text_summarisation,data_cleaning,data_preparation,107,low,1,49122,50404,standard,task_002532,repo
task_002534,proj_00275,Check for seasonality patterns related to document length in the support tickets dataset.,text_summarisation,exploratory_data_analysis,analysis,207,medium,2,49556,50232,standard,task_002533,repo
task_002535,proj_00275,The inputs to the fine-tuned summarisation model need rethinking.,text_summarisation,feature_engineering,analysis,104,low,1,49633,50153,ambiguous,task_002534,repo
task_002536,proj_00275,"The fine-tuned summarisation model isn't picking anything up, have a go at it.",text_summarisation,model_training,modelling,356,high,3,50128,50583,ambiguous,task_002535,repo
task_002537,proj_00275,Evaluate the fine-tuned summarisation model on a held-out split of the support tickets dataset.,text_summarisation,model_evaluation,modelling,174,medium,2,50696,51344,standard,task_002536,repo
task_002538,proj_00275,Write handover notes for the support tickets dataset project.,text_summarisation,reporting_documentation,reporting,46,low,1,51024,52082,standard,task_002537,repo
task_002539,proj_00276,Extract records for the subscription churn dataset without pulling any personally identifiable fields.,customer_churn,data_collection,data_preparation,152,low,1,8848,9787,negation,,repo
task_002540,proj_00276,Reconcile mismatched identifiers between two versions of the subscription churn dataset.,customer_churn,data_cleaning,data_preparation,78,low,1,8912,10147,standard,task_002539,repo
task_002541,proj_00276,Fit the gradient boosting model on the prepared subscription churn dataset.,customer_churn,model_training,modelling,348,high,3,8930,9419,standard,task_002540,repo
task_002542,proj_00276,Check whether the gradient boosting model is actually any good on subscription cancellation.,customer_churn,model_evaluation,modelling,89,high,3,10089,10220,ambiguous,task_002541,repo
task_002543,proj_00276,"Draft the subscription cancellation findings first, then turn them into slides for stakeholders.",customer_churn,reporting_documentation,reporting,52,medium,2,10690,11095,multi_step,task_002542,repo
task_002544,proj_00276,Restart and verify the subscription churn dataset pipeline after a maintenance window.,customer_churn,data_pipeline_maintenance,infrastructure,62,medium,2,26103,26475,standard,,repo
task_002545,proj_00276,Reviewing pipeline logs after an unexpected failure.,customer_churn,data_pipeline_maintenance,infrastructure,56,high,3,26313,26487,standard,,repo
task_002546,proj_00276,Restart and verify the subscription churn dataset pipeline after a maintenance window.,customer_churn,data_pipeline_maintenance,infrastructure,89,medium,2,21594,22042,standard,,repo
task_002547,proj_00277,Validate that the store-level sales dataset covers the full required time range.,sales_forecasting,data_collection,data_preparation,65,low,1,12578,13617,standard,,repo
task_002548,proj_00277,"The store-level sales dataset looks messy again, deal with it.",sales_forecasting,data_cleaning,data_preparation,145,medium,2,13914,14527,ambiguous,task_002547,repo
task_002549,proj_00277,Analyse correlations between lag features and weekly sales volume in the store-level sales dataset.,sales_forecasting,exploratory_data_analysis,analysis,132,medium,2,14265,14837,standard,task_002548,repo
task_002550,proj_00277,Reduce the dimensionality of the store-level sales dataset without discarding lag features.,sales_forecasting,feature_engineering,analysis,198,medium,2,14577,14976,negation,task_002549,repo
task_002551,proj_00277,Run cross-validation while training the temporal fusion transformer on the store-level sales dataset.,sales_forecasting,model_training,modelling,165,high,3,15766,16062,standard,task_002550,repo
task_002552,proj_00277,"Evaluate the temporal fusion transformer on the store-level sales dataset, then check fairness across the main segments.",sales_forecasting,model_evaluation,modelling,58,high,3,15948,16175,multi_step,task_002551,repo
task_002553,proj_00277,Put together whatever we have on the store-level sales dataset for the handover.,sales_forecasting,reporting_documentation,reporting,56,medium,2,16048,16354,ambiguous,task_002552,repo
task_002554,proj_00277,Fix the failing store-level sales dataset job without taking the pipeline offline.,sales_forecasting,data_pipeline_maintenance,infrastructure,77,low,1,18761,19842,negation,,repo
task_002555,proj_00278,We're short on records for the warehouse inventory dataset — sort it out.,supply_chain_optimisation,data_collection,data_preparation,69,medium,2,14426,14711,ambiguous,,repo
task_002556,proj_00278,Half the rows in the warehouse inventory dataset don't look right.,supply_chain_optimisation,data_cleaning,data_preparation,234,low,1,14442,15211,ambiguous,task_002555,repo
task_002557,proj_00278,Improve signal for route efficiency without adding features derived from supplier reliability.,supply_chain_optimisation,feature_engineering,analysis,121,medium,2,14604,15000,negation,task_002556,repo
task_002558,proj_00278,Retrain the random forest regressor after incorporating the new features.,supply_chain_optimisation,model_training,modelling,157,low,1,15047,15507,standard,task_002557,repo
task_002559,proj_00278,Compare the random forest regressor against a previous version on the warehouse inventory dataset.,supply_chain_optimisation,model_evaluation,modelling,83,low,1,15667,16136,standard,task_002558,repo
task_002560,proj_00278,Finalise documentation before closing out the route efficiency project.,supply_chain_optimisation,reporting_documentation,reporting,145,high,3,15819,16102,standard,task_002559,repo
task_002561,proj_00278,Investigate a failed run in the warehouse inventory dataset ingestion pipeline.,supply_chain_optimisation,data_pipeline_maintenance,infrastructure,104,medium,2,27154,27553,standard,,repo
task_002562,proj_00278,Resolve the freshness issue in the warehouse inventory dataset without changing the ingestion schedule.,supply_chain_optimisation,data_pipeline_maintenance,infrastructure,41,medium,2,26654,27132,negation,,repo
task_002563,proj_00279,Validate that the hospital admissions dataset covers the full required time range.,healthcare_readmission,data_collection,data_preparation,151,medium,2,46149,46616,standard,,repo
task_002564,proj_00279,Detect and treat outliers in comorbidity count within the hospital admissions dataset.,healthcare_readmission,data_cleaning,data_preparation,138,medium,2,47267,47842,standard,task_002563,repo
task_002565,proj_00279,Not sure what's driving length of stay — dig into it.,healthcare_readmission,exploratory_data_analysis,analysis,51,low,1,48000,49289,ambiguous,task_002564,repo
task_002566,proj_00279,The inputs to the survival analysis model need rethinking.,healthcare_readmission,feature_engineering,analysis,124,medium,2,48192,48478,ambiguous,task_002565,repo
task_002567,proj_00279,Retrain the survival analysis model after incorporating the new features.,healthcare_readmission,model_training,modelling,292,medium,2,48709,49293,standard,task_002566,repo
task_002568,proj_00279,Check whether the survival analysis model is actually any good on length of stay.,healthcare_readmission,model_evaluation,modelling,38,medium,2,49218,49658,ambiguous,task_002567,repo
task_002569,proj_00279,Write handover notes for the hospital admissions dataset project.,healthcare_readmission,reporting_documentation,reporting,135,low,1,50157,50794,standard,task_002568,repo
task_002570,proj_00280,Set up an automated pipeline to pull new records into the workforce analytics dataset.,employee_attrition,data_collection,data_preparation,162,low,1,34401,35728,standard,,repo
task_002571,proj_00280,Fixing encoding issues in the workforce analytics dataset before further processing.,employee_attrition,data_cleaning,data_preparation,40,low,1,35016,35974,standard,task_002570,repo
task_002572,proj_00280,Check for seasonality patterns related to performance rating in the workforce analytics dataset.,employee_attrition,exploratory_data_analysis,analysis,220,low,1,35904,36521,standard,task_002571,repo
task_002573,proj_00280,The inputs to the logistic regression model need rethinking.,employee_attrition,feature_engineering,analysis,184,low,1,36326,37543,ambiguous,task_002572,repo
task_002574,proj_00280,Training a logistic regression model from scratch on the updated workforce analytics dataset.,employee_attrition,model_training,modelling,252,low,1,37680,38546,standard,task_002573,repo
task_002575,proj_00280,Validate the logistic regression model without touching the held-out test split.,employee_attrition,model_evaluation,modelling,179,high,3,38152,38419,negation,task_002574,repo
task_002576,proj_00280,Retrain the logistic regression model after incorporating the new features.,employee_attrition,model_training,modelling,111,low,1,39077,39698,standard,task_002575,repo
task_002577,proj_00280,Evaluate the logistic regression model on a held-out split of the workforce analytics dataset.,employee_attrition,model_evaluation,modelling,142,medium,2,40331,40950,standard,task_002576,repo
task_002578,proj_00280,Document the data preparation steps applied to the workforce analytics dataset.,employee_attrition,reporting_documentation,reporting,164,medium,2,41226,41698,standard,task_002577,repo
task_002579,proj_00281,"Request access to the new source, then pull an initial extract into the equipment logs dataset.",predictive_maintenance,data_collection,data_preparation,159,high,3,47863,48087,multi_step,,repo
task_002580,proj_00281,Clean missing values in the equipment logs dataset before training the gradient boosting model.,predictive_maintenance,data_cleaning,data_preparation,71,low,1,48125,48818,standard,task_002579,repo
task_002581,proj_00281,Compare sensor drift distributions across different segments of the equipment logs dataset.,predictive_maintenance,exploratory_data_analysis,analysis,159,medium,2,49501,50059,standard,task_002580,repo
task_002582,proj_00281,Finalise the feature set to be used by the gradient boosting model.,predictive_maintenance,feature_engineering,analysis,182,low,1,50280,51081,standard,task_002581,repo
task_002583,proj_00281,"First fit the gradient boosting model on a sample, then run the full training on the equipment logs dataset.",predictive_maintenance,model_training,modelling,119,medium,2,51487,51844,multi_step,task_002582,repo
task_002584,proj_00281,Run an error analysis on the gradient boosting model predictions for equipment failure.,predictive_maintenance,model_evaluation,modelling,106,low,1,51916,53062,standard,task_002583,repo
task_002585,proj_00281,Get a first equipment failure baseline without tuning the gradient boosting model at all.,predictive_maintenance,model_training,modelling,90,medium,2,51953,52169,negation,task_002584,repo
task_002586,proj_00281,The gradient boosting model was fine last month and now it isn't.,predictive_maintenance,model_evaluation,modelling,98,medium,2,52198,52420,ambiguous,task_002585,repo
task_002587,proj_00281,Run cross-validation while training the gradient boosting model on the equipment logs dataset.,predictive_maintenance,model_training,modelling,223,high,3,52834,53209,standard,task_002586,repo
task_002588,proj_00281,Validate the gradient boosting model on out-of-time data before deployment.,predictive_maintenance,model_evaluation,modelling,151,medium,2,53286,53666,standard,task_002587,repo
task_002589,proj_00281,Document known limitations of the current gradient boosting model.,predictive_maintenance,reporting_documentation,reporting,129,medium,2,53503,54073,standard,task_002588,repo
task_002590,proj_00282,Scrape supplementary records to enrich the purchase history dataset.,recommendation_system,data_collection,data_preparation,93,medium,2,10688,11112,standard,,repo
task_002591,proj_00282,Clean the purchase history dataset for user click-through rate modelling without altering the original source files.,recommendation_system,data_cleaning,data_preparation,87,high,3,11984,12205,negation,task_002590,repo
task_002592,proj_00282,"Compute summary statistics for the purchase history dataset, then visualise how user click-through rate moves over time.",recommendation_system,exploratory_data_analysis,analysis,55,high,3,12121,12307,multi_step,task_002591,repo
task_002593,proj_00282,Set up the training pipeline for the two-tower neural network.,recommendation_system,model_training,modelling,251,medium,2,12192,12873,standard,task_002592,repo
task_002594,proj_00282,Run an error analysis on the two-tower neural network predictions for user click-through rate.,recommendation_system,model_evaluation,modelling,152,high,3,12667,12979,standard,task_002593,repo
task_002595,proj_00282,Document known limitations of the current two-tower neural network.,recommendation_system,reporting_documentation,reporting,91,medium,2,13514,13872,standard,task_002594,repo
task_002596,proj_00282,"First add monitoring for the recurring failure, then refactor the purchase history dataset ingestion.",recommendation_system,data_pipeline_maintenance,infrastructure,91,low,1,11973,12439,multi_step,,repo
task_002597,proj_00282,Monitor data quality alerts for the purchase history dataset pipeline.,recommendation_system,data_pipeline_maintenance,infrastructure,105,high,3,27919,28091,standard,,repo
task_002598,proj_00282,Resolve the freshness issue in the purchase history dataset without changing the ingestion schedule.,recommendation_system,data_pipeline_maintenance,infrastructure,50,medium,2,10823,11230,negation,,repo
task_002599,proj_00283,Retrieving additional records is required to complete the building energy dataset.,energy_consumption,data_collection,data_preparation,150,low,1,64740,66132,standard,,repo
task_002600,proj_00283,Half the rows in the building energy dataset don't look right.,energy_consumption,data_cleaning,data_preparation,187,medium,2,65456,65891,ambiguous,task_002599,repo
task_002601,proj_00283,Summarising key findings from the exploratory analysis of the building energy dataset.,energy_consumption,exploratory_data_analysis,analysis,114,high,3,66759,67034,standard,task_002600,repo
task_002602,proj_00283,Reduce the dimensionality of the building energy dataset without discarding time of day.,energy_consumption,feature_engineering,analysis,297,high,3,67240,67628,negation,task_002601,repo
task_002603,proj_00283,Set up the training pipeline for the prophet model.,energy_consumption,model_training,modelling,238,high,3,68414,68731,standard,task_002602,repo
task_002604,proj_00283,The prophet model was fine last month and now it isn't.,energy_consumption,model_evaluation,modelling,135,medium,2,69115,69676,ambiguous,task_002603,repo
task_002605,proj_00283,Write handover notes for the building energy dataset project.,energy_consumption,reporting_documentation,reporting,65,medium,2,69998,70535,standard,task_002604,repo
task_002606,proj_00283,Resolve the freshness issue in the building energy dataset without changing the ingestion schedule.,energy_consumption,data_pipeline_maintenance,infrastructure,106,medium,2,70159,70549,negation,,repo
task_002607,proj_00283,The building energy dataset ingestion job fell over again last night.,energy_consumption,data_pipeline_maintenance,infrastructure,89,medium,2,70634,70903,ambiguous,,repo
task_002608,proj_00284,Check where the support tickets dataset is actually coming from.,text_summarisation,data_collection,data_preparation,125,low,1,25337,26693,ambiguous,,repo
task_002609,proj_00284,"The support tickets dataset looks messy again, deal with it.",text_summarisation,data_cleaning,data_preparation,167,medium,2,25906,26323,ambiguous,task_002608,repo
task_002610,proj_00284,Normalise and scale sentence embeddings ahead of model training.,text_summarisation,feature_engineering,analysis,124,low,1,27162,28297,standard,task_002609,repo
task_002611,proj_00284,Set up cross-validation and then fit the topic model on the prepared support tickets dataset.,text_summarisation,model_training,modelling,61,low,1,28304,29126,multi_step,task_002610,repo
task_002612,proj_00284,"First reproduce the reported topic model metrics, then investigate the drop in recall.",text_summarisation,model_evaluation,modelling,170,medium,2,29332,29763,multi_step,task_002611,repo
task_002613,proj_00284,"First collect the topic model results, then prepare a one-page summary for management.",text_summarisation,reporting_documentation,reporting,80,low,1,30393,31588,multi_step,task_002612,repo
task_002614,proj_00284,Patch a schema change that broke the support tickets dataset pipeline.,text_summarisation,data_pipeline_maintenance,infrastructure,75,medium,2,43501,43856,standard,,repo
task_002615,proj_00284,Reviewing pipeline logs after an unexpected failure.,text_summarisation,data_pipeline_maintenance,infrastructure,38,low,1,27909,28298,standard,,repo
task_002616,proj_00284,Monitor data quality alerts for the support tickets dataset pipeline.,text_summarisation,data_pipeline_maintenance,infrastructure,50,low,1,25340,26726,standard,,repo
task_002617,proj_00285,Gather the missing records for the product image dataset without hitting production directly.,image_classification,data_collection,data_preparation,100,low,1,1534,2366,negation,,repo
task_002618,proj_00285,Filter out invalid or corrupted rows from the product image dataset.,image_classification,data_cleaning,data_preparation,188,medium,2,2021,2465,standard,task_002617,repo
task_002619,proj_00285,"Encode the categorical variables, then test whether they improve product category prediction.",image_classification,feature_engineering,analysis,275,low,1,3167,3729,multi_step,task_002618,repo
task_002620,proj_00285,Fit the vision transformer model on the product image dataset without using the edge features column.,image_classification,model_training,modelling,172,low,1,4315,5511,negation,task_002619,repo
task_002621,proj_00285,Evaluate the vision transformer model on a held-out split of the product image dataset.,image_classification,model_evaluation,modelling,71,low,1,4746,5609,standard,task_002620,repo
task_002622,proj_00285,Draft release notes describing changes to the vision transformer model pipeline.,image_classification,reporting_documentation,reporting,54,low,1,5756,6882,standard,task_002621,repo
task_002623,proj_00285,The product image dataset ingestion job fell over again last night.,image_classification,data_pipeline_maintenance,infrastructure,93,low,1,9221,9909,ambiguous,,repo
task_002624,proj_00286,Requesting access to a new data source needed for the HR records dataset.,employee_attrition,data_collection,data_preparation,89,low,1,51613,52109,standard,,repo
task_002625,proj_00286,"The HR records dataset looks messy again, deal with it.",employee_attrition,data_cleaning,data_preparation,143,low,1,52464,53634,ambiguous,task_002624,repo
task_002626,proj_00286,"Create the lagged variables from tenure, then aggregate them at project level.",employee_attrition,feature_engineering,analysis,65,medium,2,53738,54062,multi_step,task_002625,repo
task_002627,proj_00286,Give the logistic regression model another run with the latest HR records dataset.,employee_attrition,model_training,modelling,283,high,3,54173,54620,ambiguous,task_002626,repo
task_002628,proj_00286,Validate the logistic regression model without touching the held-out test split.,employee_attrition,model_evaluation,modelling,35,medium,2,54889,55359,negation,task_002627,repo
task_002629,proj_00286,They want something on engagement score for tomorrow.,employee_attrition,reporting_documentation,reporting,82,low,1,55698,56178,ambiguous,task_002628,repo
task_002630,proj_00286,"Check the pipeline logs, then patch the schema change that broke the HR records dataset ingestion.",employee_attrition,data_pipeline_maintenance,infrastructure,41,low,1,56202,57206,multi_step,,repo
task_002631,proj_00286,Refactor the ingestion pipeline for the HR records dataset to reduce runtime.,employee_attrition,data_pipeline_maintenance,infrastructure,46,high,3,63959,64094,standard,,repo
task_002632,proj_00286,"The HR records dataset numbers look stale, find out why.",employee_attrition,data_pipeline_maintenance,infrastructure,18,medium,2,63118,63544,ambiguous,,repo
task_002633,proj_00287,Collect raw data for the social media comments dataset from the source system.,sentiment_analysis,data_collection,data_preparation,155,low,1,47918,49225,standard,,repo
task_002634,proj_00287,Remove duplicate records from the social media comments dataset.,sentiment_analysis,data_cleaning,data_preparation,141,low,1,48801,49650,standard,task_002633,repo
task_002635,proj_00287,Summarise the social media comments dataset without producing any new visualisations.,sentiment_analysis,exploratory_data_analysis,analysis,111,medium,2,49367,49684,negation,task_002634,repo
task_002636,proj_00287,"Whatever we did last time to the fine-tuned transformer model, do it again with the new data.",sentiment_analysis,model_training,modelling,331,high,3,49830,50200,ambiguous,task_002635,repo
task_002637,proj_00287,Compare the fine-tuned transformer model against the previous version without retraining either of them.,sentiment_analysis,model_evaluation,modelling,42,high,3,50626,50721,negation,task_002636,repo
task_002638,proj_00287,Updating the project README with the latest social media comments dataset schema.,sentiment_analysis,reporting_documentation,reporting,171,low,1,50966,51539,standard,task_002637,repo
task_002639,proj_00287,Reviewing pipeline logs after an unexpected failure.,sentiment_analysis,data_pipeline_maintenance,infrastructure,52,low,1,61970,63154,standard,,repo
task_002640,proj_00287,Restart and verify the social media comments dataset pipeline after a maintenance window.,sentiment_analysis,data_pipeline_maintenance,infrastructure,44,medium,2,56249,56498,standard,,repo
task_002641,proj_00288,Check where the logistics dataset is actually coming from.,supply_chain_optimisation,data_collection,data_preparation,138,medium,2,23666,24044,ambiguous,,repo
task_002642,proj_00288,Impute missing values for lead time using an appropriate strategy.,supply_chain_optimisation,data_cleaning,data_preparation,184,medium,2,23716,24054,standard,task_002641,repo
task_002643,proj_00288,Summarising key findings from the exploratory analysis of the logistics dataset.,supply_chain_optimisation,exploratory_data_analysis,analysis,90,medium,2,23938,24384,standard,task_002642,repo
task_002644,proj_00288,"Encode the categorical variables, then test whether they improve delivery delay prediction.",supply_chain_optimisation,feature_engineering,analysis,245,low,1,25086,26663,multi_step,task_002643,repo
task_002645,proj_00288,Fine-tune the gradient boosting regressor on a recent snapshot of the logistics dataset.,supply_chain_optimisation,model_training,modelling,64,medium,2,25483,25754,standard,task_002644,repo
task_002646,proj_00288,The gradient boosting regressor was fine last month and now it isn't.,supply_chain_optimisation,model_evaluation,modelling,35,medium,2,26055,26239,ambiguous,task_002645,repo
task_002647,proj_00288,Summarise key findings from the delivery delay analysis for the team.,supply_chain_optimisation,reporting_documentation,reporting,72,low,1,26876,27507,standard,task_002646,repo
task_002648,proj_00288,Resolve the freshness issue in the logistics dataset without changing the ingestion schedule.,supply_chain_optimisation,data_pipeline_maintenance,infrastructure,88,high,3,30988,31224,negation,,repo
task_002649,proj_00289,"Request access to the new source, then pull an initial extract into the customer feedback dataset.",sentiment_analysis,data_collection,data_preparation,64,low,1,5692,6939,multi_step,,repo
task_002650,proj_00289,Something's wrong with review length in the customer feedback dataset.,sentiment_analysis,data_cleaning,data_preparation,203,medium,2,6790,7394,ambiguous,task_002649,repo
task_002651,proj_00289,"Profile the customer feedback dataset first, then investigate how review length relates to review sentiment.",sentiment_analysis,exploratory_data_analysis,analysis,179,medium,2,7913,8543,multi_step,task_002650,repo
task_002652,proj_00289,Get a first review sentiment baseline without tuning the naive Bayes classifier at all.,sentiment_analysis,model_training,modelling,355,high,3,8992,9480,negation,task_002651,repo
task_002653,proj_00289,The naive Bayes classifier was fine last month and now it isn't.,sentiment_analysis,model_evaluation,modelling,134,low,1,9521,10918,ambiguous,task_002652,repo
task_002654,proj_00289,Prepare slides presenting the naive Bayes classifier performance to stakeholders.,sentiment_analysis,reporting_documentation,reporting,82,low,1,9794,10868,standard,task_002653,repo
task_002655,proj_00289,"First add monitoring for the recurring failure, then refactor the customer feedback dataset ingestion.",sentiment_analysis,data_pipeline_maintenance,infrastructure,63,medium,2,9325,9699,multi_step,,repo
task_002656,proj_00289,Fix the failing customer feedback dataset job without taking the pipeline offline.,sentiment_analysis,data_pipeline_maintenance,infrastructure,77,low,1,6322,6671,negation,,repo
task_002657,proj_00290,Merge multiple data extracts into a single customer feedback dataset.,sentiment_analysis,data_collection,data_preparation,66,low,1,40406,41177,standard,,repo
task_002658,proj_00290,Reconcile mismatched identifiers between two versions of the customer feedback dataset.,sentiment_analysis,data_cleaning,data_preparation,154,medium,2,41320,41832,standard,task_002657,repo
task_002659,proj_00290,Compare topic distribution distributions across different segments of the customer feedback dataset.,sentiment_analysis,exploratory_data_analysis,analysis,163,low,1,42095,42603,standard,task_002658,repo
task_002660,proj_00290,Reduce dimensionality of the customer feedback dataset using feature selection.,sentiment_analysis,feature_engineering,analysis,289,medium,2,42612,43072,standard,task_002659,repo
task_002661,proj_00290,Get a first complaint category baseline without tuning the fine-tuned transformer model at all.,sentiment_analysis,model_training,modelling,87,medium,2,43232,43636,negation,task_002660,repo
task_002662,proj_00290,"Evaluate the fine-tuned transformer model on the customer feedback dataset, then check fairness across the main segments.",sentiment_analysis,model_evaluation,modelling,49,medium,2,44585,44935,multi_step,task_002661,repo
task_002663,proj_00290,Nobody knows how the fine-tuned transformer model works — fix that.,sentiment_analysis,reporting_documentation,reporting,40,high,3,45649,45841,ambiguous,task_002662,repo
task_002664,proj_00291,Gather historical records to build the store-level sales dataset.,sales_forecasting,data_collection,data_preparation,36,medium,2,74175,74653,standard,,repo
task_002665,proj_00291,Clean the store-level sales dataset for weekly sales volume modelling without altering the original source files.,sales_forecasting,data_cleaning,data_preparation,36,medium,2,75257,75584,negation,task_002664,repo
task_002666,proj_00291,"The SARIMA model isn't picking anything up, have a go at it.",sales_forecasting,model_training,modelling,237,high,3,76527,76866,ambiguous,task_002665,repo
task_002667,proj_00291,"Compute precision, recall and F1 for weekly sales volume predictions.",sales_forecasting,model_evaluation,modelling,162,medium,2,77295,77801,standard,task_002666,repo
task_002668,proj_00291,"First collect the SARIMA model results, then prepare a one-page summary for management.",sales_forecasting,reporting_documentation,reporting,161,low,1,78308,79831,multi_step,task_002667,repo
task_002669,proj_00292,"Request access to the new source, then pull an initial extract into the clickstream dataset.",recommendation_system,data_collection,data_preparation,100,low,1,13492,13917,multi_step,,repo
task_002670,proj_00292,Resolve inconsistent entries in the clickstream dataset without dropping any rows.,recommendation_system,data_cleaning,data_preparation,33,high,3,13597,13709,negation,task_002669,repo
task_002671,proj_00292,Compare category preference distributions across different segments of the clickstream dataset.,recommendation_system,exploratory_data_analysis,analysis,151,medium,2,14468,14816,standard,task_002670,repo
task_002672,proj_00292,Finalise the feature set to be used by the two-tower neural network.,recommendation_system,feature_engineering,analysis,294,low,1,15357,16026,standard,task_002671,repo
task_002673,proj_00292,Fit the two-tower neural network on the prepared clickstream dataset.,recommendation_system,model_training,modelling,195,high,3,15706,15947,standard,task_002672,repo
task_002674,proj_00292,"First reproduce the reported two-tower neural network metrics, then investigate the drop in recall.",recommendation_system,model_evaluation,modelling,72,high,3,16169,16397,multi_step,task_002673,repo
task_002675,proj_00292,Establishing a baseline two-tower neural network for purchase likelihood prediction.,recommendation_system,model_training,modelling,295,high,3,16417,16829,standard,task_002674,repo
task_002676,proj_00292,Compare the two-tower neural network against the previous version without retraining either of them.,recommendation_system,model_evaluation,modelling,150,high,3,17695,17941,negation,task_002675,repo
task_002677,proj_00292,Write up the purchase likelihood results without waiting for the final two-tower neural network run.,recommendation_system,reporting_documentation,reporting,113,medium,2,18891,19465,negation,task_002676,repo
task_002678,proj_00292,Resolve a data freshness issue affecting the clickstream dataset.,recommendation_system,data_pipeline_maintenance,infrastructure,43,high,3,31673,31857,standard,,repo
task_002679,proj_00292,Refactor the ingestion pipeline for the clickstream dataset to reduce runtime.,recommendation_system,data_pipeline_maintenance,infrastructure,57,high,3,28053,28216,standard,,repo
task_002680,proj_00293,Merge multiple data extracts into a single borrower repayment dataset.,credit_scoring,data_collection,data_preparation,93,low,1,73218,73864,standard,,repo
task_002681,proj_00293,Half the rows in the borrower repayment dataset don't look right.,credit_scoring,data_cleaning,data_preparation,122,medium,2,73434,73880,ambiguous,task_002680,repo
task_002682,proj_00293,Assess class imbalance in creditworthiness without resampling the borrower repayment dataset at this stage.,credit_scoring,exploratory_data_analysis,analysis,121,low,1,74307,75000,negation,task_002681,repo
task_002683,proj_00293,The inputs to the logistic regression model need rethinking.,credit_scoring,feature_engineering,analysis,297,medium,2,75598,76175,ambiguous,task_002682,repo
task_002684,proj_00293,"First fit the logistic regression model on a sample, then run the full training on the borrower repayment dataset.",credit_scoring,model_training,modelling,267,high,3,75729,76065,multi_step,task_002683,repo
task_002685,proj_00293,Check whether the logistic regression model is actually any good on creditworthiness.,credit_scoring,model_evaluation,modelling,37,medium,2,76592,76938,ambiguous,task_002684,repo
task_002686,proj_00293,Summarise the logistic regression model results for management without including technical detail.,credit_scoring,reporting_documentation,reporting,90,low,1,76849,78186,negation,task_002685,repo
task_002687,proj_00293,Add monitoring for a recurring failure in the borrower repayment dataset pipeline.,credit_scoring,data_pipeline_maintenance,infrastructure,66,medium,2,92027,92333,standard,,repo
task_002688,proj_00293,Resolve a data freshness issue affecting the borrower repayment dataset.,credit_scoring,data_pipeline_maintenance,infrastructure,93,high,3,82132,82341,standard,,repo
task_002689,proj_00293,Fix the failing borrower repayment dataset job without taking the pipeline offline.,credit_scoring,data_pipeline_maintenance,infrastructure,90,medium,2,77962,78214,negation,,repo
task_002690,proj_00294,Collect raw data for the transaction dataset from the source system.,fraud_detection,data_collection,data_preparation,150,low,1,20028,20691,standard,,repo
task_002691,proj_00294,Clean the transaction dataset for fraudulent transactions modelling without altering the original source files.,fraud_detection,data_cleaning,data_preparation,203,medium,2,20639,21320,negation,task_002690,repo
task_002692,proj_00294,Normalise and scale transaction amount ahead of model training.,fraud_detection,feature_engineering,analysis,70,low,1,21385,22329,standard,task_002691,repo
task_002693,proj_00294,Retrain the autoencoder model after incorporating the new features.,fraud_detection,model_training,modelling,79,high,3,22076,22206,standard,task_002692,repo
task_002694,proj_00294,Evaluate the autoencoder model on a held-out split of the transaction dataset.,fraud_detection,model_evaluation,modelling,79,high,3,22171,22380,standard,task_002693,repo
task_002695,proj_00294,Draft release notes describing changes to the autoencoder model pipeline.,fraud_detection,reporting_documentation,reporting,98,medium,2,23190,23723,standard,task_002694,repo
task_002696,proj_00295,Merge multiple data extracts into a single firewall logs dataset.,network_intrusion_detection,data_collection,data_preparation,102,low,1,66323,67358,standard,,repo
task_002697,proj_00295,Fixing encoding issues in the firewall logs dataset before further processing.,network_intrusion_detection,data_cleaning,data_preparation,207,medium,2,67699,68257,standard,task_002696,repo
task_002698,proj_00295,"There's something odd in the firewall logs dataset, can't put my finger on it.",network_intrusion_detection,exploratory_data_analysis,analysis,123,low,1,68448,69632,ambiguous,task_002697,repo
task_002699,proj_00295,Test whether adding packet size-derived features improves signal for intrusion type.,network_intrusion_detection,feature_engineering,analysis,263,high,3,69319,69691,standard,task_002698,repo
task_002700,proj_00295,Fit the random forest classifier on the firewall logs dataset without using the packet size column.,network_intrusion_detection,model_training,modelling,167,medium,2,70698,71061,negation,task_002699,repo
task_002701,proj_00295,"Compute precision, recall and F1 for intrusion type predictions.",network_intrusion_detection,model_evaluation,modelling,50,low,1,71030,71561,standard,task_002700,repo
task_002702,proj_00295,Retrain the random forest classifier after incorporating the new features.,network_intrusion_detection,model_training,modelling,289,low,1,71347,72026,standard,task_002701,repo
task_002703,proj_00295,Validate the random forest classifier without touching the held-out test split.,network_intrusion_detection,model_evaluation,modelling,111,medium,2,71940,72417,negation,task_002702,repo
task_002704,proj_00295,"First collect the random forest classifier results, then prepare a one-page summary for management.",network_intrusion_detection,reporting_documentation,reporting,61,high,3,72846,73078,multi_step,task_002703,repo
task_002705,proj_00295,"The firewall logs dataset numbers look stale, find out why.",network_intrusion_detection,data_pipeline_maintenance,infrastructure,98,low,1,71939,72597,ambiguous,,repo
task_002706,proj_00295,Add monitoring for a recurring failure in the firewall logs dataset pipeline.,network_intrusion_detection,data_pipeline_maintenance,infrastructure,59,low,1,77871,78234,standard,,repo
task_002707,proj_00296,Retrieving additional records is required to complete the intrusion detection dataset.,network_intrusion_detection,data_collection,data_preparation,113,medium,2,43347,43796,standard,,repo
task_002708,proj_00296,Treat the outliers in byte rate without imputing any values.,network_intrusion_detection,data_cleaning,data_preparation,222,medium,2,44710,45410,negation,task_002707,repo
task_002709,proj_00296,Explore the distribution of byte rate in the intrusion detection dataset.,network_intrusion_detection,exploratory_data_analysis,analysis,87,high,3,45101,45324,standard,task_002708,repo
task_002710,proj_00296,The inputs to the random forest classifier need rethinking.,network_intrusion_detection,feature_engineering,analysis,284,high,3,45306,45657,ambiguous,task_002709,repo
task_002711,proj_00296,Run cross-validation while training the random forest classifier on the intrusion detection dataset.,network_intrusion_detection,model_training,modelling,182,medium,2,45407,45962,standard,task_002710,repo
task_002712,proj_00296,Validate the random forest classifier on out-of-time data before deployment.,network_intrusion_detection,model_evaluation,modelling,76,medium,2,45991,46191,standard,task_002711,repo
task_002713,proj_00296,"Draft the intrusion type findings first, then turn them into slides for stakeholders.",network_intrusion_detection,reporting_documentation,reporting,117,medium,2,47299,47726,multi_step,task_002712,repo
task_002714,proj_00296,Patch a schema change that broke the intrusion detection dataset pipeline.,network_intrusion_detection,data_pipeline_maintenance,infrastructure,76,high,3,42501,42735,standard,,repo
task_002715,proj_00296,Add monitoring for a recurring failure in the intrusion detection dataset pipeline.,network_intrusion_detection,data_pipeline_maintenance,infrastructure,33,medium,2,49021,49511,standard,,repo
task_002716,proj_00297,Gather historical records to build the firewall logs dataset.,network_intrusion_detection,data_collection,data_preparation,146,high,3,26681,26997,standard,,repo
task_002717,proj_00297,"The firewall logs dataset looks messy again, deal with it.",network_intrusion_detection,data_cleaning,data_preparation,41,low,1,27290,27607,ambiguous,task_002716,repo
task_002718,proj_00297,Produce summary statistics and visualisations for the firewall logs dataset.,network_intrusion_detection,exploratory_data_analysis,analysis,166,high,3,28139,28441,standard,task_002717,repo
task_002719,proj_00297,Test whether adding protocol type-derived features improves signal for anomaly score.,network_intrusion_detection,feature_engineering,analysis,296,medium,2,29103,29821,standard,task_002718,repo
task_002720,proj_00297,"The gradient boosting model isn't picking anything up, have a go at it.",network_intrusion_detection,model_training,modelling,195,medium,2,29574,30222,ambiguous,task_002719,repo
task_002721,proj_00297,Investigate a drop in gradient boosting model recall after the last firewall logs dataset update.,network_intrusion_detection,model_evaluation,modelling,178,medium,2,29668,30101,standard,task_002720,repo
task_002722,proj_00297,Put together whatever we have on the firewall logs dataset for the handover.,network_intrusion_detection,reporting_documentation,reporting,88,low,1,29691,30939,ambiguous,task_002721,repo
task_002723,proj_00297,Investigate a failed run in the firewall logs dataset ingestion pipeline.,network_intrusion_detection,data_pipeline_maintenance,infrastructure,70,low,1,38784,39249,standard,,repo
task_002724,proj_00298,Gather historical records to build the experiment exposure dataset.,ab_testing_analysis,data_collection,data_preparation,157,high,3,41378,41619,standard,,repo
task_002725,proj_00298,Resolve inconsistent entries in the experiment exposure dataset without dropping any rows.,ab_testing_analysis,data_cleaning,data_preparation,229,low,1,42486,43435,negation,task_002724,repo
task_002726,proj_00298,Reduce the dimensionality of the experiment exposure dataset without discarding variance reduction covariate.,ab_testing_analysis,feature_engineering,analysis,105,medium,2,43297,43624,negation,task_002725,repo
task_002727,proj_00298,"First fit the difference-in-differences model on a sample, then run the full training on the experiment exposure dataset.",ab_testing_analysis,model_training,modelling,100,medium,2,43341,43686,multi_step,task_002726,repo
task_002728,proj_00298,Evaluate the difference-in-differences model on a held-out split of the experiment exposure dataset.,ab_testing_analysis,model_evaluation,modelling,55,low,1,44338,45161,standard,task_002727,repo
task_002729,proj_00298,Summarise the difference-in-differences model results for management without including technical detail.,ab_testing_analysis,reporting_documentation,reporting,95,low,1,44699,45907,negation,task_002728,repo
task_002730,proj_00298,Resolve the freshness issue in the experiment exposure dataset without changing the ingestion schedule.,ab_testing_analysis,data_pipeline_maintenance,infrastructure,27,high,3,45504,45634,negation,,repo
task_002731,proj_00299,Validate that the catalogue image dataset covers the full required time range.,image_classification,data_collection,data_preparation,75,low,1,31548,32787,standard,,repo
task_002732,proj_00299,Detect and treat outliers in pixel intensity within the catalogue image dataset.,image_classification,data_cleaning,data_preparation,158,medium,2,32254,32805,standard,task_002731,repo
task_002733,proj_00299,"Whatever we did last time to the vision transformer model, do it again with the new data.",image_classification,model_training,modelling,122,medium,2,33221,33777,ambiguous,task_002732,repo
task_002734,proj_00299,Assessing whether the vision transformer model meets the required performance threshold.,image_classification,model_evaluation,modelling,121,high,3,33805,34046,standard,task_002733,repo
task_002735,proj_00299,Set up cross-validation and then fit the vision transformer model on the prepared catalogue image dataset.,image_classification,model_training,modelling,156,medium,2,34181,34585,multi_step,task_002734,repo
task_002736,proj_00299,Assessing whether the vision transformer model meets the required performance threshold.,image_classification,model_evaluation,modelling,46,low,1,34233,35219,standard,task_002735,repo
task_002737,proj_00299,Put together whatever we have on the catalogue image dataset for the handover.,image_classification,reporting_documentation,reporting,166,low,1,34576,35701,ambiguous,task_002736,repo
task_002738,proj_00300,Check where the store-level sales dataset is actually coming from.,sales_forecasting,data_collection,data_preparation,172,medium,2,9247,9737,ambiguous,,repo
task_002739,proj_00300,Clean the store-level sales dataset for product demand modelling without altering the original source files.,sales_forecasting,data_cleaning,data_preparation,80,high,3,9921,10040,negation,task_002738,repo
task_002740,proj_00300,Set up the training pipeline for the gradient boosting regressor.,sales_forecasting,model_training,modelling,61,medium,2,10863,11052,standard,task_002739,repo
task_002741,proj_00300,Compare the gradient boosting regressor against the previous version without retraining either of them.,sales_forecasting,model_evaluation,modelling,116,medium,2,12239,12478,negation,task_002740,repo
task_002742,proj_00300,They want something on product demand for tomorrow.,sales_forecasting,reporting_documentation,reporting,51,low,1,12899,13386,ambiguous,task_002741,repo
task_002743,proj_00301,Extract records for the patient records dataset without pulling any personally identifiable fields.,healthcare_readmission,data_collection,data_preparation,167,medium,2,42076,42513,negation,,repo
task_002744,proj_00301,Detect and treat outliers in lab results within the patient records dataset.,healthcare_readmission,data_cleaning,data_preparation,44,high,3,42170,42279,standard,task_002743,repo
task_002745,proj_00301,Finalise the feature set to be used by the logistic regression model.,healthcare_readmission,feature_engineering,analysis,268,medium,2,43610,44076,standard,task_002744,repo
task_002746,proj_00301,Fit the logistic regression model on the patient records dataset without using the lab results column.,healthcare_readmission,model_training,modelling,270,high,3,44199,44634,negation,task_002745,repo
task_002747,proj_00301,Assessing whether the logistic regression model meets the required performance threshold.,healthcare_readmission,model_evaluation,modelling,157,medium,2,44959,45389,standard,task_002746,repo
task_002748,proj_00301,Document the data preparation steps applied to the patient records dataset.,healthcare_readmission,reporting_documentation,reporting,36,high,3,45807,45956,standard,task_002747,repo
task_002749,proj_00301,Reviewing pipeline logs after an unexpected failure.,healthcare_readmission,data_pipeline_maintenance,infrastructure,82,medium,2,44607,44860,standard,,repo
task_002750,proj_00302,Merge multiple data extracts into a single historical sales dataset.,sales_forecasting,data_collection,data_preparation,42,low,1,76489,77897,standard,,repo
task_002751,proj_00302,Remove duplicate records from the historical sales dataset.,sales_forecasting,data_cleaning,data_preparation,237,medium,2,77612,78264,standard,task_002750,repo
task_002752,proj_00302,Examine store location in the historical sales dataset without assuming a normal distribution.,sales_forecasting,exploratory_data_analysis,analysis,186,medium,2,79041,79398,negation,task_002751,repo
task_002753,proj_00302,Fit the SARIMA model on the prepared historical sales dataset.,sales_forecasting,model_training,modelling,219,high,3,79882,80238,standard,task_002752,repo
task_002754,proj_00302,Validate the SARIMA model without touching the held-out test split.,sales_forecasting,model_evaluation,modelling,98,high,3,80087,80250,negation,task_002753,repo
task_002755,proj_00302,Draft release notes describing changes to the SARIMA model pipeline.,sales_forecasting,reporting_documentation,reporting,180,low,1,80242,81638,standard,task_002754,repo
task_002756,proj_00303,Gather the missing records for the credit bureau dataset without hitting production directly.,credit_scoring,data_collection,data_preparation,73,low,1,32632,34110,negation,,repo
task_002757,proj_00303,Clean missing values in the credit bureau dataset before training the scorecard model.,credit_scoring,data_cleaning,data_preparation,150,low,1,32859,33508,standard,task_002756,repo
task_002758,proj_00303,"There's something odd in the credit bureau dataset, can't put my finger on it.",credit_scoring,exploratory_data_analysis,analysis,106,high,3,33220,33357,ambiguous,task_002757,repo
task_002759,proj_00303,"credit utilisation on its own isn't telling us much, work on it.",credit_scoring,feature_engineering,analysis,284,low,1,34630,35538,ambiguous,task_002758,repo
task_002760,proj_00303,Fine-tune the scorecard model on a recent snapshot of the credit bureau dataset.,credit_scoring,model_training,modelling,90,medium,2,35653,36176,standard,task_002759,repo
task_002761,proj_00303,"Score the scorecard model on the held-out split, then run an error analysis on the failures.",credit_scoring,model_evaluation,modelling,79,high,3,37033,37216,multi_step,task_002760,repo
task_002762,proj_00303,Summarise key findings from the creditworthiness analysis for the team.,credit_scoring,reporting_documentation,reporting,133,high,3,37753,38021,standard,task_002761,repo
task_002763,proj_00303,Resolve a data freshness issue affecting the credit bureau dataset.,credit_scoring,data_pipeline_maintenance,infrastructure,93,high,3,41276,41430,standard,,repo
task_002764,proj_00303,Refactor the ingestion pipeline for the credit bureau dataset to reduce runtime.,credit_scoring,data_pipeline_maintenance,infrastructure,97,medium,2,46219,46436,standard,,repo
task_002765,proj_00304,Merge multiple data extracts into a single credit card transactions dataset.,fraud_detection,data_collection,data_preparation,63,medium,2,76308,76609,standard,,repo
task_002766,proj_00304,Handle missing observations in the credit card transactions dataset to prepare it for fraud risk modelling.,fraud_detection,data_cleaning,data_preparation,217,low,1,76834,78099,standard,task_002765,repo
task_002767,proj_00304,Compare transaction frequency distributions across different segments of the credit card transactions dataset.,fraud_detection,exploratory_data_analysis,analysis,115,high,3,77121,77413,standard,task_002766,repo
task_002768,proj_00304,Generate embeddings to represent transaction frequency for the isolation forest model.,fraud_detection,feature_engineering,analysis,243,low,1,77141,77652,standard,task_002767,repo
task_002769,proj_00304,Retrain the isolation forest model after incorporating the new features.,fraud_detection,model_training,modelling,234,medium,2,78002,78429,standard,task_002768,repo
task_002770,proj_00304,Compare the isolation forest model against a previous version on the credit card transactions dataset.,fraud_detection,model_evaluation,modelling,124,medium,2,78318,78772,standard,task_002769,repo
task_002771,proj_00304,Put together whatever we have on the credit card transactions dataset for the handover.,fraud_detection,reporting_documentation,reporting,100,low,1,79108,79860,ambiguous,task_002770,repo
task_002772,proj_00304,"Check the pipeline logs, then patch the schema change that broke the credit card transactions dataset ingestion.",fraud_detection,data_pipeline_maintenance,infrastructure,60,low,1,82823,83620,multi_step,,repo
task_002773,proj_00305,Extract records for the credit bureau dataset without pulling any personally identifiable fields.,credit_scoring,data_collection,data_preparation,82,low,1,61216,62126,negation,,repo
task_002774,proj_00305,Resolve inconsistent entries in the credit bureau dataset without dropping any rows.,credit_scoring,data_cleaning,data_preparation,101,low,1,61519,61888,negation,task_002773,repo
task_002775,proj_00305,"There's something odd in the credit bureau dataset, can't put my finger on it.",credit_scoring,exploratory_data_analysis,analysis,61,medium,2,62503,62862,ambiguous,task_002774,repo
task_002776,proj_00305,Test whether adding credit utilisation-derived features improves signal for creditworthiness.,credit_scoring,feature_engineering,analysis,175,low,1,63138,64117,standard,task_002775,repo
task_002777,proj_00305,Set up cross-validation and then fit the XGBoost model on the prepared credit bureau dataset.,credit_scoring,model_training,modelling,198,low,1,64129,65018,multi_step,task_002776,repo
task_002778,proj_00305,Run an error analysis on the XGBoost model predictions for creditworthiness.,credit_scoring,model_evaluation,modelling,34,high,3,65041,65229,standard,task_002777,repo
task_002779,proj_00305,Fine-tune the XGBoost model on a recent snapshot of the credit bureau dataset.,credit_scoring,model_training,modelling,342,medium,2,65843,66379,standard,task_002778,repo
task_002780,proj_00305,Produce a confusion matrix summarising XGBoost model performance on creditworthiness.,credit_scoring,model_evaluation,modelling,124,medium,2,66082,66679,standard,task_002779,repo
task_002781,proj_00305,Finalise documentation before closing out the creditworthiness project.,credit_scoring,reporting_documentation,reporting,162,medium,2,66299,66787,standard,task_002780,repo
task_002782,proj_00306,"The payments dataset doesn't go back far enough, see what you can do.",fraud_detection,data_collection,data_preparation,76,medium,2,74141,74607,ambiguous,,repo
task_002783,proj_00306,Standardise column formats across the payments dataset.,fraud_detection,data_cleaning,data_preparation,35,medium,2,74162,74670,standard,task_002782,repo
task_002784,proj_00306,"Compute summary statistics for the payments dataset, then visualise how fraudulent transactions moves over time.",fraud_detection,exploratory_data_analysis,analysis,190,low,1,75311,76726,multi_step,task_002783,repo
task_002785,proj_00306,Training a isolation forest model from scratch on the updated payments dataset.,fraud_detection,model_training,modelling,115,high,3,75722,75975,standard,task_002784,repo
task_002786,proj_00306,Produce a confusion matrix summarising isolation forest model performance on fraudulent transactions.,fraud_detection,model_evaluation,modelling,180,low,1,76251,77494,standard,task_002785,repo
task_002787,proj_00306,"Draft the fraudulent transactions findings first, then turn them into slides for stakeholders.",fraud_detection,reporting_documentation,reporting,54,low,1,77637,78332,multi_step,task_002786,repo
task_002788,proj_00306,Fix a broken scheduled job feeding the payments dataset.,fraud_detection,data_pipeline_maintenance,infrastructure,58,medium,2,83510,83811,standard,,repo
task_002789,proj_00307,Gather historical records to build the warehouse inventory dataset.,supply_chain_optimisation,data_collection,data_preparation,82,low,1,31173,32590,standard,,repo
task_002790,proj_00307,Detect and treat outliers in supplier reliability within the warehouse inventory dataset.,supply_chain_optimisation,data_cleaning,data_preparation,204,high,3,31336,31710,standard,task_002789,repo
task_002791,proj_00307,Identify data quality issues that could affect stock-out risk prediction.,supply_chain_optimisation,exploratory_data_analysis,analysis,101,medium,2,32254,32586,standard,task_002790,repo
task_002792,proj_00307,Retrain the gradient boosting regressor after incorporating the new features.,supply_chain_optimisation,model_training,modelling,78,medium,2,33028,33526,standard,task_002791,repo
task_002793,proj_00307,Compare the gradient boosting regressor against a previous version on the warehouse inventory dataset.,supply_chain_optimisation,model_evaluation,modelling,101,high,3,33880,34126,standard,task_002792,repo
task_002794,proj_00307,Establishing a baseline gradient boosting regressor for stock-out risk prediction.,supply_chain_optimisation,model_training,modelling,234,high,3,34323,34617,standard,task_002793,repo
task_002795,proj_00307,Produce a confusion matrix summarising gradient boosting regressor performance on stock-out risk.,supply_chain_optimisation,model_evaluation,modelling,167,high,3,34529,34787,standard,task_002794,repo
task_002796,proj_00307,Nobody knows how the gradient boosting regressor works — fix that.,supply_chain_optimisation,reporting_documentation,reporting,100,medium,2,34634,35190,ambiguous,task_002795,repo
task_002797,proj_00308,"First query the production database, then consolidate the extracts into the employee survey dataset.",employee_attrition,data_collection,data_preparation,121,medium,2,901,1426,multi_step,,repo
task_002798,proj_00308,Fixing encoding issues in the employee survey dataset before further processing.,employee_attrition,data_cleaning,data_preparation,36,medium,2,2341,2818,standard,task_002797,repo
task_002799,proj_00308,Engineer new features from compensation band to improve employee attrition prediction.,employee_attrition,feature_engineering,analysis,230,low,1,3526,4348,standard,task_002798,repo
task_002800,proj_00308,Fine-tune the gradient boosting model on a recent snapshot of the employee survey dataset.,employee_attrition,model_training,modelling,83,high,3,3862,4025,standard,task_002799,repo
task_002801,proj_00308,Validate the gradient boosting model on out-of-time data before deployment.,employee_attrition,model_evaluation,modelling,63,medium,2,4305,4519,standard,task_002800,repo
task_002802,proj_00308,"The gradient boosting model isn't picking anything up, have a go at it.",employee_attrition,model_training,modelling,175,high,3,5675,5888,ambiguous,task_002801,repo
task_002803,proj_00308,Validate the gradient boosting model on out-of-time data before deployment.,employee_attrition,model_evaluation,modelling,123,high,3,5931,6160,standard,task_002802,repo
task_002804,proj_00308,"First fit the gradient boosting model on a sample, then run the full training on the employee survey dataset.",employee_attrition,model_training,modelling,138,high,3,7352,7560,multi_step,task_002803,repo
task_002805,proj_00308,"Score the gradient boosting model on the held-out split, then run an error analysis on the failures.",employee_attrition,model_evaluation,modelling,31,low,1,8337,8679,multi_step,task_002804,repo
task_002806,proj_00308,Document known limitations of the current gradient boosting model.,employee_attrition,reporting_documentation,reporting,137,low,1,9443,10142,standard,task_002805,repo
task_002807,proj_00308,Reviewing pipeline logs after an unexpected failure.,employee_attrition,data_pipeline_maintenance,infrastructure,68,low,1,2411,3188,standard,,repo
task_002808,proj_00309,Requesting access to a new data source needed for the internal reports dataset.,text_summarisation,data_collection,data_preparation,144,low,1,71208,72503,standard,,repo
task_002809,proj_00309,Treat the outliers in keyword frequency without imputing any values.,text_summarisation,data_cleaning,data_preparation,96,medium,2,71794,72020,negation,task_002808,repo
task_002810,proj_00309,"Profile the internal reports dataset first, then investigate how keyword frequency relates to key topic extraction.",text_summarisation,exploratory_data_analysis,analysis,120,low,1,72210,73666,multi_step,task_002809,repo
task_002811,proj_00309,Establishing a baseline topic model for key topic extraction prediction.,text_summarisation,model_training,modelling,357,low,1,73177,74033,standard,task_002810,repo
task_002812,proj_00309,Investigate a drop in topic model recall after the last internal reports dataset update.,text_summarisation,model_evaluation,modelling,166,high,3,73302,73526,standard,task_002811,repo
task_002813,proj_00309,Nobody knows how the topic model works — fix that.,text_summarisation,reporting_documentation,reporting,131,high,3,74464,74773,ambiguous,task_002812,repo
task_002814,proj_00309,The internal reports dataset pipeline has been flaky all week.,text_summarisation,data_pipeline_maintenance,infrastructure,38,medium,2,71572,71848,ambiguous,,repo
task_002815,proj_00310,Gather the missing records for the A/B test results dataset without hitting production directly.,ab_testing_analysis,data_collection,data_preparation,170,low,1,34582,35357,negation,,repo
task_002816,proj_00310,"First fix the encoding issues in the A/B test results dataset, then reconcile the mismatched identifiers.",ab_testing_analysis,data_cleaning,data_preparation,155,high,3,34687,34924,multi_step,task_002815,repo
task_002817,proj_00310,Test whether adding exposure group-derived features improves signal for conversion rate uplift.,ab_testing_analysis,feature_engineering,analysis,238,medium,2,34988,35611,standard,task_002816,repo
task_002818,proj_00310,"The Bayesian A/B testing model isn't picking anything up, have a go at it.",ab_testing_analysis,model_training,modelling,96,medium,2,35305,35845,ambiguous,task_002817,repo
task_002819,proj_00310,Assessing whether the Bayesian A/B testing model meets the required performance threshold.,ab_testing_analysis,model_evaluation,modelling,112,medium,2,36439,37019,standard,task_002818,repo
task_002820,proj_00310,Fit the Bayesian A/B testing model on the A/B test results dataset without using the exposure group column.,ab_testing_analysis,model_training,modelling,75,low,1,37019,37357,negation,task_002819,repo
task_002821,proj_00310,Evaluate the Bayesian A/B testing model on a held-out split of the A/B test results dataset.,ab_testing_analysis,model_evaluation,modelling,37,low,1,37089,37703,standard,task_002820,repo
task_002822,proj_00310,Updating the project README with the latest A/B test results dataset schema.,ab_testing_analysis,reporting_documentation,reporting,51,medium,2,38408,38825,standard,task_002821,repo
task_002823,proj_00311,Gather the missing records for the borrower repayment dataset without hitting production directly.,credit_scoring,data_collection,data_preparation,127,medium,2,20369,20874,negation,,repo
task_002824,proj_00311,Resolve inconsistent entries in the borrower repayment dataset without dropping any rows.,credit_scoring,data_cleaning,data_preparation,222,low,1,21706,22494,negation,task_002823,repo
task_002825,proj_00311,Identify data quality issues that could affect repayment probability prediction.,credit_scoring,exploratory_data_analysis,analysis,198,medium,2,21895,22489,standard,task_002824,repo
task_002826,proj_00311,Improve signal for repayment probability without adding features derived from credit utilisation.,credit_scoring,feature_engineering,analysis,185,medium,2,22886,23230,negation,task_002825,repo
task_002827,proj_00311,Training a XGBoost model from scratch on the updated borrower repayment dataset.,credit_scoring,model_training,modelling,207,medium,2,23209,23557,standard,task_002826,repo
task_002828,proj_00311,"Score the XGBoost model on the held-out split, then run an error analysis on the failures.",credit_scoring,model_evaluation,modelling,150,low,1,23867,25147,multi_step,task_002827,repo
task_002829,proj_00311,Document the data preparation steps applied to the borrower repayment dataset.,credit_scoring,reporting_documentation,reporting,41,medium,2,24839,25001,standard,task_002828,repo
task_002830,proj_00311,"Check the pipeline logs, then patch the schema change that broke the borrower repayment dataset ingestion.",credit_scoring,data_pipeline_maintenance,infrastructure,59,medium,2,27679,27903,multi_step,,repo
task_002831,proj_00311,The borrower repayment dataset pipeline has been flaky all week.,credit_scoring,data_pipeline_maintenance,infrastructure,50,medium,2,31475,31852,ambiguous,,repo
task_002832,proj_00312,Gather historical records to build the maintenance records dataset.,predictive_maintenance,data_collection,data_preparation,123,low,1,49808,50519,standard,,repo
task_002833,proj_00312,Deduplicate the maintenance records dataset and then standardise the sensor drift column formats.,predictive_maintenance,data_cleaning,data_preparation,216,low,1,51004,51540,multi_step,task_002832,repo
task_002834,proj_00312,The inputs to the random forest classifier need rethinking.,predictive_maintenance,feature_engineering,analysis,73,medium,2,52299,52615,ambiguous,task_002833,repo
task_002835,proj_00312,"The random forest classifier isn't picking anything up, have a go at it.",predictive_maintenance,model_training,modelling,241,high,3,53154,53429,ambiguous,task_002834,repo
task_002836,proj_00312,The random forest classifier was fine last month and now it isn't.,predictive_maintenance,model_evaluation,modelling,77,low,1,54447,54888,ambiguous,task_002835,repo
task_002837,proj_00312,Fit the random forest classifier on the prepared maintenance records dataset.,predictive_maintenance,model_training,modelling,122,high,3,55010,55226,standard,task_002836,repo
task_002838,proj_00312,Compare the random forest classifier against a previous version on the maintenance records dataset.,predictive_maintenance,model_evaluation,modelling,172,high,3,56107,56310,standard,task_002837,repo
task_002839,proj_00312,Debug a training failure encountered while fitting the random forest classifier.,predictive_maintenance,model_training,modelling,150,medium,2,56657,57169,standard,task_002838,repo
task_002840,proj_00312,Investigate a drop in random forest classifier recall after the last maintenance records dataset update.,predictive_maintenance,model_evaluation,modelling,162,low,1,57692,58478,standard,task_002839,repo
task_002841,proj_00312,Updating the project README with the latest maintenance records dataset schema.,predictive_maintenance,reporting_documentation,reporting,132,low,1,58789,59478,standard,task_002840,repo
task_002842,proj_00313,Extract records for the purchase history dataset without pulling any personally identifiable fields.,recommendation_system,data_collection,data_preparation,70,low,1,41153,42322,negation,,repo
task_002843,proj_00313,Clean the purchase history dataset for purchase likelihood modelling without altering the original source files.,recommendation_system,data_cleaning,data_preparation,214,medium,2,41435,42039,negation,task_002842,repo
task_002844,proj_00313,Compare session length distributions across different segments of the purchase history dataset.,recommendation_system,exploratory_data_analysis,analysis,71,low,1,42332,43158,standard,task_002843,repo
task_002845,proj_00313,See if we can squeeze more out of session length for purchase likelihood.,recommendation_system,feature_engineering,analysis,283,low,1,42515,43837,ambiguous,task_002844,repo
task_002846,proj_00313,Set up cross-validation and then fit the two-tower neural network on the prepared purchase history dataset.,recommendation_system,model_training,modelling,140,medium,2,43127,43578,multi_step,task_002845,repo
task_002847,proj_00313,"Compute precision, recall and F1 for purchase likelihood predictions.",recommendation_system,model_evaluation,modelling,77,medium,2,43737,44051,standard,task_002846,repo
task_002848,proj_00313,"Draft the purchase likelihood findings first, then turn them into slides for stakeholders.",recommendation_system,reporting_documentation,reporting,117,medium,2,45135,45467,multi_step,task_002847,repo
task_002849,proj_00313,Investigate a failed run in the purchase history dataset ingestion pipeline.,recommendation_system,data_pipeline_maintenance,infrastructure,100,low,1,46584,47696,standard,,repo
task_002850,proj_00313,"First add monitoring for the recurring failure, then refactor the purchase history dataset ingestion.",recommendation_system,data_pipeline_maintenance,infrastructure,116,low,1,50387,51338,multi_step,,repo
task_002851,proj_00314,Retrieving additional records is required to complete the shipment tracking dataset.,supply_chain_optimisation,data_collection,data_preparation,149,medium,2,36795,37420,standard,,repo
task_002852,proj_00314,Treat the outliers in lead time without imputing any values.,supply_chain_optimisation,data_cleaning,data_preparation,39,low,1,36936,37332,negation,task_002851,repo
task_002853,proj_00314,Visualise trends in route efficiency over time using the shipment tracking dataset.,supply_chain_optimisation,exploratory_data_analysis,analysis,97,high,3,37547,37727,standard,task_002852,repo
task_002854,proj_00314,Generate embeddings to represent lead time for the random forest regressor.,supply_chain_optimisation,feature_engineering,analysis,272,medium,2,38289,38981,standard,task_002853,repo
task_002855,proj_00314,Retrain the random forest regressor after incorporating the new features.,supply_chain_optimisation,model_training,modelling,262,high,3,38949,39277,standard,task_002854,repo
task_002856,proj_00314,Assessing whether the random forest regressor meets the required performance threshold.,supply_chain_optimisation,model_evaluation,modelling,54,high,3,39173,39373,standard,task_002855,repo
task_002857,proj_00314,"The random forest regressor isn't picking anything up, have a go at it.",supply_chain_optimisation,model_training,modelling,123,medium,2,40265,40818,ambiguous,task_002856,repo
task_002858,proj_00314,Investigate a drop in random forest regressor recall after the last shipment tracking dataset update.,supply_chain_optimisation,model_evaluation,modelling,53,high,3,40686,40819,standard,task_002857,repo
task_002859,proj_00314,Write handover notes for the shipment tracking dataset project.,supply_chain_optimisation,reporting_documentation,reporting,64,low,1,41709,42674,standard,task_002858,repo
task_002860,proj_00314,"First add monitoring for the recurring failure, then refactor the shipment tracking dataset ingestion.",supply_chain_optimisation,data_pipeline_maintenance,infrastructure,19,high,3,37385,37455,multi_step,,repo
task_002861,proj_00315,"The workforce analytics dataset doesn't go back far enough, see what you can do.",employee_attrition,data_collection,data_preparation,32,low,1,54518,55168,ambiguous,,repo
task_002862,proj_00315,Clean missing values in the workforce analytics dataset before training the gradient boosting model.,employee_attrition,data_cleaning,data_preparation,237,low,1,54960,55655,standard,task_002861,repo
task_002863,proj_00315,"Compute summary statistics for the workforce analytics dataset, then visualise how resignation risk moves over time.",employee_attrition,exploratory_data_analysis,analysis,73,medium,2,55660,56158,multi_step,task_002862,repo
task_002864,proj_00315,Train a gradient boosting model to predict resignation risk using the workforce analytics dataset.,employee_attrition,model_training,modelling,185,high,3,56747,57047,standard,task_002863,repo
task_002865,proj_00315,Check whether the gradient boosting model is actually any good on resignation risk.,employee_attrition,model_evaluation,modelling,97,high,3,57729,57886,ambiguous,task_002864,repo
task_002866,proj_00315,Document the data preparation steps applied to the workforce analytics dataset.,employee_attrition,reporting_documentation,reporting,84,low,1,58594,59626,standard,task_002865,repo
task_002867,proj_00315,Monitor data quality alerts for the workforce analytics dataset pipeline.,employee_attrition,data_pipeline_maintenance,infrastructure,54,medium,2,55270,55507,standard,,repo
task_002868,proj_00316,Retrieving additional records is required to complete the firewall logs dataset.,network_intrusion_detection,data_collection,data_preparation,134,low,1,45020,45716,standard,,repo
task_002869,proj_00316,Half the rows in the firewall logs dataset don't look right.,network_intrusion_detection,data_cleaning,data_preparation,67,low,1,45476,46707,ambiguous,task_002868,repo
task_002870,proj_00316,Reduce the dimensionality of the firewall logs dataset without discarding protocol type.,network_intrusion_detection,feature_engineering,analysis,146,medium,2,46054,46367,negation,task_002869,repo
task_002871,proj_00316,Fit the gradient boosting model on the prepared firewall logs dataset.,network_intrusion_detection,model_training,modelling,210,low,1,46591,48138,standard,task_002870,repo
task_002872,proj_00316,"Compute precision, recall and F1 for anomaly score predictions.",network_intrusion_detection,model_evaluation,modelling,123,high,3,47440,47679,standard,task_002871,repo
task_002873,proj_00316,Give the gradient boosting model another run with the latest firewall logs dataset.,network_intrusion_detection,model_training,modelling,262,medium,2,47941,48346,ambiguous,task_002872,repo
task_002874,proj_00316,Compare the gradient boosting model against a previous version on the firewall logs dataset.,network_intrusion_detection,model_evaluation,modelling,59,high,3,49019,49217,standard,task_002873,repo
task_002875,proj_00316,Fit the gradient boosting model on the prepared firewall logs dataset.,network_intrusion_detection,model_training,modelling,158,high,3,49070,49272,standard,task_002874,repo
task_002876,proj_00316,Validate the gradient boosting model on out-of-time data before deployment.,network_intrusion_detection,model_evaluation,modelling,122,medium,2,50150,50703,standard,task_002875,repo
task_002877,proj_00316,Document the data preparation steps applied to the firewall logs dataset.,network_intrusion_detection,reporting_documentation,reporting,128,low,1,50346,51647,standard,task_002876,repo
task_002878,proj_00317,Scrape supplementary records to enrich the demand forecasting dataset.,sales_forecasting,data_collection,data_preparation,141,medium,2,57390,57899,standard,,repo
task_002879,proj_00317,Something's wrong with promotional calendar in the demand forecasting dataset.,sales_forecasting,data_cleaning,data_preparation,138,medium,2,58687,59274,ambiguous,task_002878,repo
task_002880,proj_00317,Compare promotional calendar distributions across different segments of the demand forecasting dataset.,sales_forecasting,exploratory_data_analysis,analysis,179,high,3,58994,59277,standard,task_002879,repo
task_002881,proj_00317,Deriving interaction terms between promotional calendar and other variables.,sales_forecasting,feature_engineering,analysis,121,medium,2,59091,59615,standard,task_002880,repo
task_002882,proj_00317,"Whatever we did last time to the gradient boosting regressor, do it again with the new data.",sales_forecasting,model_training,modelling,289,high,3,59116,59522,ambiguous,task_002881,repo
task_002883,proj_00317,Investigate a drop in gradient boosting regressor recall after the last demand forecasting dataset update.,sales_forecasting,model_evaluation,modelling,152,high,3,59742,60064,standard,task_002882,repo
task_002884,proj_00317,Run cross-validation while training the gradient boosting regressor on the demand forecasting dataset.,sales_forecasting,model_training,modelling,268,low,1,60839,61825,standard,task_002883,repo
task_002885,proj_00317,Compare the gradient boosting regressor against the previous version without retraining either of them.,sales_forecasting,model_evaluation,modelling,61,low,1,62175,63234,negation,task_002884,repo
task_002886,proj_00317,Document the data preparation steps applied to the demand forecasting dataset.,sales_forecasting,reporting_documentation,reporting,42,medium,2,63114,63565,standard,task_002885,repo
task_002887,proj_00318,Scrape supplementary records to enrich the experiment exposure dataset.,ab_testing_analysis,data_collection,data_preparation,133,medium,2,34663,35209,standard,,repo
task_002888,proj_00318,"First fix the encoding issues in the experiment exposure dataset, then reconcile the mismatched identifiers.",ab_testing_analysis,data_cleaning,data_preparation,226,medium,2,35955,36493,multi_step,task_002887,repo
task_002889,proj_00318,Examine conversion event in the experiment exposure dataset without assuming a normal distribution.,ab_testing_analysis,exploratory_data_analysis,analysis,186,medium,2,37315,37928,negation,task_002888,repo
task_002890,proj_00318,See if we can squeeze more out of conversion event for statistical significance.,ab_testing_analysis,feature_engineering,analysis,82,high,3,38714,38901,ambiguous,task_002889,repo
task_002891,proj_00318,Get a first statistical significance baseline without tuning the difference-in-differences model at all.,ab_testing_analysis,model_training,modelling,356,medium,2,39026,39793,negation,task_002890,repo
task_002892,proj_00318,Run an error analysis on the difference-in-differences model predictions for statistical significance.,ab_testing_analysis,model_evaluation,modelling,114,medium,2,39549,39933,standard,task_002891,repo
task_002893,proj_00318,Put together whatever we have on the experiment exposure dataset for the handover.,ab_testing_analysis,reporting_documentation,reporting,109,medium,2,39607,39935,ambiguous,task_002892,repo
task_002894,proj_00318,Patch a schema change that broke the experiment exposure dataset pipeline.,ab_testing_analysis,data_pipeline_maintenance,infrastructure,38,high,3,39693,39818,standard,,repo
task_002895,proj_00319,"Request access to the new source, then pull an initial extract into the product image dataset.",image_classification,data_collection,data_preparation,60,low,1,62326,63481,multi_step,,repo
task_002896,proj_00319,"The product image dataset looks messy again, deal with it.",image_classification,data_cleaning,data_preparation,74,medium,2,62403,62755,ambiguous,task_002895,repo
task_002897,proj_00319,Visualise trends in defect presence over time using the product image dataset.,image_classification,exploratory_data_analysis,analysis,178,medium,2,63568,64032,standard,task_002896,repo
task_002898,proj_00319,"Encode the categorical variables, then test whether they improve defect presence prediction.",image_classification,feature_engineering,analysis,226,low,1,64955,66486,multi_step,task_002897,repo
task_002899,proj_00319,Train a fine-tuned ResNet model to predict defect presence using the product image dataset.,image_classification,model_training,modelling,205,high,3,65253,65576,standard,task_002898,repo
task_002900,proj_00319,Compare the fine-tuned ResNet model against a previous version on the product image dataset.,image_classification,model_evaluation,modelling,66,high,3,66102,66342,standard,task_002899,repo
task_002901,proj_00319,"First collect the fine-tuned ResNet model results, then prepare a one-page summary for management.",image_classification,reporting_documentation,reporting,117,low,1,67366,68024,multi_step,task_002900,repo
task_002902,proj_00319,Resolve the freshness issue in the product image dataset without changing the ingestion schedule.,image_classification,data_pipeline_maintenance,infrastructure,84,medium,2,81343,81769,negation,,repo
task_002903,proj_00319,Monitor data quality alerts for the product image dataset pipeline.,image_classification,data_pipeline_maintenance,infrastructure,115,medium,2,70711,71239,standard,,repo
task_002904,proj_00319,Resolve the freshness issue in the product image dataset without changing the ingestion schedule.,image_classification,data_pipeline_maintenance,infrastructure,67,medium,2,74390,74687,negation,,repo
task_002905,proj_00320,Gather the missing records for the customer retention dataset without hitting production directly.,customer_churn,data_collection,data_preparation,60,low,1,69929,70622,negation,,repo
task_002906,proj_00320,Deduplicate the customer retention dataset and then standardise the tenure column formats.,customer_churn,data_cleaning,data_preparation,168,low,1,70490,71534,multi_step,task_002905,repo
task_002907,proj_00320,Summarising key findings from the exploratory analysis of the customer retention dataset.,customer_churn,exploratory_data_analysis,analysis,205,high,3,71547,71789,standard,task_002906,repo
task_002908,proj_00320,The inputs to the gradient boosting model need rethinking.,customer_churn,feature_engineering,analysis,252,low,1,71898,72403,ambiguous,task_002907,repo
task_002909,proj_00320,"Whatever we did last time to the gradient boosting model, do it again with the new data.",customer_churn,model_training,modelling,282,high,3,73280,73691,ambiguous,task_002908,repo
task_002910,proj_00320,"Compute precision, recall and F1 for subscription cancellation predictions.",customer_churn,model_evaluation,modelling,59,high,3,73423,73611,standard,task_002909,repo
task_002911,proj_00320,Set up the training pipeline for the gradient boosting model.,customer_churn,model_training,modelling,98,low,1,74469,75202,standard,task_002910,repo
task_002912,proj_00320,Validate the gradient boosting model without touching the held-out test split.,customer_churn,model_evaluation,modelling,36,low,1,75737,76148,negation,task_002911,repo
task_002913,proj_00320,Put together whatever we have on the customer retention dataset for the handover.,customer_churn,reporting_documentation,reporting,44,medium,2,76520,76826,ambiguous,task_002912,repo
task_002914,proj_00321,Pull the latest records and afterwards check the catalogue image dataset covers the full time range.,image_classification,data_collection,data_preparation,66,low,1,59435,60495,multi_step,,repo
task_002915,proj_00321,Reconcile mismatched identifiers between two versions of the catalogue image dataset.,image_classification,data_cleaning,data_preparation,99,low,1,59901,61254,standard,task_002914,repo
task_002916,proj_00321,See if we can squeeze more out of colour histogram for image quality label.,image_classification,feature_engineering,analysis,213,low,1,60818,61603,ambiguous,task_002915,repo
task_002917,proj_00321,"The convolutional neural network isn't picking anything up, have a go at it.",image_classification,model_training,modelling,131,high,3,60952,61218,ambiguous,task_002916,repo
task_002918,proj_00321,Run an error analysis on the convolutional neural network predictions for image quality label.,image_classification,model_evaluation,modelling,65,medium,2,62342,62811,standard,task_002917,repo
task_002919,proj_00321,Give the convolutional neural network another run with the latest catalogue image dataset.,image_classification,model_training,modelling,302,high,3,62545,62889,ambiguous,task_002918,repo
task_002920,proj_00321,Assessing whether the convolutional neural network meets the required performance threshold.,image_classification,model_evaluation,modelling,97,low,1,62889,64299,standard,task_002919,repo
task_002921,proj_00321,Finalise documentation before closing out the image quality label project.,image_classification,reporting_documentation,reporting,47,high,3,64285,64412,standard,task_002920,repo
task_002922,proj_00321,Resolve a data freshness issue affecting the catalogue image dataset.,image_classification,data_pipeline_maintenance,infrastructure,26,high,3,72978,73114,standard,,repo
task_002923,proj_00322,Collect raw data for the demand forecasting dataset from the source system.,sales_forecasting,data_collection,data_preparation,82,medium,2,11339,11625,standard,,repo
task_002924,proj_00322,Detect and treat outliers in store location within the demand forecasting dataset.,sales_forecasting,data_cleaning,data_preparation,50,medium,2,12742,12912,standard,task_002923,repo
task_002925,proj_00322,Check for seasonality patterns related to store location in the demand forecasting dataset.,sales_forecasting,exploratory_data_analysis,analysis,101,medium,2,13534,13876,standard,task_002924,repo
task_002926,proj_00322,Reduce the dimensionality of the demand forecasting dataset without discarding store location.,sales_forecasting,feature_engineering,analysis,93,medium,2,14600,15092,negation,task_002925,repo
task_002927,proj_00322,Get a first weekly sales volume baseline without tuning the gradient boosting regressor at all.,sales_forecasting,model_training,modelling,252,low,1,15789,16727,negation,task_002926,repo
task_002928,proj_00322,Assessing whether the gradient boosting regressor meets the required performance threshold.,sales_forecasting,model_evaluation,modelling,169,medium,2,16720,17144,standard,task_002927,repo
task_002929,proj_00322,Prepare slides presenting the gradient boosting regressor performance to stakeholders.,sales_forecasting,reporting_documentation,reporting,73,medium,2,17948,18306,standard,task_002928,repo
task_002930,proj_00323,Requesting access to a new data source needed for the clickstream dataset.,recommendation_system,data_collection,data_preparation,94,medium,2,31939,32356,standard,,repo
task_002931,proj_00323,Detect and treat outliers in item embeddings within the clickstream dataset.,recommendation_system,data_cleaning,data_preparation,66,high,3,32917,33140,standard,task_002930,repo
task_002932,proj_00323,"There's something odd in the clickstream dataset, can't put my finger on it.",recommendation_system,exploratory_data_analysis,analysis,88,high,3,34298,34435,ambiguous,task_002931,repo
task_002933,proj_00323,Training a two-tower neural network from scratch on the updated clickstream dataset.,recommendation_system,model_training,modelling,107,high,3,34341,34628,standard,task_002932,repo
task_002934,proj_00323,Check the two-tower neural network for fairness across segments of the clickstream dataset.,recommendation_system,model_evaluation,modelling,56,high,3,35454,35606,standard,task_002933,repo
task_002935,proj_00323,"First fit the two-tower neural network on a sample, then run the full training on the clickstream dataset.",recommendation_system,model_training,modelling,147,medium,2,36532,36973,multi_step,task_002934,repo
task_002936,proj_00323,"First reproduce the reported two-tower neural network metrics, then investigate the drop in recall.",recommendation_system,model_evaluation,modelling,89,high,3,37553,37731,multi_step,task_002935,repo
task_002937,proj_00323,Prepare a one-page summary of two-tower neural network results for management.,recommendation_system,reporting_documentation,reporting,59,medium,2,38672,38941,standard,task_002936,repo
task_002938,proj_00323,Investigate a failed run in the clickstream dataset ingestion pipeline.,recommendation_system,data_pipeline_maintenance,infrastructure,58,low,1,44382,45600,standard,,repo
task_002939,proj_00323,"The clickstream dataset numbers look stale, find out why.",recommendation_system,data_pipeline_maintenance,infrastructure,115,high,3,31749,32033,ambiguous,,repo
task_002940,proj_00324,"Request access to the new source, then pull an initial extract into the support tickets dataset.",text_summarisation,data_collection,data_preparation,162,medium,2,65570,65927,multi_step,,repo
task_002941,proj_00324,Clean the support tickets dataset for key topic extraction modelling without altering the original source files.,text_summarisation,data_cleaning,data_preparation,225,low,1,65616,67188,negation,task_002940,repo
task_002942,proj_00324,Produce summary statistics and visualisations for the support tickets dataset.,text_summarisation,exploratory_data_analysis,analysis,213,high,3,65925,66214,standard,task_002941,repo
task_002943,proj_00324,"Encode the categorical variables, then test whether they improve key topic extraction prediction.",text_summarisation,feature_engineering,analysis,143,medium,2,66398,66705,multi_step,task_002942,repo
task_002944,proj_00324,Get a first key topic extraction baseline without tuning the extractive summarisation pipeline at all.,text_summarisation,model_training,modelling,67,high,3,67218,67453,negation,task_002943,repo
task_002945,proj_00324,Compare the extractive summarisation pipeline against a previous version on the support tickets dataset.,text_summarisation,model_evaluation,modelling,97,medium,2,68149,68442,standard,task_002944,repo
task_002946,proj_00324,Put together whatever we have on the support tickets dataset for the handover.,text_summarisation,reporting_documentation,reporting,74,low,1,68313,69795,ambiguous,task_002945,repo
task_002947,proj_00324,"Check the pipeline logs, then patch the schema change that broke the support tickets dataset ingestion.",text_summarisation,data_pipeline_maintenance,infrastructure,73,high,3,75799,75912,multi_step,,repo
task_002948,proj_00325,Scrape supplementary records to enrich the shipment tracking dataset.,supply_chain_optimisation,data_collection,data_preparation,62,medium,2,71708,71909,standard,,repo
task_002949,proj_00325,Handle missing observations in the shipment tracking dataset to prepare it for route efficiency modelling.,supply_chain_optimisation,data_cleaning,data_preparation,184,medium,2,72400,72821,standard,task_002948,repo
task_002950,proj_00325,"First scale route distance, then check whether the random forest regressor still needs the interaction terms.",supply_chain_optimisation,feature_engineering,analysis,244,medium,2,73771,74489,multi_step,task_002949,repo
task_002951,proj_00325,"Whatever we did last time to the random forest regressor, do it again with the new data.",supply_chain_optimisation,model_training,modelling,209,high,3,74299,74614,ambiguous,task_002950,repo
task_002952,proj_00325,Validate the random forest regressor without touching the held-out test split.,supply_chain_optimisation,model_evaluation,modelling,161,medium,2,75554,75868,negation,task_002951,repo
task_002953,proj_00325,Updating the project README with the latest shipment tracking dataset schema.,supply_chain_optimisation,reporting_documentation,reporting,102,low,1,76894,78353,standard,task_002952,repo
task_002954,proj_00325,The shipment tracking dataset ingestion job fell over again last night.,supply_chain_optimisation,data_pipeline_maintenance,infrastructure,26,medium,2,72833,73070,ambiguous,,repo
task_002955,proj_00325,"Check the pipeline logs, then patch the schema change that broke the shipment tracking dataset ingestion.",supply_chain_optimisation,data_pipeline_maintenance,infrastructure,72,medium,2,79369,79661,multi_step,,repo
task_002956,proj_00325,Restart and verify the shipment tracking dataset pipeline after a maintenance window.,supply_chain_optimisation,data_pipeline_maintenance,infrastructure,18,high,3,89330,89493,standard,,repo
task_002957,proj_00326,"Request access to the new source, then pull an initial extract into the defect inspection image dataset.",image_classification,data_collection,data_preparation,168,low,1,70779,72363,multi_step,,repo
task_002958,proj_00326,Half the rows in the defect inspection image dataset don't look right.,image_classification,data_cleaning,data_preparation,157,medium,2,71687,72042,ambiguous,task_002957,repo
task_002959,proj_00326,Assess class imbalance in product category without resampling the defect inspection image dataset at this stage.,image_classification,exploratory_data_analysis,analysis,177,medium,2,71967,72516,negation,task_002958,repo
task_002960,proj_00326,Reduce the dimensionality of the defect inspection image dataset without discarding pixel intensity.,image_classification,feature_engineering,analysis,234,medium,2,72060,72618,negation,task_002959,repo
task_002961,proj_00326,Training a vision transformer model from scratch on the updated defect inspection image dataset.,image_classification,model_training,modelling,181,medium,2,73392,74049,standard,task_002960,repo
task_002962,proj_00326,Evaluate the vision transformer model on a held-out split of the defect inspection image dataset.,image_classification,model_evaluation,modelling,122,high,3,73958,74209,standard,task_002961,repo
task_002963,proj_00326,Write up the product category results without waiting for the final vision transformer model run.,image_classification,reporting_documentation,reporting,146,medium,2,74753,75034,negation,task_002962,repo
task_002964,proj_00327,"Request access to the new source, then pull an initial extract into the clickstream dataset.",recommendation_system,data_collection,data_preparation,80,low,1,61613,62535,multi_step,,repo
task_002965,proj_00327,Filter out invalid or corrupted rows from the clickstream dataset.,recommendation_system,data_cleaning,data_preparation,192,high,3,62008,62366,standard,task_002964,repo
task_002966,proj_00327,Summarising key findings from the exploratory analysis of the clickstream dataset.,recommendation_system,exploratory_data_analysis,analysis,145,high,3,63202,63433,standard,task_002965,repo
task_002967,proj_00327,Deriving interaction terms between session length and other variables.,recommendation_system,feature_engineering,analysis,147,medium,2,63615,64015,standard,task_002966,repo
task_002968,proj_00327,Fit the collaborative filtering model on the clickstream dataset without using the session length column.,recommendation_system,model_training,modelling,155,medium,2,63793,64240,negation,task_002967,repo
task_002969,proj_00327,Check the collaborative filtering model for fairness across segments of the clickstream dataset.,recommendation_system,model_evaluation,modelling,117,medium,2,64797,65328,standard,task_002968,repo
task_002970,proj_00327,Set up cross-validation and then fit the collaborative filtering model on the prepared clickstream dataset.,recommendation_system,model_training,modelling,173,high,3,65163,65422,multi_step,task_002969,repo
task_002971,proj_00327,The collaborative filtering model was fine last month and now it isn't.,recommendation_system,model_evaluation,modelling,124,low,1,65881,67278,ambiguous,task_002970,repo
task_002972,proj_00327,Set up cross-validation and then fit the collaborative filtering model on the prepared clickstream dataset.,recommendation_system,model_training,modelling,249,medium,2,66113,66812,multi_step,task_002971,repo
task_002973,proj_00327,The collaborative filtering model was fine last month and now it isn't.,recommendation_system,model_evaluation,modelling,97,high,3,67130,67400,ambiguous,task_002972,repo
task_002974,proj_00327,Document the data preparation steps applied to the clickstream dataset.,recommendation_system,reporting_documentation,reporting,112,medium,2,67809,68389,standard,task_002973,repo
task_002975,proj_00327,Resolve a data freshness issue affecting the clickstream dataset.,recommendation_system,data_pipeline_maintenance,infrastructure,15,low,1,68958,69458,standard,,repo
task_002976,proj_00327,Monitor data quality alerts for the clickstream dataset pipeline.,recommendation_system,data_pipeline_maintenance,infrastructure,29,high,3,77170,77352,standard,,repo
task_002977,proj_00328,Extract records for the user interaction dataset without pulling any personally identifiable fields.,recommendation_system,data_collection,data_preparation,52,low,1,28371,29592,negation,,repo
task_002978,proj_00328,Treat the outliers in session length without imputing any values.,recommendation_system,data_cleaning,data_preparation,113,low,1,28606,29402,negation,task_002977,repo
task_002979,proj_00328,Summarise the user interaction dataset without producing any new visualisations.,recommendation_system,exploratory_data_analysis,analysis,203,high,3,28976,29316,negation,task_002978,repo
task_002980,proj_00328,"session length on its own isn't telling us much, work on it.",recommendation_system,feature_engineering,analysis,84,low,1,29965,31161,ambiguous,task_002979,repo
task_002981,proj_00328,Fit the two-tower neural network on the user interaction dataset without using the session length column.,recommendation_system,model_training,modelling,83,low,1,30896,31763,negation,task_002980,repo
task_002982,proj_00328,Compare the two-tower neural network against a previous version on the user interaction dataset.,recommendation_system,model_evaluation,modelling,102,high,3,31217,31371,standard,task_002981,repo
task_002983,proj_00328,Get a first user click-through rate baseline without tuning the two-tower neural network at all.,recommendation_system,model_training,modelling,150,medium,2,31304,31889,negation,task_002982,repo
task_002984,proj_00328,Compare the two-tower neural network against a previous version on the user interaction dataset.,recommendation_system,model_evaluation,modelling,164,medium,2,32402,32716,standard,task_002983,repo
task_002985,proj_00328,Run cross-validation while training the two-tower neural network on the user interaction dataset.,recommendation_system,model_training,modelling,304,low,1,33656,34939,standard,task_002984,repo
task_002986,proj_00328,Investigate a drop in two-tower neural network recall after the last user interaction dataset update.,recommendation_system,model_evaluation,modelling,161,medium,2,33936,34395,standard,task_002985,repo
task_002987,proj_00328,Document known limitations of the current two-tower neural network.,recommendation_system,reporting_documentation,reporting,65,high,3,34774,35011,standard,task_002986,repo
task_002988,proj_00328,Fix a broken scheduled job feeding the user interaction dataset.,recommendation_system,data_pipeline_maintenance,infrastructure,56,high,3,41183,41418,standard,,repo
task_002989,proj_00328,"First add monitoring for the recurring failure, then refactor the user interaction dataset ingestion.",recommendation_system,data_pipeline_maintenance,infrastructure,116,high,3,44144,44427,multi_step,,repo
task_002990,proj_00328,Refactor the ingestion pipeline for the user interaction dataset to reduce runtime.,recommendation_system,data_pipeline_maintenance,infrastructure,53,high,3,42039,42157,standard,,repo
task_002991,proj_00329,Gather the missing records for the borrower repayment dataset without hitting production directly.,credit_scoring,data_collection,data_preparation,103,low,1,56066,56672,negation,,repo
task_002992,proj_00329,Detect and treat outliers in repayment history within the borrower repayment dataset.,credit_scoring,data_cleaning,data_preparation,51,high,3,56704,56894,standard,task_002991,repo
task_002993,proj_00329,Explore the distribution of repayment history in the borrower repayment dataset.,credit_scoring,exploratory_data_analysis,analysis,79,high,3,57399,57509,standard,task_002992,repo
task_002994,proj_00329,Encode categorical variables in the borrower repayment dataset for the scorecard model.,credit_scoring,feature_engineering,analysis,99,high,3,57494,57718,standard,task_002993,repo
task_002995,proj_00329,Fine-tune the scorecard model on a recent snapshot of the borrower repayment dataset.,credit_scoring,model_training,modelling,360,high,3,58818,59267,standard,task_002994,repo
task_002996,proj_00329,Investigate a drop in scorecard model recall after the last borrower repayment dataset update.,credit_scoring,model_evaluation,modelling,63,high,3,58981,59103,standard,task_002995,repo
task_002997,proj_00329,Fit the scorecard model on the borrower repayment dataset without using the repayment history column.,credit_scoring,model_training,modelling,95,medium,2,59663,60043,negation,task_002996,repo
task_002998,proj_00329,Check whether the scorecard model is actually any good on creditworthiness.,credit_scoring,model_evaluation,modelling,38,medium,2,60374,60856,ambiguous,task_002997,repo
task_002999,proj_00329,"First fit the scorecard model on a sample, then run the full training on the borrower repayment dataset.",credit_scoring,model_training,modelling,344,high,3,61685,62084,multi_step,task_002998,repo
task_003000,proj_00329,Assess the scorecard model on creditworthiness without relying on accuracy as the headline metric.,credit_scoring,model_evaluation,modelling,102,high,3,62281,62547,negation,task_002999,repo
task_003001,proj_00329,"Update the README with the new borrower repayment dataset schema, then draft the scorecard model release notes.",credit_scoring,reporting_documentation,reporting,128,medium,2,63559,64058,multi_step,task_003000,repo
task_003002,proj_00329,Resolve a data freshness issue affecting the borrower repayment dataset.,credit_scoring,data_pipeline_maintenance,infrastructure,69,medium,2,71677,72192,standard,,repo
task_003003,proj_00330,Requesting access to a new data source needed for the experiment exposure dataset.,ab_testing_analysis,data_collection,data_preparation,47,medium,2,48947,49202,standard,,repo
task_003004,proj_00330,Detect and treat outliers in variance reduction covariate within the experiment exposure dataset.,ab_testing_analysis,data_cleaning,data_preparation,218,low,1,50074,50660,standard,task_003003,repo
task_003005,proj_00330,Set up the training pipeline for the causal inference model.,ab_testing_analysis,model_training,modelling,133,high,3,50347,50511,standard,task_003004,repo
task_003006,proj_00330,Assess the causal inference model on experiment outcome without relying on accuracy as the headline metric.,ab_testing_analysis,model_evaluation,modelling,53,low,1,51645,51954,negation,task_003005,repo
task_003007,proj_00330,"Whatever we did last time to the causal inference model, do it again with the new data.",ab_testing_analysis,model_training,modelling,185,medium,2,51844,52399,ambiguous,task_003006,repo
task_003008,proj_00330,Validate the causal inference model on out-of-time data before deployment.,ab_testing_analysis,model_evaluation,modelling,171,medium,2,52186,52489,standard,task_003007,repo
task_003009,proj_00330,Document known limitations of the current causal inference model.,ab_testing_analysis,reporting_documentation,reporting,150,low,1,53291,53859,standard,task_003008,repo
task_003010,proj_00330,Restart and verify the experiment exposure dataset pipeline after a maintenance window.,ab_testing_analysis,data_pipeline_maintenance,infrastructure,59,medium,2,54141,54484,standard,,repo
task_003011,proj_00330,Resolve the freshness issue in the experiment exposure dataset without changing the ingestion schedule.,ab_testing_analysis,data_pipeline_maintenance,infrastructure,86,medium,2,56873,57326,negation,,repo
task_003012,proj_00330,"Check the pipeline logs, then patch the schema change that broke the experiment exposure dataset ingestion.",ab_testing_analysis,data_pipeline_maintenance,infrastructure,34,high,3,52788,52860,multi_step,,repo
task_003013,proj_00331,Scrape supplementary records to enrich the historical sales dataset.,sales_forecasting,data_collection,data_preparation,142,high,3,51568,51860,standard,,repo
task_003014,proj_00331,Remove duplicate records from the historical sales dataset.,sales_forecasting,data_cleaning,data_preparation,147,medium,2,51942,52310,standard,task_003013,repo
task_003015,proj_00331,Compare lag features distributions across different segments of the historical sales dataset.,sales_forecasting,exploratory_data_analysis,analysis,189,medium,2,52864,53268,standard,task_003014,repo
task_003016,proj_00331,Reduce the dimensionality of the historical sales dataset without discarding lag features.,sales_forecasting,feature_engineering,analysis,106,low,1,52938,54464,negation,task_003015,repo
task_003017,proj_00331,Set up the training pipeline for the gradient boosting regressor.,sales_forecasting,model_training,modelling,270,high,3,54113,54438,standard,task_003016,repo
task_003018,proj_00331,Validate the gradient boosting regressor without touching the held-out test split.,sales_forecasting,model_evaluation,modelling,179,low,1,55002,56041,negation,task_003017,repo
task_003019,proj_00331,Run cross-validation while training the gradient boosting regressor on the historical sales dataset.,sales_forecasting,model_training,modelling,181,high,3,55500,55794,standard,task_003018,repo
task_003020,proj_00331,Compare the gradient boosting regressor against the previous version without retraining either of them.,sales_forecasting,model_evaluation,modelling,92,high,3,56852,57112,negation,task_003019,repo
task_003021,proj_00331,Write up the inventory requirements results without waiting for the final gradient boosting regressor run.,sales_forecasting,reporting_documentation,reporting,172,high,3,57283,57553,negation,task_003020,repo
task_003022,proj_00331,"The historical sales dataset numbers look stale, find out why.",sales_forecasting,data_pipeline_maintenance,infrastructure,107,medium,2,55447,55926,ambiguous,,repo
task_003023,proj_00331,Restart and verify the historical sales dataset pipeline after a maintenance window.,sales_forecasting,data_pipeline_maintenance,infrastructure,118,medium,2,58616,58980,standard,,repo
task_003024,proj_00331,Fix the failing historical sales dataset job without taking the pipeline offline.,sales_forecasting,data_pipeline_maintenance,infrastructure,48,high,3,52085,52310,negation,,repo
task_003025,proj_00332,Collect raw data for the experiment exposure dataset from the source system.,ab_testing_analysis,data_collection,data_preparation,77,medium,2,77231,77653,standard,,repo
task_003026,proj_00332,Fixing encoding issues in the experiment exposure dataset before further processing.,ab_testing_analysis,data_cleaning,data_preparation,44,medium,2,77389,77894,standard,task_003025,repo
task_003027,proj_00332,See if we can squeeze more out of exposure group for experiment outcome.,ab_testing_analysis,feature_engineering,analysis,254,medium,2,78624,79252,ambiguous,task_003026,repo
task_003028,proj_00332,Set up the training pipeline for the difference-in-differences model.,ab_testing_analysis,model_training,modelling,311,high,3,78869,79293,standard,task_003027,repo
task_003029,proj_00332,The difference-in-differences model was fine last month and now it isn't.,ab_testing_analysis,model_evaluation,modelling,92,low,1,79167,79556,ambiguous,task_003028,repo
task_003030,proj_00332,Draft release notes describing changes to the difference-in-differences model pipeline.,ab_testing_analysis,reporting_documentation,reporting,64,medium,2,80564,80951,standard,task_003029,repo
task_003031,proj_00333,"The logistics dataset doesn't go back far enough, see what you can do.",supply_chain_optimisation,data_collection,data_preparation,159,medium,2,62104,62607,ambiguous,,repo
task_003032,proj_00333,Impute missing values for lead time using an appropriate strategy.,supply_chain_optimisation,data_cleaning,data_preparation,207,medium,2,62834,63521,standard,task_003031,repo
task_003033,proj_00333,"There's something odd in the logistics dataset, can't put my finger on it.",supply_chain_optimisation,exploratory_data_analysis,analysis,136,low,1,63611,65082,ambiguous,task_003032,repo
task_003034,proj_00333,Encode categorical variables in the logistics dataset for the gradient boosting regressor.,supply_chain_optimisation,feature_engineering,analysis,264,high,3,64433,64737,standard,task_003033,repo
task_003035,proj_00333,Train a gradient boosting regressor to predict delivery delay using the logistics dataset.,supply_chain_optimisation,model_training,modelling,202,high,3,64861,65153,standard,task_003034,repo
task_003036,proj_00333,Assessing whether the gradient boosting regressor meets the required performance threshold.,supply_chain_optimisation,model_evaluation,modelling,176,high,3,65670,66022,standard,task_003035,repo
task_003037,proj_00333,Draft release notes describing changes to the gradient boosting regressor pipeline.,supply_chain_optimisation,reporting_documentation,reporting,147,low,1,66341,67061,standard,task_003036,repo
task_003038,proj_00333,Monitor data quality alerts for the logistics dataset pipeline.,supply_chain_optimisation,data_pipeline_maintenance,infrastructure,17,high,3,79721,79915,standard,,repo
task_003039,proj_00334,Gather historical records to build the purchase history dataset.,recommendation_system,data_collection,data_preparation,80,high,3,67436,67693,standard,,repo
task_003040,proj_00334,Something's wrong with session length in the purchase history dataset.,recommendation_system,data_cleaning,data_preparation,51,low,1,68302,69616,ambiguous,task_003039,repo
task_003041,proj_00334,Check for seasonality patterns related to session length in the purchase history dataset.,recommendation_system,exploratory_data_analysis,analysis,82,low,1,68507,69138,standard,task_003040,repo
task_003042,proj_00334,Retrain the two-tower neural network after incorporating the new features.,recommendation_system,model_training,modelling,166,low,1,68832,70180,standard,task_003041,repo
task_003043,proj_00334,"First reproduce the reported two-tower neural network metrics, then investigate the drop in recall.",recommendation_system,model_evaluation,modelling,65,low,1,69686,70173,multi_step,task_003042,repo
task_003044,proj_00334,Retrain the two-tower neural network after incorporating the new features.,recommendation_system,model_training,modelling,255,medium,2,69938,70379,standard,task_003043,repo
task_003045,proj_00334,"Compute precision, recall and F1 for item relevance predictions.",recommendation_system,model_evaluation,modelling,60,high,3,70323,70421,standard,task_003044,repo
task_003046,proj_00334,Run cross-validation while training the two-tower neural network on the purchase history dataset.,recommendation_system,model_training,modelling,235,high,3,71252,71652,standard,task_003045,repo
task_003047,proj_00334,Investigate a drop in two-tower neural network recall after the last purchase history dataset update.,recommendation_system,model_evaluation,modelling,80,high,3,72163,72327,standard,task_003046,repo
task_003048,proj_00334,Summarise the two-tower neural network results for management without including technical detail.,recommendation_system,reporting_documentation,reporting,176,low,1,72253,73447,negation,task_003047,repo
task_003049,proj_00334,Investigate a failed run in the purchase history dataset ingestion pipeline.,recommendation_system,data_pipeline_maintenance,infrastructure,99,low,1,73855,74811,standard,,repo
task_003050,proj_00334,Patch a schema change that broke the purchase history dataset pipeline.,recommendation_system,data_pipeline_maintenance,infrastructure,34,high,3,84098,84234,standard,,repo
task_003051,proj_00335,Collect raw data for the user interaction dataset from the source system.,recommendation_system,data_collection,data_preparation,177,medium,2,19135,19500,standard,,repo
task_003052,proj_00335,Resolve inconsistent entries in the user interaction dataset without dropping any rows.,recommendation_system,data_cleaning,data_preparation,126,low,1,19457,20219,negation,task_003051,repo
task_003053,proj_00335,Summarise the user interaction dataset without producing any new visualisations.,recommendation_system,exploratory_data_analysis,analysis,229,low,1,20223,20827,negation,task_003052,repo
task_003054,proj_00335,Engineer new features from item embeddings to improve user click-through rate prediction.,recommendation_system,feature_engineering,analysis,266,high,3,21579,22020,standard,task_003053,repo
task_003055,proj_00335,Get a first user click-through rate baseline without tuning the matrix factorisation model at all.,recommendation_system,model_training,modelling,125,high,3,22815,23119,negation,task_003054,repo
task_003056,proj_00335,Evaluate the matrix factorisation model on a held-out split of the user interaction dataset.,recommendation_system,model_evaluation,modelling,54,medium,2,23846,24252,standard,task_003055,repo
task_003057,proj_00335,Summarise key findings from the user click-through rate analysis for the team.,recommendation_system,reporting_documentation,reporting,100,low,1,24103,25178,standard,task_003056,repo
task_003058,proj_00335,Resolve the freshness issue in the user interaction dataset without changing the ingestion schedule.,recommendation_system,data_pipeline_maintenance,infrastructure,64,medium,2,36112,36362,negation,,repo
task_003059,proj_00335,Investigate a failed run in the user interaction dataset ingestion pipeline.,recommendation_system,data_pipeline_maintenance,infrastructure,48,high,3,25377,25494,standard,,repo
task_003060,proj_00336,Validate that the customer churn dataset covers the full required time range.,customer_churn,data_collection,data_preparation,45,low,1,74104,74514,standard,,repo
task_003061,proj_00336,Remove duplicate records from the customer churn dataset.,customer_churn,data_cleaning,data_preparation,140,medium,2,75026,75588,standard,task_003060,repo
task_003062,proj_00336,"First scale usage frequency, then check whether the logistic regression model still needs the interaction terms.",customer_churn,feature_engineering,analysis,118,low,1,75086,76020,multi_step,task_003061,repo
task_003063,proj_00336,Retrain the logistic regression model after incorporating the new features.,customer_churn,model_training,modelling,235,medium,2,76188,76624,standard,task_003062,repo
task_003064,proj_00336,Evaluate the logistic regression model on a held-out split of the customer churn dataset.,customer_churn,model_evaluation,modelling,86,high,3,77604,77793,standard,task_003063,repo
task_003065,proj_00336,Prepare a one-page summary of logistic regression model results for management.,customer_churn,reporting_documentation,reporting,45,low,1,77685,78713,standard,task_003064,repo
task_003066,proj_00336,The customer churn dataset ingestion job fell over again last night.,customer_churn,data_pipeline_maintenance,infrastructure,62,medium,2,89341,89680,ambiguous,,repo
task_003067,proj_00336,Resolve the freshness issue in the customer churn dataset without changing the ingestion schedule.,customer_churn,data_pipeline_maintenance,infrastructure,71,medium,2,75202,75571,negation,,repo
task_003068,proj_00336,Restore the customer churn dataset pipeline without triggering a full historical backfill.,customer_churn,data_pipeline_maintenance,infrastructure,69,high,3,85264,85426,negation,,repo
task_003069,proj_00337,Set up an automated pipeline to pull new records into the defect inspection image dataset.,image_classification,data_collection,data_preparation,39,low,1,16601,17724,standard,,repo
task_003070,proj_00337,Filter out invalid or corrupted rows from the defect inspection image dataset.,image_classification,data_cleaning,data_preparation,55,medium,2,17750,18066,standard,task_003069,repo
task_003071,proj_00337,Not sure what's driving product category — dig into it.,image_classification,exploratory_data_analysis,analysis,86,medium,2,17949,18176,ambiguous,task_003070,repo
task_003072,proj_00337,Train a convolutional neural network to predict product category using the defect inspection image dataset.,image_classification,model_training,modelling,324,low,1,19078,20392,standard,task_003071,repo
task_003073,proj_00337,Compare the convolutional neural network against a previous version on the defect inspection image dataset.,image_classification,model_evaluation,modelling,67,medium,2,20010,20252,standard,task_003072,repo
task_003074,proj_00337,Fit the convolutional neural network on the prepared defect inspection image dataset.,image_classification,model_training,modelling,297,low,1,20726,22304,standard,task_003073,repo
task_003075,proj_00337,"Evaluate the convolutional neural network on the defect inspection image dataset, then check fairness across the main segments.",image_classification,model_evaluation,modelling,145,low,1,20827,21322,multi_step,task_003074,repo
task_003076,proj_00337,Prepare a one-page summary of convolutional neural network results for management.,image_classification,reporting_documentation,reporting,115,low,1,21788,22240,standard,task_003075,repo
task_003077,proj_00337,The defect inspection image dataset pipeline has been flaky all week.,image_classification,data_pipeline_maintenance,infrastructure,50,medium,2,27366,27638,ambiguous,,repo
task_003078,proj_00337,Restart and verify the defect inspection image dataset pipeline after a maintenance window.,image_classification,data_pipeline_maintenance,infrastructure,29,high,3,28660,28725,standard,,repo
task_003079,proj_00338,Validate that the customer retention dataset covers the full required time range.,customer_churn,data_collection,data_preparation,157,low,1,57528,58171,standard,,repo
task_003080,proj_00338,Clean missing values in the customer retention dataset before training the logistic regression model.,customer_churn,data_cleaning,data_preparation,115,low,1,58692,59457,standard,task_003079,repo
task_003081,proj_00338,"Profile the customer retention dataset first, then investigate how contract type relates to subscription cancellation.",customer_churn,exploratory_data_analysis,analysis,85,high,3,59950,60177,multi_step,task_003080,repo
task_003082,proj_00338,"First scale contract type, then check whether the logistic regression model still needs the interaction terms.",customer_churn,feature_engineering,analysis,287,medium,2,60485,60968,multi_step,task_003081,repo
task_003083,proj_00338,Get a first subscription cancellation baseline without tuning the logistic regression model at all.,customer_churn,model_training,modelling,359,low,1,60661,61752,negation,task_003082,repo
task_003084,proj_00338,Check whether the logistic regression model is actually any good on subscription cancellation.,customer_churn,model_evaluation,modelling,34,low,1,60959,61777,ambiguous,task_003083,repo
task_003085,proj_00338,"First fit the logistic regression model on a sample, then run the full training on the customer retention dataset.",customer_churn,model_training,modelling,277,low,1,61799,62992,multi_step,task_003084,repo
task_003086,proj_00338,Evaluate the logistic regression model on a held-out split of the customer retention dataset.,customer_churn,model_evaluation,modelling,47,high,3,63097,63186,standard,task_003085,repo
task_003087,proj_00338,Give the logistic regression model another run with the latest customer retention dataset.,customer_churn,model_training,modelling,299,low,1,64027,65082,ambiguous,task_003086,repo
task_003088,proj_00338,Evaluate the logistic regression model on a held-out split of the customer retention dataset.,customer_churn,model_evaluation,modelling,97,medium,2,64118,64613,standard,task_003087,repo
task_003089,proj_00338,Updating the project README with the latest customer retention dataset schema.,customer_churn,reporting_documentation,reporting,174,medium,2,65263,65880,standard,task_003088,repo
task_003090,proj_00338,Investigate a failed run in the customer retention dataset ingestion pipeline.,customer_churn,data_pipeline_maintenance,infrastructure,55,low,1,75107,75536,standard,,repo
task_003091,proj_00338,Restart and verify the customer retention dataset pipeline after a maintenance window.,customer_churn,data_pipeline_maintenance,infrastructure,20,low,1,66669,67956,standard,,repo
task_003092,proj_00339,Merge multiple data extracts into a single customer retention dataset.,customer_churn,data_collection,data_preparation,46,low,1,65918,67103,standard,,repo
task_003093,proj_00339,Detect and treat outliers in usage frequency within the customer retention dataset.,customer_churn,data_cleaning,data_preparation,238,medium,2,67336,68002,standard,task_003092,repo
task_003094,proj_00339,Examine usage frequency in the customer retention dataset without assuming a normal distribution.,customer_churn,exploratory_data_analysis,analysis,71,medium,2,68490,68876,negation,task_003093,repo
task_003095,proj_00339,Reduce dimensionality of the customer retention dataset using feature selection.,customer_churn,feature_engineering,analysis,115,medium,2,68708,68968,standard,task_003094,repo
task_003096,proj_00339,Give the random forest classifier another run with the latest customer retention dataset.,customer_churn,model_training,modelling,352,medium,2,69716,70307,ambiguous,task_003095,repo
task_003097,proj_00339,Validate the random forest classifier without touching the held-out test split.,customer_churn,model_evaluation,modelling,141,low,1,70087,71523,negation,task_003096,repo
task_003098,proj_00339,Summarise the random forest classifier results for management without including technical detail.,customer_churn,reporting_documentation,reporting,179,medium,2,71473,71830,negation,task_003097,repo
task_003099,proj_00339,Monitor data quality alerts for the customer retention dataset pipeline.,customer_churn,data_pipeline_maintenance,infrastructure,106,high,3,65075,65278,standard,,repo
task_003100,proj_00339,"First add monitoring for the recurring failure, then refactor the customer retention dataset ingestion.",customer_churn,data_pipeline_maintenance,infrastructure,99,low,1,70006,70783,multi_step,,repo
task_003101,proj_00339,Fix a broken scheduled job feeding the customer retention dataset.,customer_churn,data_pipeline_maintenance,infrastructure,80,medium,2,79906,80382,standard,,repo
task_003102,proj_00340,Validate that the network traffic dataset covers the full required time range.,network_intrusion_detection,data_collection,data_preparation,54,medium,2,4901,5354,standard,,repo
task_003103,proj_00340,Filter out invalid or corrupted rows from the network traffic dataset.,network_intrusion_detection,data_cleaning,data_preparation,124,medium,2,5087,5645,standard,task_003102,repo
task_003104,proj_00340,"Whatever we did last time to the random forest classifier, do it again with the new data.",network_intrusion_detection,model_training,modelling,318,high,3,6272,6769,ambiguous,task_003103,repo
task_003105,proj_00340,Run an error analysis on the random forest classifier predictions for malicious traffic.,network_intrusion_detection,model_evaluation,modelling,58,low,1,7205,8413,standard,task_003104,repo
task_003106,proj_00340,Put together whatever we have on the network traffic dataset for the handover.,network_intrusion_detection,reporting_documentation,reporting,180,high,3,7265,7605,ambiguous,task_003105,repo
task_003107,proj_00341,"The network traffic dataset doesn't go back far enough, see what you can do.",network_intrusion_detection,data_collection,data_preparation,161,medium,2,59895,60295,ambiguous,,repo
task_003108,proj_00341,"The network traffic dataset looks messy again, deal with it.",network_intrusion_detection,data_cleaning,data_preparation,159,medium,2,61079,61363,ambiguous,task_003107,repo
task_003109,proj_00341,Run a first exploratory pass over the network traffic dataset to understand its structure.,network_intrusion_detection,exploratory_data_analysis,analysis,60,high,3,62198,62354,standard,task_003108,repo
task_003110,proj_00341,Fit the autoencoder model on the prepared network traffic dataset.,network_intrusion_detection,model_training,modelling,274,medium,2,63319,63955,standard,task_003109,repo
task_003111,proj_00341,Assessing whether the autoencoder model meets the required performance threshold.,network_intrusion_detection,model_evaluation,modelling,76,high,3,64699,64902,standard,task_003110,repo
task_003112,proj_00341,Updating the project README with the latest network traffic dataset schema.,network_intrusion_detection,reporting_documentation,reporting,106,medium,2,65867,66139,standard,task_003111,repo
task_003113,proj_00342,We're short on records for the HR records dataset — sort it out.,employee_attrition,data_collection,data_preparation,130,medium,2,66473,67066,ambiguous,,repo
task_003114,proj_00342,Handle missing observations in the HR records dataset to prepare it for resignation risk modelling.,employee_attrition,data_cleaning,data_preparation,98,low,1,67465,68529,standard,task_003113,repo
task_003115,proj_00342,Check for seasonality patterns related to compensation band in the HR records dataset.,employee_attrition,exploratory_data_analysis,analysis,111,high,3,67949,68112,standard,task_003114,repo
task_003116,proj_00342,"First scale compensation band, then check whether the gradient boosting model still needs the interaction terms.",employee_attrition,feature_engineering,analysis,88,medium,2,69153,69383,multi_step,task_003115,repo
task_003117,proj_00342,Fine-tune the gradient boosting model on a recent snapshot of the HR records dataset.,employee_attrition,model_training,modelling,150,medium,2,70180,70795,standard,task_003116,repo
task_003118,proj_00342,Investigate a drop in gradient boosting model recall after the last HR records dataset update.,employee_attrition,model_evaluation,modelling,115,high,3,71610,71845,standard,task_003117,repo
task_003119,proj_00342,They want something on resignation risk for tomorrow.,employee_attrition,reporting_documentation,reporting,178,medium,2,71844,72479,ambiguous,task_003118,repo
task_003120,proj_00342,Restore the HR records dataset pipeline without triggering a full historical backfill.,employee_attrition,data_pipeline_maintenance,infrastructure,96,low,1,72104,73303,negation,,repo
task_003121,proj_00342,"Check the pipeline logs, then patch the schema change that broke the HR records dataset ingestion.",employee_attrition,data_pipeline_maintenance,infrastructure,64,medium,2,75424,75743,multi_step,,repo
task_003122,proj_00342,"First add monitoring for the recurring failure, then refactor the HR records dataset ingestion.",employee_attrition,data_pipeline_maintenance,infrastructure,18,low,1,86197,87502,multi_step,,repo
task_003123,proj_00343,Merge multiple data extracts into a single product image dataset.,image_classification,data_collection,data_preparation,134,low,1,47807,49300,standard,,repo
task_003124,proj_00343,Clean missing values in the product image dataset before training the fine-tuned ResNet model.,image_classification,data_cleaning,data_preparation,158,high,3,48078,48322,standard,task_003123,repo
task_003125,proj_00343,"Create the lagged variables from pixel intensity, then aggregate them at project level.",image_classification,feature_engineering,analysis,196,medium,2,48637,49069,multi_step,task_003124,repo
task_003126,proj_00343,Fit the fine-tuned ResNet model on the prepared product image dataset.,image_classification,model_training,modelling,283,low,1,49909,50961,standard,task_003125,repo
task_003127,proj_00343,Check whether the fine-tuned ResNet model is actually any good on product category.,image_classification,model_evaluation,modelling,68,high,3,50733,50965,ambiguous,task_003126,repo
task_003128,proj_00343,Establishing a baseline fine-tuned ResNet model for product category prediction.,image_classification,model_training,modelling,277,low,1,51659,52305,standard,task_003127,repo
task_003129,proj_00343,Assess the fine-tuned ResNet model on product category without relying on accuracy as the headline metric.,image_classification,model_evaluation,modelling,48,medium,2,51856,52081,negation,task_003128,repo
task_003130,proj_00343,Prepare a one-page summary of fine-tuned ResNet model results for management.,image_classification,reporting_documentation,reporting,121,medium,2,53072,53620,standard,task_003129,repo
task_003131,proj_00343,"First add monitoring for the recurring failure, then refactor the product image dataset ingestion.",image_classification,data_pipeline_maintenance,infrastructure,28,low,1,53308,54549,multi_step,,repo
task_003132,proj_00344,Collect raw data for the news articles dataset from the source system.,text_summarisation,data_collection,data_preparation,72,low,1,53203,54085,standard,,repo
task_003133,proj_00344,Something's wrong with sentence embeddings in the news articles dataset.,text_summarisation,data_cleaning,data_preparation,67,low,1,53836,54342,ambiguous,task_003132,repo
task_003134,proj_00344,Assess class imbalance in summary quality without resampling the news articles dataset at this stage.,text_summarisation,exploratory_data_analysis,analysis,211,low,1,54729,55575,negation,task_003133,repo
task_003135,proj_00344,Debug a training failure encountered while fitting the extractive summarisation pipeline.,text_summarisation,model_training,modelling,74,high,3,55336,55546,standard,task_003134,repo
task_003136,proj_00344,Assessing whether the extractive summarisation pipeline meets the required performance threshold.,text_summarisation,model_evaluation,modelling,150,high,3,56174,56477,standard,task_003135,repo
task_003137,proj_00344,"Whatever we did last time to the extractive summarisation pipeline, do it again with the new data.",text_summarisation,model_training,modelling,124,high,3,56322,56613,ambiguous,task_003136,repo
task_003138,proj_00344,"Compute precision, recall and F1 for summary quality predictions.",text_summarisation,model_evaluation,modelling,169,medium,2,57510,57800,standard,task_003137,repo
task_003139,proj_00344,They want something on summary quality for tomorrow.,text_summarisation,reporting_documentation,reporting,171,low,1,58345,59312,ambiguous,task_003138,repo
task_003140,proj_00345,"Request access to the new source, then pull an initial extract into the credit bureau dataset.",credit_scoring,data_collection,data_preparation,97,medium,2,53008,53540,multi_step,,repo
task_003141,proj_00345,Filter out invalid or corrupted rows from the credit bureau dataset.,credit_scoring,data_cleaning,data_preparation,208,high,3,54381,54720,standard,task_003140,repo
task_003142,proj_00345,Segment the credit bureau dataset first and afterwards compare credit utilisation across the segments.,credit_scoring,exploratory_data_analysis,analysis,124,high,3,55662,55913,multi_step,task_003141,repo
task_003143,proj_00345,Improve signal for creditworthiness without adding features derived from credit utilisation.,credit_scoring,feature_engineering,analysis,236,high,3,56838,57127,negation,task_003142,repo
task_003144,proj_00345,Fit the scorecard model on the credit bureau dataset without using the credit utilisation column.,credit_scoring,model_training,modelling,193,high,3,57523,57758,negation,task_003143,repo
task_003145,proj_00345,Compare the scorecard model against a previous version on the credit bureau dataset.,credit_scoring,model_evaluation,modelling,64,high,3,57764,57904,standard,task_003144,repo
task_003146,proj_00345,Nobody knows how the scorecard model works — fix that.,credit_scoring,reporting_documentation,reporting,122,low,1,57898,59041,ambiguous,task_003145,repo
task_003147,proj_00346,Gather the missing records for the historical sales dataset without hitting production directly.,sales_forecasting,data_collection,data_preparation,93,low,1,28027,28617,negation,,repo
task_003148,proj_00346,Half the rows in the historical sales dataset don't look right.,sales_forecasting,data_cleaning,data_preparation,178,low,1,28246,29426,ambiguous,task_003147,repo
task_003149,proj_00346,Analyse correlations between seasonality and weekly sales volume in the historical sales dataset.,sales_forecasting,exploratory_data_analysis,analysis,142,medium,2,29488,29775,standard,task_003148,repo
task_003150,proj_00346,Improve signal for weekly sales volume without adding features derived from seasonality.,sales_forecasting,feature_engineering,analysis,266,low,1,29553,31145,negation,task_003149,repo
task_003151,proj_00346,Debug a training failure encountered while fitting the SARIMA model.,sales_forecasting,model_training,modelling,151,low,1,30756,31917,standard,task_003150,repo
task_003152,proj_00346,Produce a confusion matrix summarising SARIMA model performance on weekly sales volume.,sales_forecasting,model_evaluation,modelling,172,high,3,31539,31851,standard,task_003151,repo
task_003153,proj_00346,"First fit the SARIMA model on a sample, then run the full training on the historical sales dataset.",sales_forecasting,model_training,modelling,85,medium,2,32572,33000,multi_step,task_003152,repo
task_003154,proj_00346,Check the SARIMA model for fairness across segments of the historical sales dataset.,sales_forecasting,model_evaluation,modelling,33,high,3,33123,33265,standard,task_003153,repo
task_003155,proj_00346,"First fit the SARIMA model on a sample, then run the full training on the historical sales dataset.",sales_forecasting,model_training,modelling,246,medium,2,33782,34374,multi_step,task_003154,repo
task_003156,proj_00346,Evaluate the SARIMA model on a held-out split of the historical sales dataset.,sales_forecasting,model_evaluation,modelling,176,medium,2,34493,34946,standard,task_003155,repo
task_003157,proj_00346,Prepare a one-page summary of SARIMA model results for management.,sales_forecasting,reporting_documentation,reporting,79,medium,2,35161,35671,standard,task_003156,repo
task_003158,proj_00347,Gather the missing records for the sensor telemetry dataset without hitting production directly.,predictive_maintenance,data_collection,data_preparation,104,low,1,25031,26187,negation,,repo
task_003159,proj_00347,Treat the outliers in operating hours without imputing any values.,predictive_maintenance,data_cleaning,data_preparation,184,medium,2,26341,26762,negation,task_003158,repo
task_003160,proj_00347,Explore the distribution of operating hours in the sensor telemetry dataset.,predictive_maintenance,exploratory_data_analysis,analysis,222,high,3,26465,26825,standard,task_003159,repo
task_003161,proj_00347,Build aggregated features summarising operating hours at the project level.,predictive_maintenance,feature_engineering,analysis,90,low,1,26808,27740,standard,task_003160,repo
task_003162,proj_00347,"The gradient boosting model isn't picking anything up, have a go at it.",predictive_maintenance,model_training,modelling,279,high,3,27193,27624,ambiguous,task_003161,repo
task_003163,proj_00347,Check whether the gradient boosting model is actually any good on equipment failure.,predictive_maintenance,model_evaluation,modelling,109,medium,2,28629,29019,ambiguous,task_003162,repo
task_003164,proj_00347,Updating the project README with the latest sensor telemetry dataset schema.,predictive_maintenance,reporting_documentation,reporting,129,low,1,29899,30429,standard,task_003163,repo
task_003165,proj_00347,Patch a schema change that broke the sensor telemetry dataset pipeline.,predictive_maintenance,data_pipeline_maintenance,infrastructure,26,medium,2,33364,33767,standard,,repo
task_003166,proj_00348,Set up an automated pipeline to pull new records into the intrusion detection dataset.,network_intrusion_detection,data_collection,data_preparation,151,medium,2,70411,70884,standard,,repo
task_003167,proj_00348,Something's wrong with byte rate in the intrusion detection dataset.,network_intrusion_detection,data_cleaning,data_preparation,173,low,1,71411,71986,ambiguous,task_003166,repo
task_003168,proj_00348,Summarise the intrusion detection dataset without producing any new visualisations.,network_intrusion_detection,exploratory_data_analysis,analysis,158,high,3,71780,71971,negation,task_003167,repo
task_003169,proj_00348,"The gradient boosting model isn't picking anything up, have a go at it.",network_intrusion_detection,model_training,modelling,129,high,3,72354,72617,ambiguous,task_003168,repo
task_003170,proj_00348,Check the gradient boosting model for fairness across segments of the intrusion detection dataset.,network_intrusion_detection,model_evaluation,modelling,138,low,1,72907,73512,standard,task_003169,repo
task_003171,proj_00348,Prepare slides presenting the gradient boosting model performance to stakeholders.,network_intrusion_detection,reporting_documentation,reporting,82,medium,2,73259,73578,standard,task_003170,repo
task_003172,proj_00348,Resolve a data freshness issue affecting the intrusion detection dataset.,network_intrusion_detection,data_pipeline_maintenance,infrastructure,70,medium,2,81577,82068,standard,,repo
task_003173,proj_00348,Fix a broken scheduled job feeding the intrusion detection dataset.,network_intrusion_detection,data_pipeline_maintenance,infrastructure,74,medium,2,83010,83529,standard,,repo
task_003174,proj_00348,Resolve the freshness issue in the intrusion detection dataset without changing the ingestion schedule.,network_intrusion_detection,data_pipeline_maintenance,infrastructure,48,high,3,75897,76019,negation,,repo
task_003175,proj_00349,Pull the latest records and afterwards check the product image dataset covers the full time range.,image_classification,data_collection,data_preparation,95,low,1,6258,7345,multi_step,,repo
task_003176,proj_00349,"The product image dataset looks messy again, deal with it.",image_classification,data_cleaning,data_preparation,116,medium,2,6857,7193,ambiguous,task_003175,repo
task_003177,proj_00349,Check for seasonality patterns related to image resolution in the product image dataset.,image_classification,exploratory_data_analysis,analysis,80,high,3,7029,7178,standard,task_003176,repo
task_003178,proj_00349,Improve signal for product category without adding features derived from image resolution.,image_classification,feature_engineering,analysis,257,medium,2,7960,8588,negation,task_003177,repo
task_003179,proj_00349,Establishing a baseline vision transformer model for product category prediction.,image_classification,model_training,modelling,290,medium,2,9372,9985,standard,task_003178,repo
task_003180,proj_00349,Investigate a drop in vision transformer model recall after the last product image dataset update.,image_classification,model_evaluation,modelling,105,high,3,9809,9986,standard,task_003179,repo
task_003181,proj_00349,Training a vision transformer model from scratch on the updated product image dataset.,image_classification,model_training,modelling,75,low,1,10826,12277,standard,task_003180,repo
task_003182,proj_00349,"Score the vision transformer model on the held-out split, then run an error analysis on the failures.",image_classification,model_evaluation,modelling,73,high,3,11944,12168,multi_step,task_003181,repo
task_003183,proj_00349,Train a vision transformer model to predict product category using the product image dataset.,image_classification,model_training,modelling,337,low,1,12683,13397,standard,task_003182,repo
task_003184,proj_00349,"Score the vision transformer model on the held-out split, then run an error analysis on the failures.",image_classification,model_evaluation,modelling,93,high,3,13940,14128,multi_step,task_003183,repo
task_003185,proj_00349,Write handover notes for the product image dataset project.,image_classification,reporting_documentation,reporting,38,low,1,14628,15376,standard,task_003184,repo
task_003186,proj_00349,The product image dataset pipeline has been flaky all week.,image_classification,data_pipeline_maintenance,infrastructure,33,low,1,24048,24790,ambiguous,,repo
task_003187,proj_00349,Resolve a data freshness issue affecting the product image dataset.,image_classification,data_pipeline_maintenance,infrastructure,54,low,1,17025,17531,standard,,repo
task_003188,proj_00350,Scrape supplementary records to enrich the logistics dataset.,supply_chain_optimisation,data_collection,data_preparation,101,low,1,56425,57502,standard,,repo
task_003189,proj_00350,Reconcile mismatched identifiers between two versions of the logistics dataset.,supply_chain_optimisation,data_cleaning,data_preparation,139,low,1,56975,58442,standard,task_003188,repo
task_003190,proj_00350,Summarise the logistics dataset without producing any new visualisations.,supply_chain_optimisation,exploratory_data_analysis,analysis,221,low,1,57420,58326,negation,task_003189,repo
task_003191,proj_00350,Deriving interaction terms between supplier reliability and other variables.,supply_chain_optimisation,feature_engineering,analysis,63,medium,2,58357,58873,standard,task_003190,repo
task_003192,proj_00350,Fit the mixed-integer optimisation model on the logistics dataset without using the supplier reliability column.,supply_chain_optimisation,model_training,modelling,183,high,3,59743,59987,negation,task_003191,repo
task_003193,proj_00350,"First reproduce the reported mixed-integer optimisation model metrics, then investigate the drop in recall.",supply_chain_optimisation,model_evaluation,modelling,158,medium,2,60059,60467,multi_step,task_003192,repo
task_003194,proj_00350,"Update the README with the new logistics dataset schema, then draft the mixed-integer optimisation model release notes.",supply_chain_optimisation,reporting_documentation,reporting,175,medium,2,61177,61772,multi_step,task_003193,repo
task_003195,proj_00350,Fix a broken scheduled job feeding the logistics dataset.,supply_chain_optimisation,data_pipeline_maintenance,infrastructure,54,high,3,75326,75490,standard,,repo
task_003196,proj_00351,Merge multiple data extracts into a single borrower repayment dataset.,credit_scoring,data_collection,data_preparation,39,medium,2,34051,34516,standard,,repo
task_003197,proj_00351,Deduplicate the borrower repayment dataset and then standardise the loan term column formats.,credit_scoring,data_cleaning,data_preparation,211,low,1,35172,36171,multi_step,task_003196,repo
task_003198,proj_00351,Generate embeddings to represent loan term for the logistic regression model.,credit_scoring,feature_engineering,analysis,272,medium,2,35457,35964,standard,task_003197,repo
task_003199,proj_00351,"The logistic regression model isn't picking anything up, have a go at it.",credit_scoring,model_training,modelling,143,medium,2,36685,37069,ambiguous,task_003198,repo
task_003200,proj_00351,Compare the logistic regression model against a previous version on the borrower repayment dataset.,credit_scoring,model_evaluation,modelling,68,high,3,37863,38101,standard,task_003199,repo
task_003201,proj_00351,Document the data preparation steps applied to the borrower repayment dataset.,credit_scoring,reporting_documentation,reporting,130,high,3,38901,39101,standard,task_003200,repo
task_003202,proj_00351,The borrower repayment dataset pipeline has been flaky all week.,credit_scoring,data_pipeline_maintenance,infrastructure,80,high,3,38914,39171,ambiguous,,repo
task_003203,proj_00352,Query the production database to extract data for the logistics dataset.,supply_chain_optimisation,data_collection,data_preparation,163,low,1,324,1615,standard,,repo
task_003204,proj_00352,Detect and treat outliers in lead time within the logistics dataset.,supply_chain_optimisation,data_cleaning,data_preparation,41,high,3,1116,1317,standard,task_003203,repo
task_003205,proj_00352,Give the gradient boosting regressor another run with the latest logistics dataset.,supply_chain_optimisation,model_training,modelling,257,low,1,2424,4042,ambiguous,task_003204,repo
task_003206,proj_00352,Assess the gradient boosting regressor on delivery delay without relying on accuracy as the headline metric.,supply_chain_optimisation,model_evaluation,modelling,78,medium,2,2610,2855,negation,task_003205,repo
task_003207,proj_00352,Fit the gradient boosting regressor on the prepared logistics dataset.,supply_chain_optimisation,model_training,modelling,180,high,3,3216,3500,standard,task_003206,repo
task_003208,proj_00352,Investigate a drop in gradient boosting regressor recall after the last logistics dataset update.,supply_chain_optimisation,model_evaluation,modelling,51,medium,2,3884,4079,standard,task_003207,repo
task_003209,proj_00352,Finalise documentation before closing out the delivery delay project.,supply_chain_optimisation,reporting_documentation,reporting,137,medium,2,4887,5425,standard,task_003208,repo
task_003210,proj_00352,Fix the failing logistics dataset job without taking the pipeline offline.,supply_chain_optimisation,data_pipeline_maintenance,infrastructure,54,medium,2,6665,7140,negation,,repo
task_003211,proj_00353,"First query the production database, then consolidate the extracts into the demand forecasting dataset.",sales_forecasting,data_collection,data_preparation,101,high,3,23926,24207,multi_step,,repo
task_003212,proj_00353,"The demand forecasting dataset looks messy again, deal with it.",sales_forecasting,data_cleaning,data_preparation,49,medium,2,24717,25238,ambiguous,task_003211,repo
task_003213,proj_00353,"First scale seasonality, then check whether the gradient boosting regressor still needs the interaction terms.",sales_forecasting,feature_engineering,analysis,170,high,3,24826,25125,multi_step,task_003212,repo
task_003214,proj_00353,Debug a training failure encountered while fitting the gradient boosting regressor.,sales_forecasting,model_training,modelling,107,low,1,25705,26856,standard,task_003213,repo
task_003215,proj_00353,Assess the gradient boosting regressor on weekly sales volume without relying on accuracy as the headline metric.,sales_forecasting,model_evaluation,modelling,52,high,3,26479,26618,negation,task_003214,repo
task_003216,proj_00353,Train a gradient boosting regressor to predict weekly sales volume using the demand forecasting dataset.,sales_forecasting,model_training,modelling,288,medium,2,27071,27530,standard,task_003215,repo
task_003217,proj_00353,Produce a confusion matrix summarising gradient boosting regressor performance on weekly sales volume.,sales_forecasting,model_evaluation,modelling,150,low,1,27902,28322,standard,task_003216,repo
task_003218,proj_00353,Set up the training pipeline for the gradient boosting regressor.,sales_forecasting,model_training,modelling,280,medium,2,28669,29172,standard,task_003217,repo
task_003219,proj_00353,Run an error analysis on the gradient boosting regressor predictions for weekly sales volume.,sales_forecasting,model_evaluation,modelling,126,medium,2,29286,29822,standard,task_003218,repo
task_003220,proj_00353,"Update the README with the new demand forecasting dataset schema, then draft the gradient boosting regressor release notes.",sales_forecasting,reporting_documentation,reporting,70,low,1,30457,31707,multi_step,task_003219,repo
task_003221,proj_00354,Query the production database to extract data for the logistics dataset.,supply_chain_optimisation,data_collection,data_preparation,123,low,1,64881,66122,standard,,repo
task_003222,proj_00354,Clean the logistics dataset for route efficiency modelling without altering the original source files.,supply_chain_optimisation,data_cleaning,data_preparation,146,high,3,65265,65586,negation,task_003221,repo
task_003223,proj_00354,"Profile the logistics dataset first, then investigate how lead time relates to route efficiency.",supply_chain_optimisation,exploratory_data_analysis,analysis,50,medium,2,66210,66501,multi_step,task_003222,repo
task_003224,proj_00354,Engineer new features from lead time to improve route efficiency prediction.,supply_chain_optimisation,feature_engineering,analysis,82,low,1,66484,67540,standard,task_003223,repo
task_003225,proj_00354,"Whatever we did last time to the mixed-integer optimisation model, do it again with the new data.",supply_chain_optimisation,model_training,modelling,355,medium,2,67429,67999,ambiguous,task_003224,repo
task_003226,proj_00354,Evaluate the mixed-integer optimisation model on a held-out split of the logistics dataset.,supply_chain_optimisation,model_evaluation,modelling,107,high,3,68222,68500,standard,task_003225,repo
task_003227,proj_00354,"Draft the route efficiency findings first, then turn them into slides for stakeholders.",supply_chain_optimisation,reporting_documentation,reporting,65,high,3,68248,68461,multi_step,task_003226,repo
task_003228,proj_00354,The logistics dataset pipeline has been flaky all week.,supply_chain_optimisation,data_pipeline_maintenance,infrastructure,55,high,3,74605,74720,ambiguous,,repo
task_003229,proj_00354,"The logistics dataset numbers look stale, find out why.",supply_chain_optimisation,data_pipeline_maintenance,infrastructure,73,low,1,78699,79196,ambiguous,,repo
task_003230,proj_00355,"Request access to the new source, then pull an initial extract into the grid load dataset.",energy_consumption,data_collection,data_preparation,65,low,1,36946,37613,multi_step,,repo
task_003231,proj_00355,Standardise column formats across the grid load dataset.,energy_consumption,data_cleaning,data_preparation,184,high,3,37294,37593,standard,task_003230,repo
task_003232,proj_00355,Produce summary statistics and visualisations for the grid load dataset.,energy_consumption,exploratory_data_analysis,analysis,160,low,1,38358,39299,standard,task_003231,repo
task_003233,proj_00355,Debug a training failure encountered while fitting the LSTM forecasting model.,energy_consumption,model_training,modelling,127,low,1,39123,40623,standard,task_003232,repo
task_003234,proj_00355,Assess the LSTM forecasting model on hourly energy consumption without relying on accuracy as the headline metric.,energy_consumption,model_evaluation,modelling,125,medium,2,39847,40115,negation,task_003233,repo
task_003235,proj_00355,"First fit the LSTM forecasting model on a sample, then run the full training on the grid load dataset.",energy_consumption,model_training,modelling,318,low,1,40515,42256,multi_step,task_003234,repo
task_003236,proj_00355,Run an error analysis on the LSTM forecasting model predictions for hourly energy consumption.,energy_consumption,model_evaluation,modelling,123,medium,2,40819,41062,standard,task_003235,repo
task_003237,proj_00355,Document the data preparation steps applied to the grid load dataset.,energy_consumption,reporting_documentation,reporting,42,low,1,42010,43109,standard,task_003236,repo
task_003238,proj_00355,"First add monitoring for the recurring failure, then refactor the grid load dataset ingestion.",energy_consumption,data_pipeline_maintenance,infrastructure,50,high,3,47955,48152,multi_step,,repo
task_003239,proj_00356,Collect raw data for the user interaction dataset from the source system.,recommendation_system,data_collection,data_preparation,44,low,1,43592,44941,standard,,repo
task_003240,proj_00356,Half the rows in the user interaction dataset don't look right.,recommendation_system,data_cleaning,data_preparation,76,low,1,44942,45794,ambiguous,task_003239,repo
task_003241,proj_00356,Visualise trends in user click-through rate over time using the user interaction dataset.,recommendation_system,exploratory_data_analysis,analysis,68,low,1,45883,47050,standard,task_003240,repo
task_003242,proj_00356,"Create the lagged variables from category preference, then aggregate them at project level.",recommendation_system,feature_engineering,analysis,299,medium,2,46046,46656,multi_step,task_003241,repo
task_003243,proj_00356,Give the matrix factorisation model another run with the latest user interaction dataset.,recommendation_system,model_training,modelling,93,low,1,46073,47125,ambiguous,task_003242,repo
task_003244,proj_00356,"Compute precision, recall and F1 for user click-through rate predictions.",recommendation_system,model_evaluation,modelling,53,low,1,47239,48293,standard,task_003243,repo
task_003245,proj_00356,Document known limitations of the current matrix factorisation model.,recommendation_system,reporting_documentation,reporting,148,medium,2,47256,47579,standard,task_003244,repo
task_003246,proj_00357,Retrieving additional records is required to complete the historical sales dataset.,sales_forecasting,data_collection,data_preparation,81,low,1,57872,59139,standard,,repo
task_003247,proj_00357,"First fix the encoding issues in the historical sales dataset, then reconcile the mismatched identifiers.",sales_forecasting,data_cleaning,data_preparation,181,medium,2,58032,58340,multi_step,task_003246,repo
task_003248,proj_00357,Not sure what's driving product demand — dig into it.,sales_forecasting,exploratory_data_analysis,analysis,110,high,3,58056,58218,ambiguous,task_003247,repo
task_003249,proj_00357,Retrain the gradient boosting regressor on the historical sales dataset without changing the current hyperparameters.,sales_forecasting,model_training,modelling,347,high,3,59103,59555,negation,task_003248,repo
task_003250,proj_00357,Run an error analysis on the gradient boosting regressor predictions for product demand.,sales_forecasting,model_evaluation,modelling,175,medium,2,59582,60088,standard,task_003249,repo
task_003251,proj_00357,Write handover notes for the historical sales dataset project.,sales_forecasting,reporting_documentation,reporting,135,low,1,60811,61712,standard,task_003250,repo
task_003252,proj_00357,Patch a schema change that broke the historical sales dataset pipeline.,sales_forecasting,data_pipeline_maintenance,infrastructure,67,high,3,73221,73340,standard,,repo
task_003253,proj_00357,Reviewing pipeline logs after an unexpected failure.,sales_forecasting,data_pipeline_maintenance,infrastructure,75,low,1,74612,75563,standard,,repo
task_003254,proj_00358,Scrape supplementary records to enrich the conversion funnel dataset.,ab_testing_analysis,data_collection,data_preparation,47,low,1,30486,31380,standard,,repo
task_003255,proj_00358,Clean the conversion funnel dataset for conversion rate uplift modelling without altering the original source files.,ab_testing_analysis,data_cleaning,data_preparation,142,low,1,30937,31814,negation,task_003254,repo
task_003256,proj_00358,Reduce dimensionality of the conversion funnel dataset using feature selection.,ab_testing_analysis,feature_engineering,analysis,167,medium,2,31642,32136,standard,task_003255,repo
task_003257,proj_00358,"First fit the Bayesian A/B testing model on a sample, then run the full training on the conversion funnel dataset.",ab_testing_analysis,model_training,modelling,79,high,3,32216,32439,multi_step,task_003256,repo
task_003258,proj_00358,Investigate a drop in Bayesian A/B testing model recall after the last conversion funnel dataset update.,ab_testing_analysis,model_evaluation,modelling,94,high,3,32627,32889,standard,task_003257,repo
task_003259,proj_00358,Set up the training pipeline for the Bayesian A/B testing model.,ab_testing_analysis,model_training,modelling,340,medium,2,33672,34222,standard,task_003258,repo
task_003260,proj_00358,Investigate a drop in Bayesian A/B testing model recall after the last conversion funnel dataset update.,ab_testing_analysis,model_evaluation,modelling,127,high,3,34338,34571,standard,task_003259,repo
task_003261,proj_00358,Run cross-validation while training the Bayesian A/B testing model on the conversion funnel dataset.,ab_testing_analysis,model_training,modelling,336,low,1,35184,36444,standard,task_003260,repo
task_003262,proj_00358,"First reproduce the reported Bayesian A/B testing model metrics, then investigate the drop in recall.",ab_testing_analysis,model_evaluation,modelling,143,high,3,35307,35492,multi_step,task_003261,repo
task_003263,proj_00358,"Draft the conversion rate uplift findings first, then turn them into slides for stakeholders.",ab_testing_analysis,reporting_documentation,reporting,144,medium,2,36127,36571,multi_step,task_003262,repo
task_003264,proj_00359,Gather historical records to build the store-level sales dataset.,sales_forecasting,data_collection,data_preparation,156,medium,2,42773,43207,standard,,repo
task_003265,proj_00359,Detect and treat outliers in promotional calendar within the store-level sales dataset.,sales_forecasting,data_cleaning,data_preparation,89,low,1,42844,43343,standard,task_003264,repo
task_003266,proj_00359,Segment the store-level sales dataset first and afterwards compare promotional calendar across the segments.,sales_forecasting,exploratory_data_analysis,analysis,174,high,3,43064,43292,multi_step,task_003265,repo
task_003267,proj_00359,Train a gradient boosting regressor to predict weekly sales volume using the store-level sales dataset.,sales_forecasting,model_training,modelling,132,medium,2,44309,44712,standard,task_003266,repo
task_003268,proj_00359,"Score the gradient boosting regressor on the held-out split, then run an error analysis on the failures.",sales_forecasting,model_evaluation,modelling,43,high,3,45235,45353,multi_step,task_003267,repo
task_003269,proj_00359,Train a gradient boosting regressor to predict weekly sales volume using the store-level sales dataset.,sales_forecasting,model_training,modelling,267,high,3,45594,45985,standard,task_003268,repo
task_003270,proj_00359,Validate the gradient boosting regressor without touching the held-out test split.,sales_forecasting,model_evaluation,modelling,98,high,3,46087,46236,negation,task_003269,repo
task_003271,proj_00359,Training a gradient boosting regressor from scratch on the updated store-level sales dataset.,sales_forecasting,model_training,modelling,60,high,3,47499,47623,standard,task_003270,repo
task_003272,proj_00359,"First reproduce the reported gradient boosting regressor metrics, then investigate the drop in recall.",sales_forecasting,model_evaluation,modelling,110,high,3,47887,48171,multi_step,task_003271,repo
task_003273,proj_00359,Prepare slides presenting the gradient boosting regressor performance to stakeholders.,sales_forecasting,reporting_documentation,reporting,32,low,1,48633,49760,standard,task_003272,repo
task_003274,proj_00360,Validate that the credit card transactions dataset covers the full required time range.,fraud_detection,data_collection,data_preparation,142,medium,2,46840,47418,standard,,repo
task_003275,proj_00360,Handle missing observations in the credit card transactions dataset to prepare it for fraudulent transactions modelling.,fraud_detection,data_cleaning,data_preparation,142,low,1,47550,48940,standard,task_003274,repo
task_003276,proj_00360,Segment the credit card transactions dataset first and afterwards compare merchant category across the segments.,fraud_detection,exploratory_data_analysis,analysis,225,low,1,47769,48498,multi_step,task_003275,repo
task_003277,proj_00360,Encode categorical variables in the credit card transactions dataset for the gradient boosting model.,fraud_detection,feature_engineering,analysis,298,medium,2,48733,49453,standard,task_003276,repo
task_003278,proj_00360,Get a first fraudulent transactions baseline without tuning the gradient boosting model at all.,fraud_detection,model_training,modelling,74,high,3,50128,50248,negation,task_003277,repo
task_003279,proj_00360,Evaluate the gradient boosting model on a held-out split of the credit card transactions dataset.,fraud_detection,model_evaluation,modelling,130,medium,2,50241,50837,standard,task_003278,repo
task_003280,proj_00360,Write handover notes for the credit card transactions dataset project.,fraud_detection,reporting_documentation,reporting,107,medium,2,51529,51762,standard,task_003279,repo
task_003281,proj_00360,Patch a schema change that broke the credit card transactions dataset pipeline.,fraud_detection,data_pipeline_maintenance,infrastructure,15,low,1,64456,64969,standard,,repo
task_003282,proj_00361,Gather the missing records for the customer churn dataset without hitting production directly.,customer_churn,data_collection,data_preparation,74,high,3,12761,12956,negation,,repo
task_003283,proj_00361,Filter out invalid or corrupted rows from the customer churn dataset.,customer_churn,data_cleaning,data_preparation,125,medium,2,13484,13903,standard,task_003282,repo
task_003284,proj_00361,Encode categorical variables in the customer churn dataset for the logistic regression model.,customer_churn,feature_engineering,analysis,152,medium,2,13799,14088,standard,task_003283,repo
task_003285,proj_00361,"First fit the logistic regression model on a sample, then run the full training on the customer churn dataset.",customer_churn,model_training,modelling,309,medium,2,13935,14659,multi_step,task_003284,repo
task_003286,proj_00361,Evaluate the logistic regression model on a held-out split of the customer churn dataset.,customer_churn,model_evaluation,modelling,131,medium,2,13976,14507,standard,task_003285,repo
task_003287,proj_00361,Updating the project README with the latest customer churn dataset schema.,customer_churn,reporting_documentation,reporting,169,low,1,14111,15419,standard,task_003286,repo
task_003288,proj_00361,Fix a broken scheduled job feeding the customer churn dataset.,customer_churn,data_pipeline_maintenance,infrastructure,114,medium,2,20903,21260,standard,,repo
task_003289,proj_00361,The customer churn dataset pipeline has been flaky all week.,customer_churn,data_pipeline_maintenance,infrastructure,49,medium,2,27988,28221,ambiguous,,repo
task_003290,proj_00361,Add monitoring for a recurring failure in the customer churn dataset pipeline.,customer_churn,data_pipeline_maintenance,infrastructure,87,high,3,19430,19625,standard,,repo
task_003291,proj_00362,Collect raw data for the clinical notes dataset from the source system.,healthcare_readmission,data_collection,data_preparation,85,low,1,44486,45523,standard,,repo
task_003292,proj_00362,Remove duplicate records from the clinical notes dataset.,healthcare_readmission,data_cleaning,data_preparation,156,low,1,44523,45696,standard,task_003291,repo
task_003293,proj_00362,Finalise the feature set to be used by the gradient boosting model.,healthcare_readmission,feature_engineering,analysis,93,high,3,45179,45349,standard,task_003292,repo
task_003294,proj_00362,Retrain the gradient boosting model after incorporating the new features.,healthcare_readmission,model_training,modelling,295,medium,2,45779,46288,standard,task_003293,repo
task_003295,proj_00362,"Compute precision, recall and F1 for patient risk score predictions.",healthcare_readmission,model_evaluation,modelling,77,high,3,46986,47239,standard,task_003294,repo
task_003296,proj_00362,Fine-tune the gradient boosting model on a recent snapshot of the clinical notes dataset.,healthcare_readmission,model_training,modelling,173,medium,2,47307,47648,standard,task_003295,repo
task_003297,proj_00362,Evaluate the gradient boosting model on a held-out split of the clinical notes dataset.,healthcare_readmission,model_evaluation,modelling,38,medium,2,47464,47951,standard,task_003296,repo
task_003298,proj_00362,Prepare slides presenting the gradient boosting model performance to stakeholders.,healthcare_readmission,reporting_documentation,reporting,121,low,1,48342,49810,standard,task_003297,repo
task_003299,proj_00362,Refactor the ingestion pipeline for the clinical notes dataset to reduce runtime.,healthcare_readmission,data_pipeline_maintenance,infrastructure,46,low,1,60525,61049,standard,,repo
task_003300,proj_00362,"Check the pipeline logs, then patch the schema change that broke the clinical notes dataset ingestion.",healthcare_readmission,data_pipeline_maintenance,infrastructure,65,medium,2,46696,46950,multi_step,,repo
task_003301,proj_00362,Restore the clinical notes dataset pipeline without triggering a full historical backfill.,healthcare_readmission,data_pipeline_maintenance,infrastructure,101,medium,2,44012,44466,negation,,repo
task_003302,proj_00363,Scrape supplementary records to enrich the demand forecasting dataset.,sales_forecasting,data_collection,data_preparation,131,low,1,56161,57024,standard,,repo
task_003303,proj_00363,Fixing encoding issues in the demand forecasting dataset before further processing.,sales_forecasting,data_cleaning,data_preparation,234,low,1,57034,57797,standard,task_003302,repo
task_003304,proj_00363,Summarise the demand forecasting dataset without producing any new visualisations.,sales_forecasting,exploratory_data_analysis,analysis,135,medium,2,57986,58280,negation,task_003303,repo
task_003305,proj_00363,See if we can squeeze more out of lag features for inventory requirements.,sales_forecasting,feature_engineering,analysis,178,high,3,58524,58764,ambiguous,task_003304,repo
task_003306,proj_00363,"The temporal fusion transformer isn't picking anything up, have a go at it.",sales_forecasting,model_training,modelling,118,low,1,58541,59604,ambiguous,task_003305,repo
task_003307,proj_00363,Investigate a drop in temporal fusion transformer recall after the last demand forecasting dataset update.,sales_forecasting,model_evaluation,modelling,170,low,1,58887,59684,standard,task_003306,repo
task_003308,proj_00363,Training a temporal fusion transformer from scratch on the updated demand forecasting dataset.,sales_forecasting,model_training,modelling,110,high,3,59785,59968,standard,task_003307,repo
task_003309,proj_00363,Compare the temporal fusion transformer against the previous version without retraining either of them.,sales_forecasting,model_evaluation,modelling,164,high,3,59938,60265,negation,task_003308,repo
task_003310,proj_00363,Nobody knows how the temporal fusion transformer works — fix that.,sales_forecasting,reporting_documentation,reporting,31,medium,2,61126,61566,ambiguous,task_003309,repo
task_003311,proj_00364,Gather the missing records for the sensor telemetry dataset without hitting production directly.,predictive_maintenance,data_collection,data_preparation,175,medium,2,11909,12557,negation,,repo
task_003312,proj_00364,Fixing encoding issues in the sensor telemetry dataset before further processing.,predictive_maintenance,data_cleaning,data_preparation,210,medium,2,12887,13412,standard,task_003311,repo
task_003313,proj_00364,"sensor drift on its own isn't telling us much, work on it.",predictive_maintenance,feature_engineering,analysis,71,medium,2,14040,14404,ambiguous,task_003312,repo
task_003314,proj_00364,Give the LSTM survival model another run with the latest sensor telemetry dataset.,predictive_maintenance,model_training,modelling,333,high,3,14539,14957,ambiguous,task_003313,repo
task_003315,proj_00364,"Score the LSTM survival model on the held-out split, then run an error analysis on the failures.",predictive_maintenance,model_evaluation,modelling,69,medium,2,14691,15177,multi_step,task_003314,repo
task_003316,proj_00364,Document known limitations of the current LSTM survival model.,predictive_maintenance,reporting_documentation,reporting,160,low,1,15688,16724,standard,task_003315,repo
task_003317,proj_00365,Extract records for the smart meter dataset without pulling any personally identifiable fields.,energy_consumption,data_collection,data_preparation,167,low,1,72698,73573,negation,,repo
task_003318,proj_00365,Standardise column formats across the smart meter dataset.,energy_consumption,data_cleaning,data_preparation,45,low,1,72990,73843,standard,task_003317,repo
task_003319,proj_00365,Not sure what's driving energy anomalies — dig into it.,energy_consumption,exploratory_data_analysis,analysis,116,medium,2,73575,73878,ambiguous,task_003318,repo
task_003320,proj_00365,Deriving interaction terms between occupancy patterns and other variables.,energy_consumption,feature_engineering,analysis,76,medium,2,74664,75044,standard,task_003319,repo
task_003321,proj_00365,Set up the training pipeline for the gradient boosting regressor.,energy_consumption,model_training,modelling,65,high,3,75861,75959,standard,task_003320,repo
task_003322,proj_00365,"Compute precision, recall and F1 for energy anomalies predictions.",energy_consumption,model_evaluation,modelling,83,high,3,76137,76320,standard,task_003321,repo
task_003323,proj_00365,Run cross-validation while training the gradient boosting regressor on the smart meter dataset.,energy_consumption,model_training,modelling,172,high,3,77577,77812,standard,task_003322,repo
task_003324,proj_00365,Check whether the gradient boosting regressor is actually any good on energy anomalies.,energy_consumption,model_evaluation,modelling,121,high,3,78490,78673,ambiguous,task_003323,repo
task_003325,proj_00365,Draft release notes describing changes to the gradient boosting regressor pipeline.,energy_consumption,reporting_documentation,reporting,92,low,1,79929,80658,standard,task_003324,repo
task_003326,proj_00366,Gather historical records to build the HR records dataset.,employee_attrition,data_collection,data_preparation,118,medium,2,1790,2332,standard,,repo
task_003327,proj_00366,"The HR records dataset looks messy again, deal with it.",employee_attrition,data_cleaning,data_preparation,146,medium,2,2277,2746,ambiguous,task_003326,repo
task_003328,proj_00366,Check for seasonality patterns related to manager changes in the HR records dataset.,employee_attrition,exploratory_data_analysis,analysis,201,medium,2,3489,3877,standard,task_003327,repo
task_003329,proj_00366,Train a logistic regression model to predict resignation risk using the HR records dataset.,employee_attrition,model_training,modelling,142,high,3,3649,3843,standard,task_003328,repo
task_003330,proj_00366,Assessing whether the logistic regression model meets the required performance threshold.,employee_attrition,model_evaluation,modelling,150,medium,2,4515,5096,standard,task_003329,repo
task_003331,proj_00366,Training a logistic regression model from scratch on the updated HR records dataset.,employee_attrition,model_training,modelling,358,high,3,4613,5136,standard,task_003330,repo
task_003332,proj_00366,Compare the logistic regression model against a previous version on the HR records dataset.,employee_attrition,model_evaluation,modelling,37,medium,2,5074,5508,standard,task_003331,repo
task_003333,proj_00366,Updating the project README with the latest HR records dataset schema.,employee_attrition,reporting_documentation,reporting,129,low,1,5654,6331,standard,task_003332,repo
task_003334,proj_00367,"Request access to the new source, then pull an initial extract into the A/B test results dataset.",ab_testing_analysis,data_collection,data_preparation,147,high,3,49179,49366,multi_step,,repo
task_003335,proj_00367,Filter out invalid or corrupted rows from the A/B test results dataset.,ab_testing_analysis,data_cleaning,data_preparation,209,medium,2,49978,50385,standard,task_003334,repo
task_003336,proj_00367,"Whatever we did last time to the causal inference model, do it again with the new data.",ab_testing_analysis,model_training,modelling,261,medium,2,50165,50576,ambiguous,task_003335,repo
task_003337,proj_00367,Assess the causal inference model on conversion rate uplift without relying on accuracy as the headline metric.,ab_testing_analysis,model_evaluation,modelling,95,medium,2,50800,51033,negation,task_003336,repo
task_003338,proj_00367,"First collect the causal inference model results, then prepare a one-page summary for management.",ab_testing_analysis,reporting_documentation,reporting,130,high,3,51718,51956,multi_step,task_003337,repo
task_003339,proj_00367,"First add monitoring for the recurring failure, then refactor the A/B test results dataset ingestion.",ab_testing_analysis,data_pipeline_maintenance,infrastructure,59,low,1,55672,56742,multi_step,,repo
task_003340,proj_00368,Retrieving additional records is required to complete the clickstream dataset.,recommendation_system,data_collection,data_preparation,95,low,1,12214,13390,standard,,repo
task_003341,proj_00368,Standardise column formats across the clickstream dataset.,recommendation_system,data_cleaning,data_preparation,219,medium,2,13591,14265,standard,task_003340,repo
task_003342,proj_00368,Assess class imbalance in user click-through rate without resampling the clickstream dataset at this stage.,recommendation_system,exploratory_data_analysis,analysis,113,medium,2,14742,15026,negation,task_003341,repo
task_003343,proj_00368,"user embeddings on its own isn't telling us much, work on it.",recommendation_system,feature_engineering,analysis,277,medium,2,16147,16564,ambiguous,task_003342,repo
task_003344,proj_00368,Give the collaborative filtering model another run with the latest clickstream dataset.,recommendation_system,model_training,modelling,110,high,3,17255,17499,ambiguous,task_003343,repo
task_003345,proj_00368,Investigate a drop in collaborative filtering model recall after the last clickstream dataset update.,recommendation_system,model_evaluation,modelling,109,high,3,17572,17732,standard,task_003344,repo
task_003346,proj_00368,"Update the README with the new clickstream dataset schema, then draft the collaborative filtering model release notes.",recommendation_system,reporting_documentation,reporting,97,low,1,18934,20417,multi_step,task_003345,repo
task_003347,proj_00368,Reviewing pipeline logs after an unexpected failure.,recommendation_system,data_pipeline_maintenance,infrastructure,107,high,3,19439,19648,standard,,repo
task_003348,proj_00368,Restart and verify the clickstream dataset pipeline after a maintenance window.,recommendation_system,data_pipeline_maintenance,infrastructure,61,medium,2,26697,27064,standard,,repo
task_003349,proj_00369,"First query the production database, then consolidate the extracts into the logistics dataset.",supply_chain_optimisation,data_collection,data_preparation,165,low,1,10340,10802,multi_step,,repo
task_003350,proj_00369,Reconcile mismatched identifiers between two versions of the logistics dataset.,supply_chain_optimisation,data_cleaning,data_preparation,124,high,3,11120,11373,standard,task_003349,repo
task_003351,proj_00369,Summarising key findings from the exploratory analysis of the logistics dataset.,supply_chain_optimisation,exploratory_data_analysis,analysis,172,low,1,12547,13887,standard,task_003350,repo
task_003352,proj_00369,Finalise the feature set to be used by the gradient boosting regressor.,supply_chain_optimisation,feature_engineering,analysis,244,medium,2,13384,14073,standard,task_003351,repo
task_003353,proj_00369,Set up the training pipeline for the gradient boosting regressor.,supply_chain_optimisation,model_training,modelling,244,high,3,14086,14471,standard,task_003352,repo
task_003354,proj_00369,Check whether the gradient boosting regressor is actually any good on delivery delay.,supply_chain_optimisation,model_evaluation,modelling,99,medium,2,14860,15383,ambiguous,task_003353,repo
task_003355,proj_00369,Set up cross-validation and then fit the gradient boosting regressor on the prepared logistics dataset.,supply_chain_optimisation,model_training,modelling,92,medium,2,15904,16259,multi_step,task_003354,repo
task_003356,proj_00369,Assessing whether the gradient boosting regressor meets the required performance threshold.,supply_chain_optimisation,model_evaluation,modelling,75,medium,2,16178,16562,standard,task_003355,repo
task_003357,proj_00369,Document the data preparation steps applied to the logistics dataset.,supply_chain_optimisation,reporting_documentation,reporting,176,low,1,16238,17281,standard,task_003356,repo
task_003358,proj_00370,We're short on records for the intrusion detection dataset — sort it out.,network_intrusion_detection,data_collection,data_preparation,76,low,1,52678,53484,ambiguous,,repo
task_003359,proj_00370,"The intrusion detection dataset looks messy again, deal with it.",network_intrusion_detection,data_cleaning,data_preparation,100,low,1,52720,53813,ambiguous,task_003358,repo
task_003360,proj_00370,Check for seasonality patterns related to connection duration in the intrusion detection dataset.,network_intrusion_detection,exploratory_data_analysis,analysis,113,low,1,53940,54543,standard,task_003359,repo
task_003361,proj_00370,Encode categorical variables in the intrusion detection dataset for the autoencoder model.,network_intrusion_detection,feature_engineering,analysis,230,high,3,54540,54939,standard,task_003360,repo
task_003362,proj_00370,Set up the training pipeline for the autoencoder model.,network_intrusion_detection,model_training,modelling,186,high,3,55750,56006,standard,task_003361,repo
task_003363,proj_00370,Compare the autoencoder model against a previous version on the intrusion detection dataset.,network_intrusion_detection,model_evaluation,modelling,107,high,3,56615,56831,standard,task_003362,repo
task_003364,proj_00370,Prepare slides presenting the autoencoder model performance to stakeholders.,network_intrusion_detection,reporting_documentation,reporting,145,medium,2,57067,57444,standard,task_003363,repo
task_003365,proj_00370,Patch a schema change that broke the intrusion detection dataset pipeline.,network_intrusion_detection,data_pipeline_maintenance,infrastructure,102,high,3,59450,59589,standard,,repo
task_003366,proj_00370,Patch a schema change that broke the intrusion detection dataset pipeline.,network_intrusion_detection,data_pipeline_maintenance,infrastructure,78,high,3,69548,69747,standard,,repo
task_003367,proj_00370,Reviewing pipeline logs after an unexpected failure.,network_intrusion_detection,data_pipeline_maintenance,infrastructure,30,low,1,57517,58911,standard,,repo
task_003368,proj_00371,Pull the latest records and afterwards check the loan applications dataset covers the full time range.,credit_scoring,data_collection,data_preparation,159,medium,2,36991,37402,multi_step,,repo
task_003369,proj_00371,Something's wrong with repayment history in the loan applications dataset.,credit_scoring,data_cleaning,data_preparation,42,low,1,37552,38231,ambiguous,task_003368,repo
task_003370,proj_00371,Build aggregated features summarising repayment history at the project level.,credit_scoring,feature_engineering,analysis,282,medium,2,38883,39631,standard,task_003369,repo
task_003371,proj_00371,"Whatever we did last time to the XGBoost model, do it again with the new data.",credit_scoring,model_training,modelling,270,high,3,38949,39286,ambiguous,task_003370,repo
task_003372,proj_00371,"First reproduce the reported XGBoost model metrics, then investigate the drop in recall.",credit_scoring,model_evaluation,modelling,148,medium,2,39419,39982,multi_step,task_003371,repo
task_003373,proj_00371,"Update the README with the new loan applications dataset schema, then draft the XGBoost model release notes.",credit_scoring,reporting_documentation,reporting,112,low,1,40314,41065,multi_step,task_003372,repo
task_003374,proj_00371,Patch a schema change that broke the loan applications dataset pipeline.,credit_scoring,data_pipeline_maintenance,infrastructure,50,high,3,36727,36818,standard,,repo
task_003375,proj_00371,Reviewing pipeline logs after an unexpected failure.,credit_scoring,data_pipeline_maintenance,infrastructure,119,medium,2,48317,48830,standard,,repo
task_003376,proj_00371,Investigate a failed run in the loan applications dataset ingestion pipeline.,credit_scoring,data_pipeline_maintenance,infrastructure,62,medium,2,38676,39123,standard,,repo
task_003377,proj_00372,Scrape supplementary records to enrich the smart meter dataset.,energy_consumption,data_collection,data_preparation,111,low,1,9261,10011,standard,,repo
task_003378,proj_00372,"First fix the encoding issues in the smart meter dataset, then reconcile the mismatched identifiers.",energy_consumption,data_cleaning,data_preparation,36,medium,2,9521,9793,multi_step,task_003377,repo
task_003379,proj_00372,Check for seasonality patterns related to occupancy patterns in the smart meter dataset.,energy_consumption,exploratory_data_analysis,analysis,100,medium,2,10710,11200,standard,task_003378,repo
task_003380,proj_00372,Normalise and scale occupancy patterns ahead of model training.,energy_consumption,feature_engineering,analysis,186,high,3,12010,12234,standard,task_003379,repo
task_003381,proj_00372,Retrain the gradient boosting regressor after incorporating the new features.,energy_consumption,model_training,modelling,161,medium,2,12431,12889,standard,task_003380,repo
task_003382,proj_00372,Run an error analysis on the gradient boosting regressor predictions for hourly energy consumption.,energy_consumption,model_evaluation,modelling,162,high,3,13164,13401,standard,task_003381,repo
task_003383,proj_00372,Document known limitations of the current gradient boosting regressor.,energy_consumption,reporting_documentation,reporting,177,medium,2,13233,13778,standard,task_003382,repo
task_003384,proj_00372,Reviewing pipeline logs after an unexpected failure.,energy_consumption,data_pipeline_maintenance,infrastructure,107,medium,2,19884,20426,standard,,repo
task_003385,proj_00373,Requesting access to a new data source needed for the demand forecasting dataset.,sales_forecasting,data_collection,data_preparation,163,medium,2,58503,58875,standard,,repo
task_003386,proj_00373,Resolve inconsistent entries in the demand forecasting dataset without dropping any rows.,sales_forecasting,data_cleaning,data_preparation,123,high,3,58520,58729,negation,task_003385,repo
task_003387,proj_00373,Fine-tune the gradient boosting regressor on a recent snapshot of the demand forecasting dataset.,sales_forecasting,model_training,modelling,126,medium,2,59260,59724,standard,task_003386,repo
task_003388,proj_00373,The gradient boosting regressor was fine last month and now it isn't.,sales_forecasting,model_evaluation,modelling,119,high,3,59453,59722,ambiguous,task_003387,repo
task_003389,proj_00373,Updating the project README with the latest demand forecasting dataset schema.,sales_forecasting,reporting_documentation,reporting,42,medium,2,60281,60678,standard,task_003388,repo
task_003390,proj_00374,"Request access to the new source, then pull an initial extract into the logistics dataset.",supply_chain_optimisation,data_collection,data_preparation,39,low,1,21185,22470,multi_step,,repo
task_003391,proj_00374,Standardise column formats across the logistics dataset.,supply_chain_optimisation,data_cleaning,data_preparation,131,low,1,21455,22959,standard,task_003390,repo
task_003392,proj_00374,Run a first exploratory pass over the logistics dataset to understand its structure.,supply_chain_optimisation,exploratory_data_analysis,analysis,225,low,1,21925,23399,standard,task_003391,repo
task_003393,proj_00374,"First fit the random forest regressor on a sample, then run the full training on the logistics dataset.",supply_chain_optimisation,model_training,modelling,194,medium,2,23304,23750,multi_step,task_003392,repo
task_003394,proj_00374,Check whether the random forest regressor is actually any good on stock-out risk.,supply_chain_optimisation,model_evaluation,modelling,81,medium,2,24143,24478,ambiguous,task_003393,repo
task_003395,proj_00374,Summarise key findings from the stock-out risk analysis for the team.,supply_chain_optimisation,reporting_documentation,reporting,83,high,3,24426,24594,standard,task_003394,repo
task_003396,proj_00374,Restart and verify the logistics dataset pipeline after a maintenance window.,supply_chain_optimisation,data_pipeline_maintenance,infrastructure,106,medium,2,25402,25952,standard,,repo
task_003397,proj_00375,Scrape supplementary records to enrich the payments dataset.,fraud_detection,data_collection,data_preparation,75,medium,2,74526,74902,standard,,repo
task_003398,proj_00375,Handle missing observations in the payments dataset to prepare it for anomalous payments modelling.,fraud_detection,data_cleaning,data_preparation,126,low,1,75370,76427,standard,task_003397,repo
task_003399,proj_00375,Summarise the payments dataset without producing any new visualisations.,fraud_detection,exploratory_data_analysis,analysis,212,low,1,75817,77066,negation,task_003398,repo
task_003400,proj_00375,The inputs to the gradient boosting model need rethinking.,fraud_detection,feature_engineering,analysis,281,medium,2,76328,76763,ambiguous,task_003399,repo
task_003401,proj_00375,Retrain the gradient boosting model after incorporating the new features.,fraud_detection,model_training,modelling,332,low,1,77669,79053,standard,task_003400,repo
task_003402,proj_00375,Check whether the gradient boosting model is actually any good on anomalous payments.,fraud_detection,model_evaluation,modelling,100,low,1,79084,79907,ambiguous,task_003401,repo
task_003403,proj_00375,Nobody knows how the gradient boosting model works — fix that.,fraud_detection,reporting_documentation,reporting,110,low,1,79111,80605,ambiguous,task_003402,repo
task_003404,proj_00375,Fix the failing payments dataset job without taking the pipeline offline.,fraud_detection,data_pipeline_maintenance,infrastructure,34,low,1,78194,78614,negation,,repo
task_003405,proj_00375,"Check the pipeline logs, then patch the schema change that broke the payments dataset ingestion.",fraud_detection,data_pipeline_maintenance,infrastructure,37,medium,2,81396,81582,multi_step,,repo
task_003406,proj_00376,Gather the missing records for the warehouse inventory dataset without hitting production directly.,supply_chain_optimisation,data_collection,data_preparation,100,medium,2,50753,50996,negation,,repo
task_003407,proj_00376,Treat the outliers in warehouse capacity without imputing any values.,supply_chain_optimisation,data_cleaning,data_preparation,94,medium,2,51508,51811,negation,task_003406,repo
task_003408,proj_00376,Produce summary statistics and visualisations for the warehouse inventory dataset.,supply_chain_optimisation,exploratory_data_analysis,analysis,139,low,1,52805,53732,standard,task_003407,repo
task_003409,proj_00376,Normalise and scale warehouse capacity ahead of model training.,supply_chain_optimisation,feature_engineering,analysis,204,medium,2,52967,53635,standard,task_003408,repo
task_003410,proj_00376,Fit the mixed-integer optimisation model on the warehouse inventory dataset without using the warehouse capacity column.,supply_chain_optimisation,model_training,modelling,279,medium,2,53682,54372,negation,task_003409,repo
task_003411,proj_00376,Assessing whether the mixed-integer optimisation model meets the required performance threshold.,supply_chain_optimisation,model_evaluation,modelling,177,high,3,55070,55331,standard,task_003410,repo
task_003412,proj_00376,Write up the route efficiency results without waiting for the final mixed-integer optimisation model run.,supply_chain_optimisation,reporting_documentation,reporting,145,medium,2,56295,56743,negation,task_003411,repo
task_003413,proj_00376,"The warehouse inventory dataset numbers look stale, find out why.",supply_chain_optimisation,data_pipeline_maintenance,infrastructure,117,low,1,52581,53218,ambiguous,,repo
task_003414,proj_00377,Retrieving additional records is required to complete the subscription churn dataset.,customer_churn,data_collection,data_preparation,52,low,1,65239,65681,standard,,repo
task_003415,proj_00377,Filter out invalid or corrupted rows from the subscription churn dataset.,customer_churn,data_cleaning,data_preparation,222,medium,2,65667,66326,standard,task_003414,repo
task_003416,proj_00377,Segment the subscription churn dataset first and afterwards compare monthly charges across the segments.,customer_churn,exploratory_data_analysis,analysis,181,medium,2,66508,67041,multi_step,task_003415,repo
task_003417,proj_00377,Fit the gradient boosting model on the prepared subscription churn dataset.,customer_churn,model_training,modelling,349,high,3,67354,67854,standard,task_003416,repo
task_003418,proj_00377,Assessing whether the gradient boosting model meets the required performance threshold.,customer_churn,model_evaluation,modelling,72,medium,2,67810,68249,standard,task_003417,repo
task_003419,proj_00377,Updating the project README with the latest subscription churn dataset schema.,customer_churn,reporting_documentation,reporting,77,low,1,68298,69412,standard,task_003418,repo
task_003420,proj_00378,Extract records for the credit bureau dataset without pulling any personally identifiable fields.,credit_scoring,data_collection,data_preparation,81,low,1,76363,76871,negation,,repo
task_003421,proj_00378,Deduplicate the credit bureau dataset and then standardise the loan term column formats.,credit_scoring,data_cleaning,data_preparation,114,medium,2,77668,77917,multi_step,task_003420,repo
task_003422,proj_00378,Assess class imbalance in repayment probability without resampling the credit bureau dataset at this stage.,credit_scoring,exploratory_data_analysis,analysis,91,low,1,78732,79359,negation,task_003421,repo
task_003423,proj_00378,Build aggregated features summarising loan term at the project level.,credit_scoring,feature_engineering,analysis,90,medium,2,78840,79230,standard,task_003422,repo
task_003424,proj_00378,Get a first repayment probability baseline without tuning the scorecard model at all.,credit_scoring,model_training,modelling,308,high,3,78903,79310,negation,task_003423,repo
task_003425,proj_00378,"First reproduce the reported scorecard model metrics, then investigate the drop in recall.",credit_scoring,model_evaluation,modelling,102,medium,2,79497,79744,multi_step,task_003424,repo
task_003426,proj_00378,Run cross-validation while training the scorecard model on the credit bureau dataset.,credit_scoring,model_training,modelling,275,high,3,79514,79937,standard,task_003425,repo
task_003427,proj_00378,Assess the scorecard model on repayment probability without relying on accuracy as the headline metric.,credit_scoring,model_evaluation,modelling,109,medium,2,80339,80790,negation,task_003426,repo
task_003428,proj_00378,"Update the README with the new credit bureau dataset schema, then draft the scorecard model release notes.",credit_scoring,reporting_documentation,reporting,106,medium,2,81370,81899,multi_step,task_003427,repo
task_003429,proj_00378,Monitor data quality alerts for the credit bureau dataset pipeline.,credit_scoring,data_pipeline_maintenance,infrastructure,68,high,3,85071,85267,standard,,repo
task_003430,proj_00378,"First add monitoring for the recurring failure, then refactor the credit bureau dataset ingestion.",credit_scoring,data_pipeline_maintenance,infrastructure,103,high,3,86317,86515,multi_step,,repo
task_003431,proj_00378,Fix a broken scheduled job feeding the credit bureau dataset.,credit_scoring,data_pipeline_maintenance,infrastructure,17,medium,2,85762,86079,standard,,repo
task_003432,proj_00379,Scrape supplementary records to enrich the demand forecasting dataset.,sales_forecasting,data_collection,data_preparation,148,low,1,74949,75562,standard,,repo
task_003433,proj_00379,Clean the demand forecasting dataset for weekly sales volume modelling without altering the original source files.,sales_forecasting,data_cleaning,data_preparation,65,medium,2,76264,76643,negation,task_003432,repo
task_003434,proj_00379,Reduce the dimensionality of the demand forecasting dataset without discarding promotional calendar.,sales_forecasting,feature_engineering,analysis,112,low,1,76735,77846,negation,task_003433,repo
task_003435,proj_00379,"The SARIMA model isn't picking anything up, have a go at it.",sales_forecasting,model_training,modelling,64,low,1,77965,78985,ambiguous,task_003434,repo
task_003436,proj_00379,Check the SARIMA model for fairness across segments of the demand forecasting dataset.,sales_forecasting,model_evaluation,modelling,165,low,1,78205,79456,standard,task_003435,repo
task_003437,proj_00379,Write handover notes for the demand forecasting dataset project.,sales_forecasting,reporting_documentation,reporting,139,low,1,79601,80140,standard,task_003436,repo
task_003438,proj_00379,Restore the demand forecasting dataset pipeline without triggering a full historical backfill.,sales_forecasting,data_pipeline_maintenance,infrastructure,82,medium,2,94183,94671,negation,,repo
task_003439,proj_00379,Fix the failing demand forecasting dataset job without taking the pipeline offline.,sales_forecasting,data_pipeline_maintenance,infrastructure,93,medium,2,92736,93093,negation,,repo
task_003440,proj_00380,Extract records for the maintenance records dataset without pulling any personally identifiable fields.,predictive_maintenance,data_collection,data_preparation,95,medium,2,38761,39132,negation,,repo
task_003441,proj_00380,Detect and treat outliers in operating hours within the maintenance records dataset.,predictive_maintenance,data_cleaning,data_preparation,131,medium,2,40029,40588,standard,task_003440,repo
task_003442,proj_00380,Visualise trends in remaining useful life over time using the maintenance records dataset.,predictive_maintenance,exploratory_data_analysis,analysis,237,medium,2,41250,41739,standard,task_003441,repo
task_003443,proj_00380,See if we can squeeze more out of operating hours for remaining useful life.,predictive_maintenance,feature_engineering,analysis,132,low,1,41829,42753,ambiguous,task_003442,repo
task_003444,proj_00380,Debug a training failure encountered while fitting the random forest classifier.,predictive_maintenance,model_training,modelling,68,medium,2,42683,43217,standard,task_003443,repo
task_003445,proj_00380,Check the random forest classifier for fairness across segments of the maintenance records dataset.,predictive_maintenance,model_evaluation,modelling,67,medium,2,44044,44534,standard,task_003444,repo
task_003446,proj_00380,Put together whatever we have on the maintenance records dataset for the handover.,predictive_maintenance,reporting_documentation,reporting,137,low,1,44731,46084,ambiguous,task_003445,repo
task_003447,proj_00380,The maintenance records dataset pipeline has been flaky all week.,predictive_maintenance,data_pipeline_maintenance,infrastructure,89,high,3,57154,57342,ambiguous,,repo
task_003448,proj_00381,Scrape supplementary records to enrich the transaction dataset.,fraud_detection,data_collection,data_preparation,59,medium,2,9452,9653,standard,,repo
task_003449,proj_00381,Treat the outliers in transaction amount without imputing any values.,fraud_detection,data_cleaning,data_preparation,107,high,3,10447,10716,negation,task_003448,repo
task_003450,proj_00381,Compare transaction amount distributions across different segments of the transaction dataset.,fraud_detection,exploratory_data_analysis,analysis,118,medium,2,11174,11623,standard,task_003449,repo
task_003451,proj_00381,Reduce the dimensionality of the transaction dataset without discarding transaction amount.,fraud_detection,feature_engineering,analysis,180,high,3,11947,12190,negation,task_003450,repo
task_003452,proj_00381,Fit the isolation forest model on the prepared transaction dataset.,fraud_detection,model_training,modelling,185,low,1,12219,13262,standard,task_003451,repo
task_003453,proj_00381,"Evaluate the isolation forest model on the transaction dataset, then check fairness across the main segments.",fraud_detection,model_evaluation,modelling,107,medium,2,12803,13062,multi_step,task_003452,repo
task_003454,proj_00381,Prepare a one-page summary of isolation forest model results for management.,fraud_detection,reporting_documentation,reporting,175,low,1,13121,13592,standard,task_003453,repo
task_003455,proj_00381,Patch a schema change that broke the transaction dataset pipeline.,fraud_detection,data_pipeline_maintenance,infrastructure,32,high,3,19679,19793,standard,,repo
task_003456,proj_00382,Pull the latest records and afterwards check the news articles dataset covers the full time range.,text_summarisation,data_collection,data_preparation,50,high,3,61800,61935,multi_step,,repo
task_003457,proj_00382,Reconcile mismatched identifiers between two versions of the news articles dataset.,text_summarisation,data_cleaning,data_preparation,210,medium,2,61955,62437,standard,task_003456,repo
task_003458,proj_00382,Summarising key findings from the exploratory analysis of the news articles dataset.,text_summarisation,exploratory_data_analysis,analysis,223,low,1,62357,63614,standard,task_003457,repo
task_003459,proj_00382,Normalise and scale keyword frequency ahead of model training.,text_summarisation,feature_engineering,analysis,78,low,1,62825,64253,standard,task_003458,repo
task_003460,proj_00382,Get a first key topic extraction baseline without tuning the extractive summarisation pipeline at all.,text_summarisation,model_training,modelling,84,high,3,63967,64156,negation,task_003459,repo
task_003461,proj_00382,Validate the extractive summarisation pipeline on out-of-time data before deployment.,text_summarisation,model_evaluation,modelling,134,low,1,64357,65008,standard,task_003460,repo
task_003462,proj_00382,Fine-tune the extractive summarisation pipeline on a recent snapshot of the news articles dataset.,text_summarisation,model_training,modelling,159,medium,2,64440,64868,standard,task_003461,repo
task_003463,proj_00382,Produce a confusion matrix summarising extractive summarisation pipeline performance on key topic extraction.,text_summarisation,model_evaluation,modelling,134,medium,2,64830,65139,standard,task_003462,repo
task_003464,proj_00382,Retrain the extractive summarisation pipeline on the news articles dataset without changing the current hyperparameters.,text_summarisation,model_training,modelling,178,high,3,64883,65239,negation,task_003463,repo
task_003465,proj_00382,The extractive summarisation pipeline was fine last month and now it isn't.,text_summarisation,model_evaluation,modelling,131,high,3,65749,66048,ambiguous,task_003464,repo
task_003466,proj_00382,Prepare slides presenting the extractive summarisation pipeline performance to stakeholders.,text_summarisation,reporting_documentation,reporting,171,medium,2,65821,66445,standard,task_003465,repo
task_003467,proj_00382,Refactor the ingestion pipeline for the news articles dataset to reduce runtime.,text_summarisation,data_pipeline_maintenance,infrastructure,63,high,3,66396,66501,standard,,repo
task_003468,proj_00382,Monitor data quality alerts for the news articles dataset pipeline.,text_summarisation,data_pipeline_maintenance,infrastructure,97,medium,2,66794,67260,standard,,repo
task_003469,proj_00383,Merge multiple data extracts into a single credit bureau dataset.,credit_scoring,data_collection,data_preparation,167,medium,2,7992,8466,standard,,repo
task_003470,proj_00383,Fixing encoding issues in the credit bureau dataset before further processing.,credit_scoring,data_cleaning,data_preparation,71,high,3,8103,8275,standard,task_003469,repo
task_003471,proj_00383,Set up cross-validation and then fit the XGBoost model on the prepared credit bureau dataset.,credit_scoring,model_training,modelling,233,low,1,8982,10144,multi_step,task_003470,repo
task_003472,proj_00383,Validate the XGBoost model on out-of-time data before deployment.,credit_scoring,model_evaluation,modelling,81,low,1,9323,9957,standard,task_003471,repo
task_003473,proj_00383,Fine-tune the XGBoost model on a recent snapshot of the credit bureau dataset.,credit_scoring,model_training,modelling,64,low,1,10615,11194,standard,task_003472,repo
task_003474,proj_00383,"Score the XGBoost model on the held-out split, then run an error analysis on the failures.",credit_scoring,model_evaluation,modelling,176,high,3,11306,11567,multi_step,task_003473,repo
task_003475,proj_00383,Train a XGBoost model to predict loan default risk using the credit bureau dataset.,credit_scoring,model_training,modelling,177,low,1,11739,12560,standard,task_003474,repo
task_003476,proj_00383,"Evaluate the XGBoost model on the credit bureau dataset, then check fairness across the main segments.",credit_scoring,model_evaluation,modelling,149,medium,2,12273,12896,multi_step,task_003475,repo
task_003477,proj_00383,"First collect the XGBoost model results, then prepare a one-page summary for management.",credit_scoring,reporting_documentation,reporting,146,low,1,12539,12946,multi_step,task_003476,repo
task_003478,proj_00383,Reviewing pipeline logs after an unexpected failure.,credit_scoring,data_pipeline_maintenance,infrastructure,114,medium,2,21647,22193,standard,,repo
task_003479,proj_00383,Fix the failing credit bureau dataset job without taking the pipeline offline.,credit_scoring,data_pipeline_maintenance,infrastructure,46,high,3,19042,19132,negation,,repo
task_003480,proj_00383,Refactor the ingestion pipeline for the credit bureau dataset to reduce runtime.,credit_scoring,data_pipeline_maintenance,infrastructure,97,medium,2,13347,13592,standard,,repo
task_003481,proj_00384,Retrieving additional records is required to complete the transaction dataset.,fraud_detection,data_collection,data_preparation,168,low,1,17386,17933,standard,,repo
task_003482,proj_00384,Clean missing values in the transaction dataset before training the autoencoder model.,fraud_detection,data_cleaning,data_preparation,53,medium,2,18591,18847,standard,task_003481,repo
task_003483,proj_00384,Identify data quality issues that could affect fraudulent transactions prediction.,fraud_detection,exploratory_data_analysis,analysis,119,low,1,18940,20063,standard,task_003482,repo
task_003484,proj_00384,"The autoencoder model isn't picking anything up, have a go at it.",fraud_detection,model_training,modelling,271,high,3,19074,19441,ambiguous,task_003483,repo
task_003485,proj_00384,"First reproduce the reported autoencoder model metrics, then investigate the drop in recall.",fraud_detection,model_evaluation,modelling,56,high,3,20441,20648,multi_step,task_003484,repo
task_003486,proj_00384,Give the autoencoder model another run with the latest transaction dataset.,fraud_detection,model_training,modelling,224,high,3,21771,22130,ambiguous,task_003485,repo
task_003487,proj_00384,Check the autoencoder model for fairness across segments of the transaction dataset.,fraud_detection,model_evaluation,modelling,97,low,1,22002,23075,standard,task_003486,repo
task_003488,proj_00384,Fine-tune the autoencoder model on a recent snapshot of the transaction dataset.,fraud_detection,model_training,modelling,334,high,3,23327,23803,standard,task_003487,repo
task_003489,proj_00384,Check whether the autoencoder model is actually any good on fraudulent transactions.,fraud_detection,model_evaluation,modelling,67,medium,2,23657,23876,ambiguous,task_003488,repo
task_003490,proj_00384,Summarise key findings from the fraudulent transactions analysis for the team.,fraud_detection,reporting_documentation,reporting,111,medium,2,24040,24570,standard,task_003489,repo
task_003491,proj_00384,"Check the pipeline logs, then patch the schema change that broke the transaction dataset ingestion.",fraud_detection,data_pipeline_maintenance,infrastructure,112,medium,2,29900,30262,multi_step,,repo
task_003492,proj_00384,Reviewing pipeline logs after an unexpected failure.,fraud_detection,data_pipeline_maintenance,infrastructure,46,medium,2,33893,34380,standard,,repo
task_003493,proj_00385,We're short on records for the customer feedback dataset — sort it out.,sentiment_analysis,data_collection,data_preparation,161,low,1,16729,17839,ambiguous,,repo
task_003494,proj_00385,"First fix the encoding issues in the customer feedback dataset, then reconcile the mismatched identifiers.",sentiment_analysis,data_cleaning,data_preparation,236,high,3,18153,18431,multi_step,task_003493,repo
task_003495,proj_00385,Establishing a baseline fine-tuned transformer model for complaint category prediction.,sentiment_analysis,model_training,modelling,292,high,3,19539,19985,standard,task_003494,repo
task_003496,proj_00385,"Compute precision, recall and F1 for complaint category predictions.",sentiment_analysis,model_evaluation,modelling,87,medium,2,20150,20537,standard,task_003495,repo
task_003497,proj_00385,Finalise documentation before closing out the complaint category project.,sentiment_analysis,reporting_documentation,reporting,120,low,1,20377,21388,standard,task_003496,repo
task_003498,proj_00386,We're short on records for the loan applications dataset — sort it out.,credit_scoring,data_collection,data_preparation,76,low,1,33204,34258,ambiguous,,repo
task_003499,proj_00386,Standardise column formats across the loan applications dataset.,credit_scoring,data_cleaning,data_preparation,66,low,1,33811,34477,standard,task_003498,repo
task_003500,proj_00386,Assess class imbalance in loan default risk without resampling the loan applications dataset at this stage.,credit_scoring,exploratory_data_analysis,analysis,220,high,3,34597,34944,negation,task_003499,repo
task_003501,proj_00386,Generate embeddings to represent income-to-debt ratio for the logistic regression model.,credit_scoring,feature_engineering,analysis,249,medium,2,35005,35728,standard,task_003500,repo
task_003502,proj_00386,Set up the training pipeline for the logistic regression model.,credit_scoring,model_training,modelling,163,high,3,36125,36393,standard,task_003501,repo
task_003503,proj_00386,"First reproduce the reported logistic regression model metrics, then investigate the drop in recall.",credit_scoring,model_evaluation,modelling,34,medium,2,36758,37177,multi_step,task_003502,repo
task_003504,proj_00386,Put together whatever we have on the loan applications dataset for the handover.,credit_scoring,reporting_documentation,reporting,178,high,3,37795,38006,ambiguous,task_003503,repo
task_003505,proj_00386,Investigate a failed run in the loan applications dataset ingestion pipeline.,credit_scoring,data_pipeline_maintenance,infrastructure,117,low,1,47962,49085,standard,,repo
task_003506,proj_00386,"Check the pipeline logs, then patch the schema change that broke the loan applications dataset ingestion.",credit_scoring,data_pipeline_maintenance,infrastructure,113,medium,2,52852,53263,multi_step,,repo
task_003507,proj_00387,Requesting access to a new data source needed for the payments dataset.,fraud_detection,data_collection,data_preparation,70,high,3,52958,53139,standard,,repo
task_003508,proj_00387,Filter out invalid or corrupted rows from the payments dataset.,fraud_detection,data_cleaning,data_preparation,98,low,1,53821,55178,standard,task_003507,repo
task_003509,proj_00387,Assess class imbalance in anomalous payments without resampling the payments dataset at this stage.,fraud_detection,exploratory_data_analysis,analysis,88,low,1,54807,55869,negation,task_003508,repo
task_003510,proj_00387,Reduce dimensionality of the payments dataset using feature selection.,fraud_detection,feature_engineering,analysis,64,medium,2,55983,56371,standard,task_003509,repo
task_003511,proj_00387,Establishing a baseline isolation forest model for anomalous payments prediction.,fraud_detection,model_training,modelling,132,high,3,56713,56909,standard,task_003510,repo
task_003512,proj_00387,Compare the isolation forest model against the previous version without retraining either of them.,fraud_detection,model_evaluation,modelling,176,high,3,56784,57030,negation,task_003511,repo
task_003513,proj_00387,Summarise the isolation forest model results for management without including technical detail.,fraud_detection,reporting_documentation,reporting,59,low,1,57108,58247,negation,task_003512,repo
task_003514,proj_00387,Reviewing pipeline logs after an unexpected failure.,fraud_detection,data_pipeline_maintenance,infrastructure,90,medium,2,53446,53996,standard,,repo
task_003515,proj_00388,Extract records for the support tickets dataset without pulling any personally identifiable fields.,text_summarisation,data_collection,data_preparation,76,low,1,53923,55011,negation,,repo
task_003516,proj_00388,Treat the outliers in topic coherence without imputing any values.,text_summarisation,data_cleaning,data_preparation,199,low,1,54093,55585,negation,task_003515,repo
task_003517,proj_00388,Reduce the dimensionality of the support tickets dataset without discarding topic coherence.,text_summarisation,feature_engineering,analysis,84,low,1,54163,54706,negation,task_003516,repo
task_003518,proj_00388,Fit the fine-tuned summarisation model on the prepared support tickets dataset.,text_summarisation,model_training,modelling,82,medium,2,54634,55109,standard,task_003517,repo
task_003519,proj_00388,Check the fine-tuned summarisation model for fairness across segments of the support tickets dataset.,text_summarisation,model_evaluation,modelling,46,high,3,55108,55205,standard,task_003518,repo
task_003520,proj_00388,Summarise key findings from the key topic extraction analysis for the team.,text_summarisation,reporting_documentation,reporting,54,high,3,55485,55613,standard,task_003519,repo
task_003521,proj_00389,Check where the demand forecasting dataset is actually coming from.,sales_forecasting,data_collection,data_preparation,132,low,1,72098,72487,ambiguous,,repo
task_003522,proj_00389,Detect and treat outliers in seasonality within the demand forecasting dataset.,sales_forecasting,data_cleaning,data_preparation,165,medium,2,72325,72894,standard,task_003521,repo
task_003523,proj_00389,Analyse correlations between seasonality and product demand in the demand forecasting dataset.,sales_forecasting,exploratory_data_analysis,analysis,144,low,1,73440,74449,standard,task_003522,repo
task_003524,proj_00389,Engineer new features from seasonality to improve product demand prediction.,sales_forecasting,feature_engineering,analysis,70,medium,2,73728,74008,standard,task_003523,repo
task_003525,proj_00389,"Whatever we did last time to the temporal fusion transformer, do it again with the new data.",sales_forecasting,model_training,modelling,314,medium,2,74910,75612,ambiguous,task_003524,repo
task_003526,proj_00389,Investigate a drop in temporal fusion transformer recall after the last demand forecasting dataset update.,sales_forecasting,model_evaluation,modelling,110,medium,2,75908,76336,standard,task_003525,repo
task_003527,proj_00389,"Update the README with the new demand forecasting dataset schema, then draft the temporal fusion transformer release notes.",sales_forecasting,reporting_documentation,reporting,102,high,3,77229,77463,multi_step,task_003526,repo
task_003528,proj_00389,"First add monitoring for the recurring failure, then refactor the demand forecasting dataset ingestion.",sales_forecasting,data_pipeline_maintenance,infrastructure,107,low,1,75120,76073,multi_step,,repo
task_003529,proj_00389,Patch a schema change that broke the demand forecasting dataset pipeline.,sales_forecasting,data_pipeline_maintenance,infrastructure,93,low,1,77136,78362,standard,,repo
task_003530,proj_00390,Validate that the A/B test results dataset covers the full required time range.,ab_testing_analysis,data_collection,data_preparation,166,low,1,22644,23280,standard,,repo
task_003531,proj_00390,Something's wrong with conversion event in the A/B test results dataset.,ab_testing_analysis,data_cleaning,data_preparation,160,high,3,23235,23570,ambiguous,task_003530,repo
task_003532,proj_00390,Normalise and scale conversion event ahead of model training.,ab_testing_analysis,feature_engineering,analysis,180,high,3,23479,23803,standard,task_003531,repo
task_003533,proj_00390,"First fit the Bayesian A/B testing model on a sample, then run the full training on the A/B test results dataset.",ab_testing_analysis,model_training,modelling,202,medium,2,23808,24399,multi_step,task_003532,repo
task_003534,proj_00390,Check the Bayesian A/B testing model for fairness across segments of the A/B test results dataset.,ab_testing_analysis,model_evaluation,modelling,161,high,3,24020,24239,standard,task_003533,repo
task_003535,proj_00390,Train a Bayesian A/B testing model to predict conversion rate uplift using the A/B test results dataset.,ab_testing_analysis,model_training,modelling,89,medium,2,25160,25590,standard,task_003534,repo
task_003536,proj_00390,"Evaluate the Bayesian A/B testing model on the A/B test results dataset, then check fairness across the main segments.",ab_testing_analysis,model_evaluation,modelling,35,high,3,26039,26147,multi_step,task_003535,repo
task_003537,proj_00390,Fit the Bayesian A/B testing model on the prepared A/B test results dataset.,ab_testing_analysis,model_training,modelling,62,medium,2,26058,26340,standard,task_003536,repo
task_003538,proj_00390,Validate the Bayesian A/B testing model without touching the held-out test split.,ab_testing_analysis,model_evaluation,modelling,79,medium,2,26403,26698,negation,task_003537,repo
task_003539,proj_00390,Document the data preparation steps applied to the A/B test results dataset.,ab_testing_analysis,reporting_documentation,reporting,112,medium,2,26615,27014,standard,task_003538,repo
task_003540,proj_00390,Resolve a data freshness issue affecting the A/B test results dataset.,ab_testing_analysis,data_pipeline_maintenance,infrastructure,82,high,3,30229,30481,standard,,repo
task_003541,proj_00391,Gather historical records to build the internal reports dataset.,text_summarisation,data_collection,data_preparation,45,low,1,75264,76642,standard,,repo
task_003542,proj_00391,Fixing encoding issues in the internal reports dataset before further processing.,text_summarisation,data_cleaning,data_preparation,240,medium,2,76164,76747,standard,task_003541,repo
task_003543,proj_00391,Visualise trends in key topic extraction over time using the internal reports dataset.,text_summarisation,exploratory_data_analysis,analysis,90,high,3,76678,76850,standard,task_003542,repo
task_003544,proj_00391,"Create the lagged variables from sentence embeddings, then aggregate them at project level.",text_summarisation,feature_engineering,analysis,232,medium,2,77720,78176,multi_step,task_003543,repo
task_003545,proj_00391,Give the topic model another run with the latest internal reports dataset.,text_summarisation,model_training,modelling,268,high,3,78174,78493,ambiguous,task_003544,repo
task_003546,proj_00391,Validate the topic model without touching the held-out test split.,text_summarisation,model_evaluation,modelling,59,high,3,79224,79451,negation,task_003545,repo
task_003547,proj_00391,Document known limitations of the current topic model.,text_summarisation,reporting_documentation,reporting,131,low,1,80063,80941,standard,task_003546,repo
task_003548,proj_00391,Restore the internal reports dataset pipeline without triggering a full historical backfill.,text_summarisation,data_pipeline_maintenance,infrastructure,114,low,1,92089,92595,negation,,repo
task_003549,proj_00391,Reviewing pipeline logs after an unexpected failure.,text_summarisation,data_pipeline_maintenance,infrastructure,99,medium,2,80218,80517,standard,,repo
task_003550,proj_00391,Resolve a data freshness issue affecting the internal reports dataset.,text_summarisation,data_pipeline_maintenance,infrastructure,106,medium,2,80587,80863,standard,,repo
task_003551,proj_00392,Check where the grid load dataset is actually coming from.,energy_consumption,data_collection,data_preparation,113,medium,2,9393,9984,ambiguous,,repo
task_003552,proj_00392,Deduplicate the grid load dataset and then standardise the occupancy patterns column formats.,energy_consumption,data_cleaning,data_preparation,153,medium,2,9448,9769,multi_step,task_003551,repo
task_003553,proj_00392,Analyse correlations between occupancy patterns and energy anomalies in the grid load dataset.,energy_consumption,exploratory_data_analysis,analysis,153,medium,2,10795,11257,standard,task_003552,repo
task_003554,proj_00392,Training a prophet model from scratch on the updated grid load dataset.,energy_consumption,model_training,modelling,63,high,3,12001,12231,standard,task_003553,repo
task_003555,proj_00392,Compare the prophet model against a previous version on the grid load dataset.,energy_consumption,model_evaluation,modelling,98,medium,2,13086,13342,standard,task_003554,repo
task_003556,proj_00392,Summarise key findings from the energy anomalies analysis for the team.,energy_consumption,reporting_documentation,reporting,149,medium,2,14373,14851,standard,task_003555,repo
task_003557,proj_00393,Extract records for the borrower repayment dataset without pulling any personally identifiable fields.,credit_scoring,data_collection,data_preparation,119,medium,2,33491,33821,negation,,repo
task_003558,proj_00393,Clean missing values in the borrower repayment dataset before training the logistic regression model.,credit_scoring,data_cleaning,data_preparation,213,high,3,34889,35170,standard,task_003557,repo
task_003559,proj_00393,"Profile the borrower repayment dataset first, then investigate how repayment history relates to repayment probability.",credit_scoring,exploratory_data_analysis,analysis,139,medium,2,35704,36167,multi_step,task_003558,repo
task_003560,proj_00393,"Create the lagged variables from repayment history, then aggregate them at project level.",credit_scoring,feature_engineering,analysis,255,low,1,36812,38031,multi_step,task_003559,repo
task_003561,proj_00393,Retrain the logistic regression model after incorporating the new features.,credit_scoring,model_training,modelling,130,medium,2,38004,38358,standard,task_003560,repo
task_003562,proj_00393,The logistic regression model was fine last month and now it isn't.,credit_scoring,model_evaluation,modelling,174,high,3,38649,38894,ambiguous,task_003561,repo
task_003563,proj_00393,Write up the repayment probability results without waiting for the final logistic regression model run.,credit_scoring,reporting_documentation,reporting,87,medium,2,39367,39917,negation,task_003562,repo
task_003564,proj_00393,The borrower repayment dataset ingestion job fell over again last night.,credit_scoring,data_pipeline_maintenance,infrastructure,109,low,1,32663,33291,ambiguous,,repo
task_003565,proj_00393,Investigate a failed run in the borrower repayment dataset ingestion pipeline.,credit_scoring,data_pipeline_maintenance,infrastructure,71,low,1,51351,52635,standard,,repo
task_003566,proj_00393,"First add monitoring for the recurring failure, then refactor the borrower repayment dataset ingestion.",credit_scoring,data_pipeline_maintenance,infrastructure,69,medium,2,37044,37388,multi_step,,repo
task_003567,proj_00394,Check where the credit card transactions dataset is actually coming from.,fraud_detection,data_collection,data_preparation,95,medium,2,60580,61146,ambiguous,,repo
task_003568,proj_00394,Resolve inconsistent entries in the credit card transactions dataset without dropping any rows.,fraud_detection,data_cleaning,data_preparation,133,low,1,61860,63275,negation,task_003567,repo
task_003569,proj_00394,"There's something odd in the credit card transactions dataset, can't put my finger on it.",fraud_detection,exploratory_data_analysis,analysis,122,low,1,62271,63579,ambiguous,task_003568,repo
task_003570,proj_00394,Improve signal for fraud risk without adding features derived from device fingerprint.,fraud_detection,feature_engineering,analysis,274,medium,2,62782,63498,negation,task_003569,repo
task_003571,proj_00394,Set up the training pipeline for the autoencoder model.,fraud_detection,model_training,modelling,264,high,3,63500,63931,standard,task_003570,repo
task_003572,proj_00394,Compare the autoencoder model against a previous version on the credit card transactions dataset.,fraud_detection,model_evaluation,modelling,127,medium,2,64607,65153,standard,task_003571,repo
task_003573,proj_00394,Document the data preparation steps applied to the credit card transactions dataset.,fraud_detection,reporting_documentation,reporting,97,low,1,65715,66072,standard,task_003572,repo
task_003574,proj_00394,"Check the pipeline logs, then patch the schema change that broke the credit card transactions dataset ingestion.",fraud_detection,data_pipeline_maintenance,infrastructure,16,medium,2,76804,77027,multi_step,,repo
task_003575,proj_00395,Gather historical records to build the transaction dataset.,fraud_detection,data_collection,data_preparation,34,medium,2,73713,73958,standard,,repo
task_003576,proj_00395,Reconcile mismatched identifiers between two versions of the transaction dataset.,fraud_detection,data_cleaning,data_preparation,121,medium,2,74282,74636,standard,task_003575,repo
task_003577,proj_00395,Compare merchant category distributions across different segments of the transaction dataset.,fraud_detection,exploratory_data_analysis,analysis,215,high,3,74298,74627,standard,task_003576,repo
task_003578,proj_00395,Retrain the gradient boosting model on the transaction dataset without changing the current hyperparameters.,fraud_detection,model_training,modelling,336,medium,2,75301,76073,negation,task_003577,repo
task_003579,proj_00395,Check whether the gradient boosting model is actually any good on fraudulent transactions.,fraud_detection,model_evaluation,modelling,97,high,3,76534,76688,ambiguous,task_003578,repo
task_003580,proj_00395,"Draft the fraudulent transactions findings first, then turn them into slides for stakeholders.",fraud_detection,reporting_documentation,reporting,136,high,3,77682,77908,multi_step,task_003579,repo
task_003581,proj_00396,"First query the production database, then consolidate the extracts into the clickstream dataset.",recommendation_system,data_collection,data_preparation,82,low,1,53083,54137,multi_step,,repo
task_003582,proj_00396,Resolve inconsistent entries in the clickstream dataset without dropping any rows.,recommendation_system,data_cleaning,data_preparation,54,medium,2,53891,54354,negation,task_003581,repo
task_003583,proj_00396,"The collaborative filtering model isn't picking anything up, have a go at it.",recommendation_system,model_training,modelling,337,high,3,54298,54740,ambiguous,task_003582,repo
task_003584,proj_00396,"First reproduce the reported collaborative filtering model metrics, then investigate the drop in recall.",recommendation_system,model_evaluation,modelling,175,low,1,55197,56594,multi_step,task_003583,repo
task_003585,proj_00396,Retrain the collaborative filtering model after incorporating the new features.,recommendation_system,model_training,modelling,331,medium,2,55251,55914,standard,task_003584,repo
task_003586,proj_00396,"Compute precision, recall and F1 for purchase likelihood predictions.",recommendation_system,model_evaluation,modelling,37,low,1,56582,57276,standard,task_003585,repo
task_003587,proj_00396,Get a first purchase likelihood baseline without tuning the collaborative filtering model at all.,recommendation_system,model_training,modelling,122,low,1,57472,58389,negation,task_003586,repo
task_003588,proj_00396,Assess the collaborative filtering model on purchase likelihood without relying on accuracy as the headline metric.,recommendation_system,model_evaluation,modelling,94,low,1,58092,58514,negation,task_003587,repo
task_003589,proj_00396,Nobody knows how the collaborative filtering model works — fix that.,recommendation_system,reporting_documentation,reporting,100,medium,2,58912,59348,ambiguous,task_003588,repo
task_003590,proj_00396,Restart and verify the clickstream dataset pipeline after a maintenance window.,recommendation_system,data_pipeline_maintenance,infrastructure,53,high,3,65122,65301,standard,,repo
task_003591,proj_00396,Reviewing pipeline logs after an unexpected failure.,recommendation_system,data_pipeline_maintenance,infrastructure,29,medium,2,57505,57830,standard,,repo
task_003592,proj_00396,"First add monitoring for the recurring failure, then refactor the clickstream dataset ingestion.",recommendation_system,data_pipeline_maintenance,infrastructure,76,low,1,72890,74077,multi_step,,repo
task_003593,proj_00397,Validate that the A/B test results dataset covers the full required time range.,ab_testing_analysis,data_collection,data_preparation,157,low,1,57691,58884,standard,,repo
task_003594,proj_00397,Resolve inconsistent entries in the A/B test results dataset without dropping any rows.,ab_testing_analysis,data_cleaning,data_preparation,205,medium,2,58327,58842,negation,task_003593,repo
task_003595,proj_00397,Visualise trends in conversion rate uplift over time using the A/B test results dataset.,ab_testing_analysis,exploratory_data_analysis,analysis,198,medium,2,59565,59970,standard,task_003594,repo
task_003596,proj_00397,Test whether adding exposure group-derived features improves signal for conversion rate uplift.,ab_testing_analysis,feature_engineering,analysis,196,low,1,59777,60225,standard,task_003595,repo
task_003597,proj_00397,Establishing a baseline Bayesian A/B testing model for conversion rate uplift prediction.,ab_testing_analysis,model_training,modelling,130,medium,2,60793,61221,standard,task_003596,repo
task_003598,proj_00397,Compare the Bayesian A/B testing model against a previous version on the A/B test results dataset.,ab_testing_analysis,model_evaluation,modelling,72,high,3,61254,61370,standard,task_003597,repo
task_003599,proj_00397,Fine-tune the Bayesian A/B testing model on a recent snapshot of the A/B test results dataset.,ab_testing_analysis,model_training,modelling,261,low,1,61275,62154,standard,task_003598,repo
task_003600,proj_00397,Assessing whether the Bayesian A/B testing model meets the required performance threshold.,ab_testing_analysis,model_evaluation,modelling,150,medium,2,61477,62074,standard,task_003599,repo
task_003601,proj_00397,"The Bayesian A/B testing model isn't picking anything up, have a go at it.",ab_testing_analysis,model_training,modelling,313,low,1,61785,62892,ambiguous,task_003600,repo
task_003602,proj_00397,Investigate a drop in Bayesian A/B testing model recall after the last A/B test results dataset update.,ab_testing_analysis,model_evaluation,modelling,118,medium,2,62897,63480,standard,task_003601,repo
task_003603,proj_00397,Write up the conversion rate uplift results without waiting for the final Bayesian A/B testing model run.,ab_testing_analysis,reporting_documentation,reporting,73,low,1,63569,64507,negation,task_003602,repo
task_003604,proj_00397,Reviewing pipeline logs after an unexpected failure.,ab_testing_analysis,data_pipeline_maintenance,infrastructure,106,high,3,68962,69123,standard,,repo
task_003605,proj_00398,Gather historical records to build the sensor telemetry dataset.,predictive_maintenance,data_collection,data_preparation,122,low,1,7943,8494,standard,,repo
task_003606,proj_00398,"The sensor telemetry dataset looks messy again, deal with it.",predictive_maintenance,data_cleaning,data_preparation,146,medium,2,8487,8994,ambiguous,task_003605,repo
task_003607,proj_00398,Summarise the sensor telemetry dataset without producing any new visualisations.,predictive_maintenance,exploratory_data_analysis,analysis,208,low,1,8973,9710,negation,task_003606,repo
task_003608,proj_00398,"The gradient boosting model isn't picking anything up, have a go at it.",predictive_maintenance,model_training,modelling,330,high,3,9597,10032,ambiguous,task_003607,repo
task_003609,proj_00398,"First reproduce the reported gradient boosting model metrics, then investigate the drop in recall.",predictive_maintenance,model_evaluation,modelling,60,medium,2,9841,10174,multi_step,task_003608,repo
task_003610,proj_00398,"The gradient boosting model isn't picking anything up, have a go at it.",predictive_maintenance,model_training,modelling,162,medium,2,11025,11615,ambiguous,task_003609,repo
task_003611,proj_00398,"Compute precision, recall and F1 for maintenance urgency predictions.",predictive_maintenance,model_evaluation,modelling,115,medium,2,11456,11952,standard,task_003610,repo
task_003612,proj_00398,Train a gradient boosting model to predict maintenance urgency using the sensor telemetry dataset.,predictive_maintenance,model_training,modelling,173,low,1,12565,14063,standard,task_003611,repo
task_003613,proj_00398,"Evaluate the gradient boosting model on the sensor telemetry dataset, then check fairness across the main segments.",predictive_maintenance,model_evaluation,modelling,51,high,3,13025,13123,multi_step,task_003612,repo
task_003614,proj_00398,Write handover notes for the sensor telemetry dataset project.,predictive_maintenance,reporting_documentation,reporting,91,medium,2,14449,14926,standard,task_003613,repo
task_003615,proj_00398,Fix a broken scheduled job feeding the sensor telemetry dataset.,predictive_maintenance,data_pipeline_maintenance,infrastructure,80,medium,2,20840,21313,standard,,repo
task_003616,proj_00399,Pull the latest records and afterwards check the HR records dataset covers the full time range.,employee_attrition,data_collection,data_preparation,77,low,1,1862,2307,multi_step,,repo
task_003617,proj_00399,Fixing encoding issues in the HR records dataset before further processing.,employee_attrition,data_cleaning,data_preparation,61,medium,2,2518,2855,standard,task_003616,repo
task_003618,proj_00399,Assess class imbalance in resignation risk without resampling the HR records dataset at this stage.,employee_attrition,exploratory_data_analysis,analysis,214,low,1,3369,4493,negation,task_003617,repo
task_003619,proj_00399,The inputs to the logistic regression model need rethinking.,employee_attrition,feature_engineering,analysis,267,high,3,3847,4275,ambiguous,task_003618,repo
task_003620,proj_00399,Retrain the logistic regression model after incorporating the new features.,employee_attrition,model_training,modelling,322,medium,2,3964,4460,standard,task_003619,repo
task_003621,proj_00399,"Evaluate the logistic regression model on the HR records dataset, then check fairness across the main segments.",employee_attrition,model_evaluation,modelling,152,low,1,4708,5671,multi_step,task_003620,repo
task_003622,proj_00399,Nobody knows how the logistic regression model works — fix that.,employee_attrition,reporting_documentation,reporting,52,medium,2,5504,5902,ambiguous,task_003621,repo
task_003623,proj_00399,"Check the pipeline logs, then patch the schema change that broke the HR records dataset ingestion.",employee_attrition,data_pipeline_maintenance,infrastructure,90,high,3,6590,6789,multi_step,,repo
task_003624,proj_00399,Add monitoring for a recurring failure in the HR records dataset pipeline.,employee_attrition,data_pipeline_maintenance,infrastructure,119,medium,2,8618,9157,standard,,repo
task_003625,proj_00399,Refactor the ingestion pipeline for the HR records dataset to reduce runtime.,employee_attrition,data_pipeline_maintenance,infrastructure,63,medium,2,21074,21477,standard,,repo
task_003626,proj_00400,Check where the defect inspection image dataset is actually coming from.,image_classification,data_collection,data_preparation,88,medium,2,73338,73818,ambiguous,,repo
task_003627,proj_00400,Treat the outliers in pixel intensity without imputing any values.,image_classification,data_cleaning,data_preparation,71,low,1,73832,74317,negation,task_003626,repo
task_003628,proj_00400,"Compute summary statistics for the defect inspection image dataset, then visualise how product category moves over time.",image_classification,exploratory_data_analysis,analysis,214,medium,2,74953,75434,multi_step,task_003627,repo
task_003629,proj_00400,Retrain the vision transformer model on the defect inspection image dataset without changing the current hyperparameters.,image_classification,model_training,modelling,259,medium,2,75316,75958,negation,task_003628,repo
task_003630,proj_00400,Assess the vision transformer model on product category without relying on accuracy as the headline metric.,image_classification,model_evaluation,modelling,147,medium,2,76389,76880,negation,task_003629,repo
task_003631,proj_00400,"Draft the product category findings first, then turn them into slides for stakeholders.",image_classification,reporting_documentation,reporting,155,low,1,76753,78317,multi_step,task_003630,repo
task_003632,proj_00400,Reviewing pipeline logs after an unexpected failure.,image_classification,data_pipeline_maintenance,infrastructure,81,high,3,89663,89787,standard,,repo
task_003633,proj_00400,Reviewing pipeline logs after an unexpected failure.,image_classification,data_pipeline_maintenance,infrastructure,24,medium,2,78497,78939,standard,,repo
task_003634,proj_00401,We're short on records for the borrower repayment dataset — sort it out.,credit_scoring,data_collection,data_preparation,33,high,3,59407,59618,ambiguous,,repo
task_003635,proj_00401,Resolve inconsistent entries in the borrower repayment dataset without dropping any rows.,credit_scoring,data_cleaning,data_preparation,97,high,3,60505,60657,negation,task_003634,repo
task_003636,proj_00401,Compare credit utilisation distributions across different segments of the borrower repayment dataset.,credit_scoring,exploratory_data_analysis,analysis,153,medium,2,61064,61418,standard,task_003635,repo
task_003637,proj_00401,"Create the lagged variables from credit utilisation, then aggregate them at project level.",credit_scoring,feature_engineering,analysis,193,low,1,62150,62956,multi_step,task_003636,repo
task_003638,proj_00401,Train a scorecard model to predict repayment probability using the borrower repayment dataset.,credit_scoring,model_training,modelling,167,medium,2,62610,63071,standard,task_003637,repo
task_003639,proj_00401,Compare the scorecard model against a previous version on the borrower repayment dataset.,credit_scoring,model_evaluation,modelling,50,medium,2,63514,63996,standard,task_003638,repo
task_003640,proj_00401,Updating the project README with the latest borrower repayment dataset schema.,credit_scoring,reporting_documentation,reporting,100,high,3,64535,64751,standard,task_003639,repo
task_003641,proj_00402,Retrieving additional records is required to complete the HR records dataset.,employee_attrition,data_collection,data_preparation,173,medium,2,49210,49719,standard,,repo
task_003642,proj_00402,Impute missing values for performance rating using an appropriate strategy.,employee_attrition,data_cleaning,data_preparation,86,high,3,50423,50634,standard,task_003641,repo
task_003643,proj_00402,Assess class imbalance in resignation risk without resampling the HR records dataset at this stage.,employee_attrition,exploratory_data_analysis,analysis,235,medium,2,50621,50986,negation,task_003642,repo
task_003644,proj_00402,Engineer new features from performance rating to improve resignation risk prediction.,employee_attrition,feature_engineering,analysis,256,high,3,51587,51954,standard,task_003643,repo
task_003645,proj_00402,Run cross-validation while training the survival analysis model on the HR records dataset.,employee_attrition,model_training,modelling,262,low,1,52001,52751,standard,task_003644,repo
task_003646,proj_00402,Investigate a drop in survival analysis model recall after the last HR records dataset update.,employee_attrition,model_evaluation,modelling,179,low,1,52265,53193,standard,task_003645,repo
task_003647,proj_00402,Summarise key findings from the resignation risk analysis for the team.,employee_attrition,reporting_documentation,reporting,176,high,3,53370,53654,standard,task_003646,repo
task_003648,proj_00402,Resolve the freshness issue in the HR records dataset without changing the ingestion schedule.,employee_attrition,data_pipeline_maintenance,infrastructure,30,low,1,58875,60018,negation,,repo
task_003649,proj_00403,Extract records for the customer retention dataset without pulling any personally identifiable fields.,customer_churn,data_collection,data_preparation,113,low,1,16226,16856,negation,,repo
task_003650,proj_00403,Impute missing values for contract type using an appropriate strategy.,customer_churn,data_cleaning,data_preparation,212,medium,2,16854,17391,standard,task_003649,repo
task_003651,proj_00403,Assess class imbalance in customer churn without resampling the customer retention dataset at this stage.,customer_churn,exploratory_data_analysis,analysis,223,medium,2,17011,17625,negation,task_003650,repo
task_003652,proj_00403,Generate embeddings to represent contract type for the random forest classifier.,customer_churn,feature_engineering,analysis,157,medium,2,18042,18390,standard,task_003651,repo
task_003653,proj_00403,Establishing a baseline random forest classifier for customer churn prediction.,customer_churn,model_training,modelling,171,high,3,18957,19288,standard,task_003652,repo
task_003654,proj_00403,"Score the random forest classifier on the held-out split, then run an error analysis on the failures.",customer_churn,model_evaluation,modelling,175,medium,2,20199,20674,multi_step,task_003653,repo
task_003655,proj_00403,Prepare slides presenting the random forest classifier performance to stakeholders.,customer_churn,reporting_documentation,reporting,31,medium,2,20709,21138,standard,task_003654,repo
task_003656,proj_00403,Monitor data quality alerts for the customer retention dataset pipeline.,customer_churn,data_pipeline_maintenance,infrastructure,61,medium,2,30220,30550,standard,,repo
task_003657,proj_00403,Resolve a data freshness issue affecting the customer retention dataset.,customer_churn,data_pipeline_maintenance,infrastructure,26,medium,2,30881,31224,standard,,repo
task_003658,proj_00404,"Request access to the new source, then pull an initial extract into the intrusion detection dataset.",network_intrusion_detection,data_collection,data_preparation,104,low,1,15385,15816,multi_step,,repo
task_003659,proj_00404,Standardise column formats across the intrusion detection dataset.,network_intrusion_detection,data_cleaning,data_preparation,160,high,3,16751,17061,standard,task_003658,repo
task_003660,proj_00404,Run a first exploratory pass over the intrusion detection dataset to understand its structure.,network_intrusion_detection,exploratory_data_analysis,analysis,161,low,1,17761,18486,standard,task_003659,repo
task_003661,proj_00404,"First scale byte rate, then check whether the gradient boosting model still needs the interaction terms.",network_intrusion_detection,feature_engineering,analysis,256,medium,2,18891,19476,multi_step,task_003660,repo
task_003662,proj_00404,Fit the gradient boosting model on the intrusion detection dataset without using the byte rate column.,network_intrusion_detection,model_training,modelling,187,medium,2,18915,19488,negation,task_003661,repo
task_003663,proj_00404,"Score the gradient boosting model on the held-out split, then run an error analysis on the failures.",network_intrusion_detection,model_evaluation,modelling,95,medium,2,19098,19673,multi_step,task_003662,repo
task_003664,proj_00404,"First collect the gradient boosting model results, then prepare a one-page summary for management.",network_intrusion_detection,reporting_documentation,reporting,49,low,1,20511,21014,multi_step,task_003663,repo
task_003665,proj_00404,Add monitoring for a recurring failure in the intrusion detection dataset pipeline.,network_intrusion_detection,data_pipeline_maintenance,infrastructure,57,medium,2,25757,26259,standard,,repo
task_003666,proj_00404,"First add monitoring for the recurring failure, then refactor the intrusion detection dataset ingestion.",network_intrusion_detection,data_pipeline_maintenance,infrastructure,48,low,1,24980,26032,multi_step,,repo
task_003667,proj_00404,Fix a broken scheduled job feeding the intrusion detection dataset.,network_intrusion_detection,data_pipeline_maintenance,infrastructure,39,medium,2,19240,19678,standard,,repo
task_003668,proj_00405,Validate that the customer churn dataset covers the full required time range.,customer_churn,data_collection,data_preparation,96,medium,2,66954,67402,standard,,repo
task_003669,proj_00405,Half the rows in the customer churn dataset don't look right.,customer_churn,data_cleaning,data_preparation,223,medium,2,67206,67852,ambiguous,task_003668,repo
task_003670,proj_00405,Compare tenure distributions across different segments of the customer churn dataset.,customer_churn,exploratory_data_analysis,analysis,50,medium,2,67870,68334,standard,task_003669,repo
task_003671,proj_00405,"First scale tenure, then check whether the logistic regression model still needs the interaction terms.",customer_churn,feature_engineering,analysis,186,medium,2,67976,68637,multi_step,task_003670,repo
task_003672,proj_00405,Train a logistic regression model to predict subscription cancellation using the customer churn dataset.,customer_churn,model_training,modelling,351,low,1,69341,70967,standard,task_003671,repo
task_003673,proj_00405,Produce a confusion matrix summarising logistic regression model performance on subscription cancellation.,customer_churn,model_evaluation,modelling,160,medium,2,70454,70872,standard,task_003672,repo
task_003674,proj_00405,Get a first subscription cancellation baseline without tuning the logistic regression model at all.,customer_churn,model_training,modelling,117,high,3,71124,71331,negation,task_003673,repo
task_003675,proj_00405,"First reproduce the reported logistic regression model metrics, then investigate the drop in recall.",customer_churn,model_evaluation,modelling,64,high,3,71812,71937,multi_step,task_003674,repo
task_003676,proj_00405,Finalise documentation before closing out the subscription cancellation project.,customer_churn,reporting_documentation,reporting,80,low,1,72755,73945,standard,task_003675,repo
task_003677,proj_00406,"The A/B test results dataset doesn't go back far enough, see what you can do.",ab_testing_analysis,data_collection,data_preparation,156,low,1,68661,70019,ambiguous,,repo
task_003678,proj_00406,Clean the A/B test results dataset for statistical significance modelling without altering the original source files.,ab_testing_analysis,data_cleaning,data_preparation,161,low,1,69583,70463,negation,task_003677,repo
task_003679,proj_00406,"Create the lagged variables from exposure group, then aggregate them at project level.",ab_testing_analysis,feature_engineering,analysis,132,medium,2,70037,70519,multi_step,task_003678,repo
task_003680,proj_00406,Debug a training failure encountered while fitting the causal inference model.,ab_testing_analysis,model_training,modelling,108,medium,2,70080,70312,standard,task_003679,repo
task_003681,proj_00406,Evaluate the causal inference model on a held-out split of the A/B test results dataset.,ab_testing_analysis,model_evaluation,modelling,58,high,3,71334,71511,standard,task_003680,repo
task_003682,proj_00406,Put together whatever we have on the A/B test results dataset for the handover.,ab_testing_analysis,reporting_documentation,reporting,137,high,3,71744,71958,ambiguous,task_003681,repo
task_003683,proj_00406,Reviewing pipeline logs after an unexpected failure.,ab_testing_analysis,data_pipeline_maintenance,infrastructure,59,low,1,81485,82125,standard,,repo
task_003684,proj_00407,We're short on records for the subscription churn dataset — sort it out.,customer_churn,data_collection,data_preparation,64,low,1,47611,48487,ambiguous,,repo
task_003685,proj_00407,Clean missing values in the subscription churn dataset before training the random forest classifier.,customer_churn,data_cleaning,data_preparation,44,medium,2,47761,48178,standard,task_003684,repo
task_003686,proj_00407,Summarising key findings from the exploratory analysis of the subscription churn dataset.,customer_churn,exploratory_data_analysis,analysis,70,medium,2,49188,49459,standard,task_003685,repo
task_003687,proj_00407,Get a first customer churn baseline without tuning the random forest classifier at all.,customer_churn,model_training,modelling,182,high,3,49757,49988,negation,task_003686,repo
task_003688,proj_00407,Check whether the random forest classifier is actually any good on customer churn.,customer_churn,model_evaluation,modelling,109,low,1,49893,50537,ambiguous,task_003687,repo
task_003689,proj_00407,Debug a training failure encountered while fitting the random forest classifier.,customer_churn,model_training,modelling,338,high,3,50203,50578,standard,task_003688,repo
task_003690,proj_00407,Check whether the random forest classifier is actually any good on customer churn.,customer_churn,model_evaluation,modelling,68,high,3,51420,51583,ambiguous,task_003689,repo
task_003691,proj_00407,"First collect the random forest classifier results, then prepare a one-page summary for management.",customer_churn,reporting_documentation,reporting,82,low,1,52611,53697,multi_step,task_003690,repo
task_003692,proj_00408,Pull the latest records and afterwards check the credit bureau dataset covers the full time range.,credit_scoring,data_collection,data_preparation,55,low,1,28415,28815,multi_step,,repo
task_003693,proj_00408,Impute missing values for repayment history using an appropriate strategy.,credit_scoring,data_cleaning,data_preparation,108,medium,2,28502,28950,standard,task_003692,repo
task_003694,proj_00408,"Create the lagged variables from repayment history, then aggregate them at project level.",credit_scoring,feature_engineering,analysis,115,low,1,28720,29099,multi_step,task_003693,repo
task_003695,proj_00408,Set up cross-validation and then fit the logistic regression model on the prepared credit bureau dataset.,credit_scoring,model_training,modelling,289,high,3,29040,29402,multi_step,task_003694,repo
task_003696,proj_00408,Run an error analysis on the logistic regression model predictions for loan default risk.,credit_scoring,model_evaluation,modelling,38,low,1,29169,30133,standard,task_003695,repo
task_003697,proj_00408,"Update the README with the new credit bureau dataset schema, then draft the logistic regression model release notes.",credit_scoring,reporting_documentation,reporting,136,medium,2,29668,29959,multi_step,task_003696,repo
task_003698,proj_00408,"First add monitoring for the recurring failure, then refactor the credit bureau dataset ingestion.",credit_scoring,data_pipeline_maintenance,infrastructure,84,medium,2,34488,34697,multi_step,,repo
task_003699,proj_00408,The credit bureau dataset ingestion job fell over again last night.,credit_scoring,data_pipeline_maintenance,infrastructure,75,medium,2,39154,39364,ambiguous,,repo
task_003700,proj_00409,Requesting access to a new data source needed for the customer churn dataset.,customer_churn,data_collection,data_preparation,148,low,1,4366,4824,standard,,repo
task_003701,proj_00409,"The customer churn dataset looks messy again, deal with it.",customer_churn,data_cleaning,data_preparation,73,low,1,5721,6257,ambiguous,task_003700,repo
task_003702,proj_00409,"Profile the customer churn dataset first, then investigate how monthly charges relates to subscription cancellation.",customer_churn,exploratory_data_analysis,analysis,189,low,1,6154,7626,multi_step,task_003701,repo
task_003703,proj_00409,Normalise and scale monthly charges ahead of model training.,customer_churn,feature_engineering,analysis,227,medium,2,7136,7555,standard,task_003702,repo
task_003704,proj_00409,Retrain the logistic regression model after incorporating the new features.,customer_churn,model_training,modelling,72,high,3,7531,7697,standard,task_003703,repo
task_003705,proj_00409,Produce a confusion matrix summarising logistic regression model performance on subscription cancellation.,customer_churn,model_evaluation,modelling,134,high,3,8193,8483,standard,task_003704,repo
task_003706,proj_00409,Document known limitations of the current logistic regression model.,customer_churn,reporting_documentation,reporting,170,medium,2,8435,8760,standard,task_003705,repo
task_003707,proj_00409,The customer churn dataset ingestion job fell over again last night.,customer_churn,data_pipeline_maintenance,infrastructure,47,medium,2,3613,3988,ambiguous,,repo
task_003708,proj_00409,Reviewing pipeline logs after an unexpected failure.,customer_churn,data_pipeline_maintenance,infrastructure,120,low,1,5169,6146,standard,,repo
task_003709,proj_00409,Reviewing pipeline logs after an unexpected failure.,customer_churn,data_pipeline_maintenance,infrastructure,38,medium,2,13012,13217,standard,,repo
task_003710,proj_00410,Collect raw data for the building energy dataset from the source system.,energy_consumption,data_collection,data_preparation,179,low,1,19976,21308,standard,,repo
task_003711,proj_00410,Fixing encoding issues in the building energy dataset before further processing.,energy_consumption,data_cleaning,data_preparation,126,medium,2,20962,21314,standard,task_003710,repo
task_003712,proj_00410,Build aggregated features summarising time of day at the project level.,energy_consumption,feature_engineering,analysis,167,medium,2,22358,22825,standard,task_003711,repo
task_003713,proj_00410,Retrain the gradient boosting regressor after incorporating the new features.,energy_consumption,model_training,modelling,175,high,3,23019,23344,standard,task_003712,repo
task_003714,proj_00410,Assessing whether the gradient boosting regressor meets the required performance threshold.,energy_consumption,model_evaluation,modelling,149,high,3,23871,24126,standard,task_003713,repo
task_003715,proj_00410,Train a gradient boosting regressor to predict hourly energy consumption using the building energy dataset.,energy_consumption,model_training,modelling,128,medium,2,25027,25451,standard,task_003714,repo
task_003716,proj_00410,Compare the gradient boosting regressor against the previous version without retraining either of them.,energy_consumption,model_evaluation,modelling,179,medium,2,26459,26815,negation,task_003715,repo
task_003717,proj_00410,Prepare slides presenting the gradient boosting regressor performance to stakeholders.,energy_consumption,reporting_documentation,reporting,63,low,1,27256,28736,standard,task_003716,repo
task_003718,proj_00411,Pull the latest records and afterwards check the demand forecasting dataset covers the full time range.,sales_forecasting,data_collection,data_preparation,95,low,1,38682,39893,multi_step,,repo
task_003719,proj_00411,"First fix the encoding issues in the demand forecasting dataset, then reconcile the mismatched identifiers.",sales_forecasting,data_cleaning,data_preparation,62,low,1,39749,40827,multi_step,task_003718,repo
task_003720,proj_00411,Explore the distribution of promotional calendar in the demand forecasting dataset.,sales_forecasting,exploratory_data_analysis,analysis,173,medium,2,39884,40336,standard,task_003719,repo
task_003721,proj_00411,Finalise the feature set to be used by the gradient boosting regressor.,sales_forecasting,feature_engineering,analysis,66,medium,2,40833,41137,standard,task_003720,repo
task_003722,proj_00411,Establishing a baseline gradient boosting regressor for inventory requirements prediction.,sales_forecasting,model_training,modelling,349,low,1,41745,42400,standard,task_003721,repo
task_003723,proj_00411,Assess the gradient boosting regressor on inventory requirements without relying on accuracy as the headline metric.,sales_forecasting,model_evaluation,modelling,175,low,1,42764,44074,negation,task_003722,repo
task_003724,proj_00411,Prepare slides presenting the gradient boosting regressor performance to stakeholders.,sales_forecasting,reporting_documentation,reporting,42,low,1,43394,44759,standard,task_003723,repo
task_003725,proj_00411,Reviewing pipeline logs after an unexpected failure.,sales_forecasting,data_pipeline_maintenance,infrastructure,40,high,3,50304,50432,standard,,repo
task_003726,proj_00412,"The catalogue image dataset doesn't go back far enough, see what you can do.",image_classification,data_collection,data_preparation,135,low,1,15843,17102,ambiguous,,repo
task_003727,proj_00412,Standardise column formats across the catalogue image dataset.,image_classification,data_cleaning,data_preparation,212,high,3,16241,16526,standard,task_003726,repo
task_003728,proj_00412,Run a first exploratory pass over the catalogue image dataset to understand its structure.,image_classification,exploratory_data_analysis,analysis,96,medium,2,16391,16858,standard,task_003727,repo
task_003729,proj_00412,Reduce dimensionality of the catalogue image dataset using feature selection.,image_classification,feature_engineering,analysis,281,low,1,17811,19005,standard,task_003728,repo
task_003730,proj_00412,Set up the training pipeline for the vision transformer model.,image_classification,model_training,modelling,171,low,1,17829,18282,standard,task_003729,repo
task_003731,proj_00412,The vision transformer model was fine last month and now it isn't.,image_classification,model_evaluation,modelling,126,medium,2,17881,18276,ambiguous,task_003730,repo
task_003732,proj_00412,"The vision transformer model isn't picking anything up, have a go at it.",image_classification,model_training,modelling,182,medium,2,18721,19336,ambiguous,task_003731,repo
task_003733,proj_00412,Evaluate the vision transformer model on a held-out split of the catalogue image dataset.,image_classification,model_evaluation,modelling,162,medium,2,18745,19317,standard,task_003732,repo
task_003734,proj_00412,Draft release notes describing changes to the vision transformer model pipeline.,image_classification,reporting_documentation,reporting,94,low,1,18944,19283,standard,task_003733,repo
task_003735,proj_00413,We're short on records for the patient records dataset — sort it out.,healthcare_readmission,data_collection,data_preparation,41,low,1,61072,62462,ambiguous,,repo
task_003736,proj_00413,Resolve inconsistent entries in the patient records dataset without dropping any rows.,healthcare_readmission,data_cleaning,data_preparation,169,high,3,61776,61996,negation,task_003735,repo
task_003737,proj_00413,"Compute summary statistics for the patient records dataset, then visualise how patient risk score moves over time.",healthcare_readmission,exploratory_data_analysis,analysis,167,high,3,62912,63208,multi_step,task_003736,repo
task_003738,proj_00413,Fit the survival analysis model on the prepared patient records dataset.,healthcare_readmission,model_training,modelling,85,low,1,63428,64807,standard,task_003737,repo
task_003739,proj_00413,Investigate a drop in survival analysis model recall after the last patient records dataset update.,healthcare_readmission,model_evaluation,modelling,93,medium,2,64010,64272,standard,task_003738,repo
task_003740,proj_00413,They want something on patient risk score for tomorrow.,healthcare_readmission,reporting_documentation,reporting,51,high,3,64525,64739,ambiguous,task_003739,repo
task_003741,proj_00414,Requesting access to a new data source needed for the historical sales dataset.,sales_forecasting,data_collection,data_preparation,96,medium,2,19723,20279,standard,,repo
task_003742,proj_00414,Remove duplicate records from the historical sales dataset.,sales_forecasting,data_cleaning,data_preparation,122,low,1,19762,20613,standard,task_003741,repo
task_003743,proj_00414,"Compute summary statistics for the historical sales dataset, then visualise how inventory requirements moves over time.",sales_forecasting,exploratory_data_analysis,analysis,150,low,1,20345,21393,multi_step,task_003742,repo
task_003744,proj_00414,Finalise the feature set to be used by the temporal fusion transformer.,sales_forecasting,feature_engineering,analysis,132,medium,2,21128,21740,standard,task_003743,repo
task_003745,proj_00414,Set up cross-validation and then fit the temporal fusion transformer on the prepared historical sales dataset.,sales_forecasting,model_training,modelling,281,medium,2,21702,22130,multi_step,task_003744,repo
task_003746,proj_00414,"Compute precision, recall and F1 for inventory requirements predictions.",sales_forecasting,model_evaluation,modelling,170,low,1,21912,22354,standard,task_003745,repo
task_003747,proj_00414,Establishing a baseline temporal fusion transformer for inventory requirements prediction.,sales_forecasting,model_training,modelling,319,low,1,22212,23053,standard,task_003746,repo
task_003748,proj_00414,Investigate a drop in temporal fusion transformer recall after the last historical sales dataset update.,sales_forecasting,model_evaluation,modelling,161,medium,2,23563,23991,standard,task_003747,repo
task_003749,proj_00414,Run cross-validation while training the temporal fusion transformer on the historical sales dataset.,sales_forecasting,model_training,modelling,260,low,1,23580,25167,standard,task_003748,repo
task_003750,proj_00414,The temporal fusion transformer was fine last month and now it isn't.,sales_forecasting,model_evaluation,modelling,47,medium,2,24304,24823,ambiguous,task_003749,repo
task_003751,proj_00414,Summarise key findings from the inventory requirements analysis for the team.,sales_forecasting,reporting_documentation,reporting,149,low,1,24984,26107,standard,task_003750,repo
task_003752,proj_00414,Restore the historical sales dataset pipeline without triggering a full historical backfill.,sales_forecasting,data_pipeline_maintenance,infrastructure,35,high,3,33157,33278,negation,,repo
task_003753,proj_00415,Gather the missing records for the store-level sales dataset without hitting production directly.,sales_forecasting,data_collection,data_preparation,57,medium,2,73702,74230,negation,,repo
task_003754,proj_00415,Remove duplicate records from the store-level sales dataset.,sales_forecasting,data_cleaning,data_preparation,190,low,1,74574,75674,standard,task_003753,repo
task_003755,proj_00415,Engineer new features from store location to improve weekly sales volume prediction.,sales_forecasting,feature_engineering,analysis,133,medium,2,75297,75753,standard,task_003754,repo
task_003756,proj_00415,Fit the gradient boosting regressor on the prepared store-level sales dataset.,sales_forecasting,model_training,modelling,91,medium,2,75546,75845,standard,task_003755,repo
task_003757,proj_00415,"Compute precision, recall and F1 for weekly sales volume predictions.",sales_forecasting,model_evaluation,modelling,97,medium,2,76009,76238,standard,task_003756,repo
task_003758,proj_00415,Updating the project README with the latest store-level sales dataset schema.,sales_forecasting,reporting_documentation,reporting,62,medium,2,76134,76583,standard,task_003757,repo
task_003759,proj_00415,Monitor data quality alerts for the store-level sales dataset pipeline.,sales_forecasting,data_pipeline_maintenance,infrastructure,18,low,1,88418,89035,standard,,repo
task_003760,proj_00416,Collect raw data for the product review dataset from the source system.,sentiment_analysis,data_collection,data_preparation,157,medium,2,70557,71056,standard,,repo
task_003761,proj_00416,Filter out invalid or corrupted rows from the product review dataset.,sentiment_analysis,data_cleaning,data_preparation,238,medium,2,71237,71727,standard,task_003760,repo
task_003762,proj_00416,Set up cross-validation and then fit the naive Bayes classifier on the prepared product review dataset.,sentiment_analysis,model_training,modelling,83,high,3,71891,72082,multi_step,task_003761,repo
task_003763,proj_00416,Check the naive Bayes classifier for fairness across segments of the product review dataset.,sentiment_analysis,model_evaluation,modelling,66,high,3,73247,73450,standard,task_003762,repo
task_003764,proj_00416,Retrain the naive Bayes classifier on the product review dataset without changing the current hyperparameters.,sentiment_analysis,model_training,modelling,256,high,3,73710,74002,negation,task_003763,repo
task_003765,proj_00416,Assessing whether the naive Bayes classifier meets the required performance threshold.,sentiment_analysis,model_evaluation,modelling,115,medium,2,73944,74366,standard,task_003764,repo
task_003766,proj_00416,Set up the training pipeline for the naive Bayes classifier.,sentiment_analysis,model_training,modelling,218,medium,2,74981,75395,standard,task_003765,repo
task_003767,proj_00416,Investigate a drop in naive Bayes classifier recall after the last product review dataset update.,sentiment_analysis,model_evaluation,modelling,119,medium,2,75527,75981,standard,task_003766,repo
task_003768,proj_00416,Nobody knows how the naive Bayes classifier works — fix that.,sentiment_analysis,reporting_documentation,reporting,134,medium,2,75712,76049,ambiguous,task_003767,repo
task_003769,proj_00416,Reviewing pipeline logs after an unexpected failure.,sentiment_analysis,data_pipeline_maintenance,infrastructure,120,medium,2,73103,73436,standard,,repo
task_003770,proj_00416,The product review dataset ingestion job fell over again last night.,sentiment_analysis,data_pipeline_maintenance,infrastructure,15,medium,2,82694,83043,ambiguous,,repo
task_003771,proj_00417,We're short on records for the news articles dataset — sort it out.,text_summarisation,data_collection,data_preparation,160,medium,2,58776,59194,ambiguous,,repo
task_003772,proj_00417,Resolve inconsistent entries in the news articles dataset without dropping any rows.,text_summarisation,data_cleaning,data_preparation,151,medium,2,60068,60380,negation,task_003771,repo
task_003773,proj_00417,Run a first exploratory pass over the news articles dataset to understand its structure.,text_summarisation,exploratory_data_analysis,analysis,193,low,1,61439,62297,standard,task_003772,repo
task_003774,proj_00417,Engineer new features from topic coherence to improve key topic extraction prediction.,text_summarisation,feature_engineering,analysis,69,medium,2,62194,62438,standard,task_003773,repo
task_003775,proj_00417,Retrain the topic model on the news articles dataset without changing the current hyperparameters.,text_summarisation,model_training,modelling,316,medium,2,63254,63844,negation,task_003774,repo
task_003776,proj_00417,Run an error analysis on the topic model predictions for key topic extraction.,text_summarisation,model_evaluation,modelling,90,medium,2,63567,63916,standard,task_003775,repo
task_003777,proj_00417,Retrain the topic model on the news articles dataset without changing the current hyperparameters.,text_summarisation,model_training,modelling,87,medium,2,64011,64432,negation,task_003776,repo
task_003778,proj_00417,Run an error analysis on the topic model predictions for key topic extraction.,text_summarisation,model_evaluation,modelling,58,low,1,64800,65786,standard,task_003777,repo
task_003779,proj_00417,"First collect the topic model results, then prepare a one-page summary for management.",text_summarisation,reporting_documentation,reporting,94,medium,2,66119,66515,multi_step,task_003778,repo
task_003780,proj_00417,Refactor the ingestion pipeline for the news articles dataset to reduce runtime.,text_summarisation,data_pipeline_maintenance,infrastructure,88,high,3,69619,69741,standard,,repo
task_003781,proj_00418,Query the production database to extract data for the maintenance records dataset.,predictive_maintenance,data_collection,data_preparation,165,low,1,26767,27682,standard,,repo
task_003782,proj_00418,"First fix the encoding issues in the maintenance records dataset, then reconcile the mismatched identifiers.",predictive_maintenance,data_cleaning,data_preparation,89,medium,2,26787,27168,multi_step,task_003781,repo
task_003783,proj_00418,Examine operating hours in the maintenance records dataset without assuming a normal distribution.,predictive_maintenance,exploratory_data_analysis,analysis,173,high,3,28188,28519,negation,task_003782,repo
task_003784,proj_00418,Establishing a baseline gradient boosting model for maintenance urgency prediction.,predictive_maintenance,model_training,modelling,330,medium,2,28569,29319,standard,task_003783,repo
task_003785,proj_00418,Evaluate the gradient boosting model on a held-out split of the maintenance records dataset.,predictive_maintenance,model_evaluation,modelling,133,medium,2,29443,29705,standard,task_003784,repo
task_003786,proj_00418,Retrain the gradient boosting model after incorporating the new features.,predictive_maintenance,model_training,modelling,111,high,3,30169,30356,standard,task_003785,repo
task_003787,proj_00418,Check the gradient boosting model for fairness across segments of the maintenance records dataset.,predictive_maintenance,model_evaluation,modelling,124,medium,2,30370,30950,standard,task_003786,repo
task_003788,proj_00418,Establishing a baseline gradient boosting model for maintenance urgency prediction.,predictive_maintenance,model_training,modelling,155,medium,2,30956,31246,standard,task_003787,repo
task_003789,proj_00418,"Score the gradient boosting model on the held-out split, then run an error analysis on the failures.",predictive_maintenance,model_evaluation,modelling,43,medium,2,31213,31646,multi_step,task_003788,repo
task_003790,proj_00418,Document the data preparation steps applied to the maintenance records dataset.,predictive_maintenance,reporting_documentation,reporting,91,low,1,32096,32632,standard,task_003789,repo
task_003791,proj_00418,Fix a broken scheduled job feeding the maintenance records dataset.,predictive_maintenance,data_pipeline_maintenance,infrastructure,40,low,1,27365,28057,standard,,repo
task_003792,proj_00418,The maintenance records dataset ingestion job fell over again last night.,predictive_maintenance,data_pipeline_maintenance,infrastructure,85,high,3,29074,29201,ambiguous,,repo
task_003793,proj_00418,Monitor data quality alerts for the maintenance records dataset pipeline.,predictive_maintenance,data_pipeline_maintenance,infrastructure,118,low,1,28260,28645,standard,,repo
task_003794,proj_00419,Pull the latest records and afterwards check the customer feedback dataset covers the full time range.,sentiment_analysis,data_collection,data_preparation,41,medium,2,62512,62726,multi_step,,repo
task_003795,proj_00419,Deduplicate the customer feedback dataset and then standardise the word embeddings column formats.,sentiment_analysis,data_cleaning,data_preparation,69,medium,2,63817,64187,multi_step,task_003794,repo
task_003796,proj_00419,Encode categorical variables in the customer feedback dataset for the fine-tuned transformer model.,sentiment_analysis,feature_engineering,analysis,244,medium,2,65232,65646,standard,task_003795,repo
task_003797,proj_00419,Retrain the fine-tuned transformer model on the customer feedback dataset without changing the current hyperparameters.,sentiment_analysis,model_training,modelling,298,high,3,66438,66850,negation,task_003796,repo
task_003798,proj_00419,Evaluate the fine-tuned transformer model on a held-out split of the customer feedback dataset.,sentiment_analysis,model_evaluation,modelling,60,low,1,67199,68395,standard,task_003797,repo
task_003799,proj_00419,Prepare a one-page summary of fine-tuned transformer model results for management.,sentiment_analysis,reporting_documentation,reporting,116,medium,2,67911,68208,standard,task_003798,repo
task_003800,proj_00420,We're short on records for the loan applications dataset — sort it out.,credit_scoring,data_collection,data_preparation,58,high,3,7850,7965,ambiguous,,repo
task_003801,proj_00420,Clean missing values in the loan applications dataset before training the scorecard model.,credit_scoring,data_cleaning,data_preparation,171,medium,2,8738,9085,standard,task_003800,repo
task_003802,proj_00420,Not sure what's driving repayment probability — dig into it.,credit_scoring,exploratory_data_analysis,analysis,84,low,1,10013,10752,ambiguous,task_003801,repo
task_003803,proj_00420,Set up cross-validation and then fit the scorecard model on the prepared loan applications dataset.,credit_scoring,model_training,modelling,188,medium,2,11414,11783,multi_step,task_003802,repo
task_003804,proj_00420,Validate the scorecard model on out-of-time data before deployment.,credit_scoring,model_evaluation,modelling,154,medium,2,12525,12915,standard,task_003803,repo
task_003805,proj_00420,"The scorecard model isn't picking anything up, have a go at it.",credit_scoring,model_training,modelling,274,medium,2,12622,13070,ambiguous,task_003804,repo
task_003806,proj_00420,Check the scorecard model for fairness across segments of the loan applications dataset.,credit_scoring,model_evaluation,modelling,103,medium,2,12651,13218,standard,task_003805,repo
task_003807,proj_00420,Get a first repayment probability baseline without tuning the scorecard model at all.,credit_scoring,model_training,modelling,240,medium,2,13790,14406,negation,task_003806,repo
task_003808,proj_00420,Evaluate the scorecard model on a held-out split of the loan applications dataset.,credit_scoring,model_evaluation,modelling,73,high,3,13869,14047,standard,task_003807,repo
task_003809,proj_00420,Summarise key findings from the repayment probability analysis for the team.,credit_scoring,reporting_documentation,reporting,84,medium,2,14281,14580,standard,task_003808,repo
task_003810,proj_00420,"Check the pipeline logs, then patch the schema change that broke the loan applications dataset ingestion.",credit_scoring,data_pipeline_maintenance,infrastructure,89,low,1,11353,12469,multi_step,,repo
task_003811,proj_00421,We're short on records for the clinical notes dataset — sort it out.,healthcare_readmission,data_collection,data_preparation,121,low,1,3422,4025,ambiguous,,repo
task_003812,proj_00421,Clean the clinical notes dataset for patient risk score modelling without altering the original source files.,healthcare_readmission,data_cleaning,data_preparation,208,medium,2,3940,4340,negation,task_003811,repo
task_003813,proj_00421,Assess class imbalance in patient risk score without resampling the clinical notes dataset at this stage.,healthcare_readmission,exploratory_data_analysis,analysis,59,medium,2,4138,4525,negation,task_003812,repo
task_003814,proj_00421,Reduce dimensionality of the clinical notes dataset using feature selection.,healthcare_readmission,feature_engineering,analysis,159,low,1,4763,6145,standard,task_003813,repo
task_003815,proj_00421,Set up the training pipeline for the survival analysis model.,healthcare_readmission,model_training,modelling,161,medium,2,4797,5410,standard,task_003814,repo
task_003816,proj_00421,Produce a confusion matrix summarising survival analysis model performance on patient risk score.,healthcare_readmission,model_evaluation,modelling,70,medium,2,5882,6180,standard,task_003815,repo
task_003817,proj_00421,Draft release notes describing changes to the survival analysis model pipeline.,healthcare_readmission,reporting_documentation,reporting,167,medium,2,7320,7902,standard,task_003816,repo
task_003818,proj_00421,Restore the clinical notes dataset pipeline without triggering a full historical backfill.,healthcare_readmission,data_pipeline_maintenance,infrastructure,79,low,1,12066,12433,negation,,repo
task_003819,proj_00422,Gather historical records to build the subscription churn dataset.,customer_churn,data_collection,data_preparation,67,low,1,41953,42405,standard,,repo
task_003820,proj_00422,Something's wrong with usage frequency in the subscription churn dataset.,customer_churn,data_cleaning,data_preparation,214,medium,2,42740,43355,ambiguous,task_003819,repo
task_003821,proj_00422,Examine usage frequency in the subscription churn dataset without assuming a normal distribution.,customer_churn,exploratory_data_analysis,analysis,148,medium,2,43549,43942,negation,task_003820,repo
task_003822,proj_00422,Reduce the dimensionality of the subscription churn dataset without discarding usage frequency.,customer_churn,feature_engineering,analysis,119,medium,2,44037,44322,negation,task_003821,repo
task_003823,proj_00422,Train a random forest classifier to predict customer churn using the subscription churn dataset.,customer_churn,model_training,modelling,226,low,1,44243,44951,standard,task_003822,repo
task_003824,proj_00422,Check whether the random forest classifier is actually any good on customer churn.,customer_churn,model_evaluation,modelling,137,medium,2,44823,45159,ambiguous,task_003823,repo
task_003825,proj_00422,Put together whatever we have on the subscription churn dataset for the handover.,customer_churn,reporting_documentation,reporting,179,medium,2,45842,46203,ambiguous,task_003824,repo
task_003826,proj_00422,Resolve a data freshness issue affecting the subscription churn dataset.,customer_churn,data_pipeline_maintenance,infrastructure,85,medium,2,56951,57212,standard,,repo
task_003827,proj_00422,Monitor data quality alerts for the subscription churn dataset pipeline.,customer_churn,data_pipeline_maintenance,infrastructure,72,high,3,45953,46139,standard,,repo
task_003828,proj_00423,"Request access to the new source, then pull an initial extract into the A/B test results dataset.",ab_testing_analysis,data_collection,data_preparation,41,medium,2,34356,34823,multi_step,,repo
task_003829,proj_00423,Fixing encoding issues in the A/B test results dataset before further processing.,ab_testing_analysis,data_cleaning,data_preparation,88,medium,2,35316,35533,standard,task_003828,repo
task_003830,proj_00423,Examine sample size in the A/B test results dataset without assuming a normal distribution.,ab_testing_analysis,exploratory_data_analysis,analysis,119,medium,2,35645,36073,negation,task_003829,repo
task_003831,proj_00423,"First scale sample size, then check whether the Bayesian A/B testing model still needs the interaction terms.",ab_testing_analysis,feature_engineering,analysis,257,medium,2,36233,36682,multi_step,task_003830,repo
task_003832,proj_00423,Get a first conversion rate uplift baseline without tuning the Bayesian A/B testing model at all.,ab_testing_analysis,model_training,modelling,93,medium,2,36323,36549,negation,task_003831,repo
task_003833,proj_00423,Validate the Bayesian A/B testing model on out-of-time data before deployment.,ab_testing_analysis,model_evaluation,modelling,45,high,3,37281,37474,standard,task_003832,repo
task_003834,proj_00423,Get a first conversion rate uplift baseline without tuning the Bayesian A/B testing model at all.,ab_testing_analysis,model_training,modelling,256,high,3,37546,37955,negation,task_003833,repo
task_003835,proj_00423,Investigate a drop in Bayesian A/B testing model recall after the last A/B test results dataset update.,ab_testing_analysis,model_evaluation,modelling,153,high,3,38649,38847,standard,task_003834,repo
task_003836,proj_00423,Retrain the Bayesian A/B testing model after incorporating the new features.,ab_testing_analysis,model_training,modelling,309,medium,2,39107,39652,standard,task_003835,repo
task_003837,proj_00423,Evaluate the Bayesian A/B testing model on a held-out split of the A/B test results dataset.,ab_testing_analysis,model_evaluation,modelling,77,high,3,40207,40389,standard,task_003836,repo
task_003838,proj_00423,Summarise the Bayesian A/B testing model results for management without including technical detail.,ab_testing_analysis,reporting_documentation,reporting,158,medium,2,40371,40884,negation,task_003837,repo
task_003839,proj_00423,Fix a broken scheduled job feeding the A/B test results dataset.,ab_testing_analysis,data_pipeline_maintenance,infrastructure,35,medium,2,46585,46910,standard,,repo
task_003840,proj_00424,Pull the latest records and afterwards check the defect inspection image dataset covers the full time range.,image_classification,data_collection,data_preparation,139,low,1,6922,7322,multi_step,,repo
task_003841,proj_00424,Deduplicate the defect inspection image dataset and then standardise the edge features column formats.,image_classification,data_cleaning,data_preparation,204,low,1,7849,9272,multi_step,task_003840,repo
task_003842,proj_00424,Compare edge features distributions across different segments of the defect inspection image dataset.,image_classification,exploratory_data_analysis,analysis,131,low,1,8002,9496,standard,task_003841,repo
task_003843,proj_00424,The inputs to the vision transformer model need rethinking.,image_classification,feature_engineering,analysis,166,medium,2,8838,9307,ambiguous,task_003842,repo
task_003844,proj_00424,Run cross-validation while training the vision transformer model on the defect inspection image dataset.,image_classification,model_training,modelling,171,high,3,10089,10400,standard,task_003843,repo
task_003845,proj_00424,Check whether the vision transformer model is actually any good on image quality label.,image_classification,model_evaluation,modelling,43,medium,2,11136,11642,ambiguous,task_003844,repo
task_003846,proj_00424,Train a vision transformer model to predict image quality label using the defect inspection image dataset.,image_classification,model_training,modelling,194,medium,2,12572,13153,standard,task_003845,repo
task_003847,proj_00424,Investigate a drop in vision transformer model recall after the last defect inspection image dataset update.,image_classification,model_evaluation,modelling,75,low,1,13392,14392,standard,task_003846,repo
task_003848,proj_00424,Fine-tune the vision transformer model on a recent snapshot of the defect inspection image dataset.,image_classification,model_training,modelling,192,low,1,14165,14649,standard,task_003847,repo
task_003849,proj_00424,The vision transformer model was fine last month and now it isn't.,image_classification,model_evaluation,modelling,67,medium,2,15587,16069,ambiguous,task_003848,repo
task_003850,proj_00424,Updating the project README with the latest defect inspection image dataset schema.,image_classification,reporting_documentation,reporting,113,medium,2,16458,16921,standard,task_003849,repo
task_003851,proj_00424,Investigate a failed run in the defect inspection image dataset ingestion pipeline.,image_classification,data_pipeline_maintenance,infrastructure,55,low,1,14422,15375,standard,,repo
task_003852,proj_00424,The defect inspection image dataset ingestion job fell over again last night.,image_classification,data_pipeline_maintenance,infrastructure,22,high,3,19472,19652,ambiguous,,repo
task_003853,proj_00424,The defect inspection image dataset ingestion job fell over again last night.,image_classification,data_pipeline_maintenance,infrastructure,78,high,3,25498,25694,ambiguous,,repo
task_003854,proj_00425,"Request access to the new source, then pull an initial extract into the product image dataset.",image_classification,data_collection,data_preparation,63,low,1,62947,63672,multi_step,,repo
task_003855,proj_00425,Handle missing observations in the product image dataset to prepare it for defect presence modelling.,image_classification,data_cleaning,data_preparation,210,low,1,63331,64082,standard,task_003854,repo
task_003856,proj_00425,Deriving interaction terms between pixel intensity and other variables.,image_classification,feature_engineering,analysis,87,medium,2,64333,64777,standard,task_003855,repo
task_003857,proj_00425,Give the convolutional neural network another run with the latest product image dataset.,image_classification,model_training,modelling,278,high,3,65107,65540,ambiguous,task_003856,repo
task_003858,proj_00425,"Evaluate the convolutional neural network on the product image dataset, then check fairness across the main segments.",image_classification,model_evaluation,modelling,72,low,1,65340,66255,multi_step,task_003857,repo
task_003859,proj_00425,Get a first defect presence baseline without tuning the convolutional neural network at all.,image_classification,model_training,modelling,118,medium,2,65677,66197,negation,task_003858,repo
task_003860,proj_00425,Investigate a drop in convolutional neural network recall after the last product image dataset update.,image_classification,model_evaluation,modelling,38,medium,2,66519,66730,standard,task_003859,repo
task_003861,proj_00425,Document the data preparation steps applied to the product image dataset.,image_classification,reporting_documentation,reporting,83,medium,2,67404,67698,standard,task_003860,repo
task_003862,proj_00425,Restart and verify the product image dataset pipeline after a maintenance window.,image_classification,data_pipeline_maintenance,infrastructure,110,medium,2,63471,63992,standard,,repo
task_003863,proj_00426,Pull the latest records and afterwards check the conversion funnel dataset covers the full time range.,ab_testing_analysis,data_collection,data_preparation,169,low,1,10288,10843,multi_step,,repo
task_003864,proj_00426,"The conversion funnel dataset looks messy again, deal with it.",ab_testing_analysis,data_cleaning,data_preparation,224,low,1,11225,12131,ambiguous,task_003863,repo
task_003865,proj_00426,"Create the lagged variables from sample size, then aggregate them at project level.",ab_testing_analysis,feature_engineering,analysis,296,low,1,11404,12020,multi_step,task_003864,repo
task_003866,proj_00426,Train a Bayesian A/B testing model to predict conversion rate uplift using the conversion funnel dataset.,ab_testing_analysis,model_training,modelling,76,medium,2,12120,12417,standard,task_003865,repo
task_003867,proj_00426,Check the Bayesian A/B testing model for fairness across segments of the conversion funnel dataset.,ab_testing_analysis,model_evaluation,modelling,135,high,3,12562,12773,standard,task_003866,repo
task_003868,proj_00426,Finalise documentation before closing out the conversion rate uplift project.,ab_testing_analysis,reporting_documentation,reporting,126,medium,2,13096,13399,standard,task_003867,repo
task_003869,proj_00426,Refactor the ingestion pipeline for the conversion funnel dataset to reduce runtime.,ab_testing_analysis,data_pipeline_maintenance,infrastructure,115,medium,2,15388,15746,standard,,repo
task_003870,proj_00426,Investigate a failed run in the conversion funnel dataset ingestion pipeline.,ab_testing_analysis,data_pipeline_maintenance,infrastructure,84,low,1,28342,29818,standard,,repo
task_003871,proj_00426,"Check the pipeline logs, then patch the schema change that broke the conversion funnel dataset ingestion.",ab_testing_analysis,data_pipeline_maintenance,infrastructure,111,high,3,11214,11421,multi_step,,repo
task_003872,proj_00427,We're short on records for the customer churn dataset — sort it out.,customer_churn,data_collection,data_preparation,70,high,3,29748,29974,ambiguous,,repo
task_003873,proj_00427,Remove duplicate records from the customer churn dataset.,customer_churn,data_cleaning,data_preparation,70,high,3,30132,30262,standard,task_003872,repo
task_003874,proj_00427,Test whether adding contract type-derived features improves signal for subscription cancellation.,customer_churn,feature_engineering,analysis,149,medium,2,30940,31361,standard,task_003873,repo
task_003875,proj_00427,"First fit the random forest classifier on a sample, then run the full training on the customer churn dataset.",customer_churn,model_training,modelling,90,low,1,32108,33319,multi_step,task_003874,repo
task_003876,proj_00427,"First reproduce the reported random forest classifier metrics, then investigate the drop in recall.",customer_churn,model_evaluation,modelling,131,high,3,32982,33186,multi_step,task_003875,repo
task_003877,proj_00427,Document known limitations of the current random forest classifier.,customer_churn,reporting_documentation,reporting,171,medium,2,33926,34399,standard,task_003876,repo
task_003878,proj_00427,"The customer churn dataset numbers look stale, find out why.",customer_churn,data_pipeline_maintenance,infrastructure,48,medium,2,48744,49232,ambiguous,,repo
task_003879,proj_00428,"First query the production database, then consolidate the extracts into the hospital admissions dataset.",healthcare_readmission,data_collection,data_preparation,135,medium,2,55908,56174,multi_step,,repo
task_003880,proj_00428,Handle missing observations in the hospital admissions dataset to prepare it for 30-day readmission modelling.,healthcare_readmission,data_cleaning,data_preparation,169,low,1,56270,56890,standard,task_003879,repo
task_003881,proj_00428,Run a first exploratory pass over the hospital admissions dataset to understand its structure.,healthcare_readmission,exploratory_data_analysis,analysis,197,low,1,57442,58260,standard,task_003880,repo
task_003882,proj_00428,"Encode the categorical variables, then test whether they improve 30-day readmission prediction.",healthcare_readmission,feature_engineering,analysis,258,high,3,57616,57980,multi_step,task_003881,repo
task_003883,proj_00428,Fit the logistic regression model on the prepared hospital admissions dataset.,healthcare_readmission,model_training,modelling,203,medium,2,58118,58734,standard,task_003882,repo
task_003884,proj_00428,Investigate a drop in logistic regression model recall after the last hospital admissions dataset update.,healthcare_readmission,model_evaluation,modelling,74,high,3,58203,58396,standard,task_003883,repo
task_003885,proj_00428,Fine-tune the logistic regression model on a recent snapshot of the hospital admissions dataset.,healthcare_readmission,model_training,modelling,165,low,1,58612,59360,standard,task_003884,repo
task_003886,proj_00428,Compare the logistic regression model against the previous version without retraining either of them.,healthcare_readmission,model_evaluation,modelling,47,low,1,59128,60181,negation,task_003885,repo
task_003887,proj_00428,Write up the 30-day readmission results without waiting for the final logistic regression model run.,healthcare_readmission,reporting_documentation,reporting,118,medium,2,60478,60746,negation,task_003886,repo
task_003888,proj_00429,"The clinical notes dataset doesn't go back far enough, see what you can do.",healthcare_readmission,data_collection,data_preparation,171,medium,2,30471,30907,ambiguous,,repo
task_003889,proj_00429,Impute missing values for lab results using an appropriate strategy.,healthcare_readmission,data_cleaning,data_preparation,189,low,1,31909,32840,standard,task_003888,repo
task_003890,proj_00429,Run a first exploratory pass over the clinical notes dataset to understand its structure.,healthcare_readmission,exploratory_data_analysis,analysis,120,high,3,32318,32568,standard,task_003889,repo
task_003891,proj_00429,"First scale lab results, then check whether the logistic regression model still needs the interaction terms.",healthcare_readmission,feature_engineering,analysis,93,low,1,32667,34100,multi_step,task_003890,repo
task_003892,proj_00429,Get a first 30-day readmission baseline without tuning the logistic regression model at all.,healthcare_readmission,model_training,modelling,348,high,3,32736,33251,negation,task_003891,repo
task_003893,proj_00429,Investigate a drop in logistic regression model recall after the last clinical notes dataset update.,healthcare_readmission,model_evaluation,modelling,61,low,1,34072,34924,standard,task_003892,repo
task_003894,proj_00429,Updating the project README with the latest clinical notes dataset schema.,healthcare_readmission,reporting_documentation,reporting,71,medium,2,34640,34860,standard,task_003893,repo
task_003895,proj_00429,"Check the pipeline logs, then patch the schema change that broke the clinical notes dataset ingestion.",healthcare_readmission,data_pipeline_maintenance,infrastructure,55,high,3,40549,40668,multi_step,,repo
task_003896,proj_00429,Patch a schema change that broke the clinical notes dataset pipeline.,healthcare_readmission,data_pipeline_maintenance,infrastructure,33,low,1,31476,32765,standard,,repo
task_003897,proj_00429,Add monitoring for a recurring failure in the clinical notes dataset pipeline.,healthcare_readmission,data_pipeline_maintenance,infrastructure,24,medium,2,42782,43084,standard,,repo
task_003898,proj_00430,Query the production database to extract data for the hospital admissions dataset.,healthcare_readmission,data_collection,data_preparation,174,low,1,36480,37811,standard,,repo
task_003899,proj_00430,Detect and treat outliers in comorbidity count within the hospital admissions dataset.,healthcare_readmission,data_cleaning,data_preparation,180,low,1,37195,38425,standard,task_003898,repo
task_003900,proj_00430,Produce summary statistics and visualisations for the hospital admissions dataset.,healthcare_readmission,exploratory_data_analysis,analysis,224,low,1,38124,39574,standard,task_003899,repo
task_003901,proj_00430,Test whether adding comorbidity count-derived features improves signal for patient risk score.,healthcare_readmission,feature_engineering,analysis,244,medium,2,38901,39481,standard,task_003900,repo
task_003902,proj_00430,Give the gradient boosting model another run with the latest hospital admissions dataset.,healthcare_readmission,model_training,modelling,223,low,1,39477,40981,ambiguous,task_003901,repo
task_003903,proj_00430,"Score the gradient boosting model on the held-out split, then run an error analysis on the failures.",healthcare_readmission,model_evaluation,modelling,94,medium,2,40781,41067,multi_step,task_003902,repo
task_003904,proj_00430,"First collect the gradient boosting model results, then prepare a one-page summary for management.",healthcare_readmission,reporting_documentation,reporting,60,low,1,40848,41616,multi_step,task_003903,repo
task_003905,proj_00431,"First query the production database, then consolidate the extracts into the customer retention dataset.",customer_churn,data_collection,data_preparation,88,medium,2,14022,14411,multi_step,,repo
task_003906,proj_00431,Treat the outliers in contract type without imputing any values.,customer_churn,data_cleaning,data_preparation,54,low,1,14057,14636,negation,task_003905,repo
task_003907,proj_00431,Check for seasonality patterns related to contract type in the customer retention dataset.,customer_churn,exploratory_data_analysis,analysis,121,low,1,14277,14739,standard,task_003906,repo
task_003908,proj_00431,"The logistic regression model isn't picking anything up, have a go at it.",customer_churn,model_training,modelling,308,high,3,15351,15807,ambiguous,task_003907,repo
task_003909,proj_00431,Run an error analysis on the logistic regression model predictions for customer attrition.,customer_churn,model_evaluation,modelling,96,medium,2,16672,16952,standard,task_003908,repo
task_003910,proj_00431,Debug a training failure encountered while fitting the logistic regression model.,customer_churn,model_training,modelling,127,low,1,17453,18011,standard,task_003909,repo
task_003911,proj_00431,Investigate a drop in logistic regression model recall after the last customer retention dataset update.,customer_churn,model_evaluation,modelling,95,high,3,18495,18702,standard,task_003910,repo
task_003912,proj_00431,Draft release notes describing changes to the logistic regression model pipeline.,customer_churn,reporting_documentation,reporting,76,medium,2,19615,19814,standard,task_003911,repo
task_003913,proj_00431,"The customer retention dataset numbers look stale, find out why.",customer_churn,data_pipeline_maintenance,infrastructure,78,low,1,31663,32990,ambiguous,,repo
task_003914,proj_00431,Add monitoring for a recurring failure in the customer retention dataset pipeline.,customer_churn,data_pipeline_maintenance,infrastructure,41,high,3,26403,26517,standard,,repo
task_003915,proj_00432,We're short on records for the clinical notes dataset — sort it out.,healthcare_readmission,data_collection,data_preparation,168,medium,2,22459,22968,ambiguous,,repo
task_003916,proj_00432,Handle missing observations in the clinical notes dataset to prepare it for length of stay modelling.,healthcare_readmission,data_cleaning,data_preparation,163,medium,2,23037,23577,standard,task_003915,repo
task_003917,proj_00432,"lab results on its own isn't telling us much, work on it.",healthcare_readmission,feature_engineering,analysis,195,low,1,23787,25330,ambiguous,task_003916,repo
task_003918,proj_00432,Fit the logistic regression model on the clinical notes dataset without using the lab results column.,healthcare_readmission,model_training,modelling,283,high,3,24153,24588,negation,task_003917,repo
task_003919,proj_00432,"Score the logistic regression model on the held-out split, then run an error analysis on the failures.",healthcare_readmission,model_evaluation,modelling,74,low,1,24444,25798,multi_step,task_003918,repo
task_003920,proj_00432,"Update the README with the new clinical notes dataset schema, then draft the logistic regression model release notes.",healthcare_readmission,reporting_documentation,reporting,153,low,1,25004,26594,multi_step,task_003919,repo
task_003921,proj_00432,Restore the clinical notes dataset pipeline without triggering a full historical backfill.,healthcare_readmission,data_pipeline_maintenance,infrastructure,42,high,3,33623,33776,negation,,repo
task_003922,proj_00433,Scrape supplementary records to enrich the news articles dataset.,text_summarisation,data_collection,data_preparation,120,medium,2,1362,1941,standard,,repo
task_003923,proj_00433,Deduplicate the news articles dataset and then standardise the topic coherence column formats.,text_summarisation,data_cleaning,data_preparation,73,medium,2,2678,3024,multi_step,task_003922,repo
task_003924,proj_00433,Training a topic model from scratch on the updated news articles dataset.,text_summarisation,model_training,modelling,342,medium,2,3608,4371,standard,task_003923,repo
task_003925,proj_00433,Check the topic model for fairness across segments of the news articles dataset.,text_summarisation,model_evaluation,modelling,33,low,1,4138,4758,standard,task_003924,repo
task_003926,proj_00433,Fine-tune the topic model on a recent snapshot of the news articles dataset.,text_summarisation,model_training,modelling,200,low,1,4485,6091,standard,task_003925,repo
task_003927,proj_00433,Check the topic model for fairness across segments of the news articles dataset.,text_summarisation,model_evaluation,modelling,32,high,3,5674,5842,standard,task_003926,repo
task_003928,proj_00433,Training a topic model from scratch on the updated news articles dataset.,text_summarisation,model_training,modelling,287,low,1,6496,7862,standard,task_003927,repo
task_003929,proj_00433,Evaluate the topic model on a held-out split of the news articles dataset.,text_summarisation,model_evaluation,modelling,97,high,3,7327,7541,standard,task_003928,repo
task_003930,proj_00433,"Draft the summary quality findings first, then turn them into slides for stakeholders.",text_summarisation,reporting_documentation,reporting,140,low,1,7449,7965,multi_step,task_003929,repo
task_003931,proj_00433,Fix a broken scheduled job feeding the news articles dataset.,text_summarisation,data_pipeline_maintenance,infrastructure,17,high,3,10470,10536,standard,,repo
task_003932,proj_00433,Monitor data quality alerts for the news articles dataset pipeline.,text_summarisation,data_pipeline_maintenance,infrastructure,88,low,1,2765,3852,standard,,repo
task_003933,proj_00433,Restart and verify the news articles dataset pipeline after a maintenance window.,text_summarisation,data_pipeline_maintenance,infrastructure,32,low,1,7709,8930,standard,,repo
task_003934,proj_00434,Retrieving additional records is required to complete the transaction dataset.,fraud_detection,data_collection,data_preparation,148,low,1,3885,4349,standard,,repo
task_003935,proj_00434,Deduplicate the transaction dataset and then standardise the device fingerprint column formats.,fraud_detection,data_cleaning,data_preparation,101,medium,2,4556,5127,multi_step,task_003934,repo
task_003936,proj_00434,Analyse correlations between device fingerprint and fraud risk in the transaction dataset.,fraud_detection,exploratory_data_analysis,analysis,166,high,3,5427,5656,standard,task_003935,repo
task_003937,proj_00434,Improve signal for fraud risk without adding features derived from device fingerprint.,fraud_detection,feature_engineering,analysis,115,medium,2,6242,6658,negation,task_003936,repo
task_003938,proj_00434,Train a isolation forest model to predict fraud risk using the transaction dataset.,fraud_detection,model_training,modelling,353,medium,2,6278,6988,standard,task_003937,repo
task_003939,proj_00434,Validate the isolation forest model on out-of-time data before deployment.,fraud_detection,model_evaluation,modelling,99,medium,2,6648,7094,standard,task_003938,repo
task_003940,proj_00434,Summarise key findings from the fraud risk analysis for the team.,fraud_detection,reporting_documentation,reporting,87,medium,2,7534,7846,standard,task_003939,repo
task_003941,proj_00434,Patch a schema change that broke the transaction dataset pipeline.,fraud_detection,data_pipeline_maintenance,infrastructure,16,medium,2,16233,16685,standard,,repo
task_003942,proj_00435,Validate that the defect inspection image dataset covers the full required time range.,image_classification,data_collection,data_preparation,103,low,1,51727,52472,standard,,repo
task_003943,proj_00435,Fixing encoding issues in the defect inspection image dataset before further processing.,image_classification,data_cleaning,data_preparation,148,medium,2,52683,53149,standard,task_003942,repo
task_003944,proj_00435,Summarise the defect inspection image dataset without producing any new visualisations.,image_classification,exploratory_data_analysis,analysis,167,high,3,53769,53974,negation,task_003943,repo
task_003945,proj_00435,Generate embeddings to represent edge features for the convolutional neural network.,image_classification,feature_engineering,analysis,262,low,1,54648,55748,standard,task_003944,repo
task_003946,proj_00435,Fit the convolutional neural network on the prepared defect inspection image dataset.,image_classification,model_training,modelling,202,high,3,55031,55280,standard,task_003945,repo
task_003947,proj_00435,Validate the convolutional neural network without touching the held-out test split.,image_classification,model_evaluation,modelling,117,low,1,56015,57499,negation,task_003946,repo
task_003948,proj_00435,Document the data preparation steps applied to the defect inspection image dataset.,image_classification,reporting_documentation,reporting,52,medium,2,56933,57358,standard,task_003947,repo
task_003949,proj_00435,Restore the defect inspection image dataset pipeline without triggering a full historical backfill.,image_classification,data_pipeline_maintenance,infrastructure,104,low,1,56648,57337,negation,,repo
task_003950,proj_00436,Validate that the catalogue image dataset covers the full required time range.,image_classification,data_collection,data_preparation,118,low,1,22511,23555,standard,,repo
task_003951,proj_00436,Half the rows in the catalogue image dataset don't look right.,image_classification,data_cleaning,data_preparation,240,medium,2,22928,23418,ambiguous,task_003950,repo
task_003952,proj_00436,Explore the distribution of colour histogram in the catalogue image dataset.,image_classification,exploratory_data_analysis,analysis,87,low,1,23861,24788,standard,task_003951,repo
task_003953,proj_00436,"Encode the categorical variables, then test whether they improve product category prediction.",image_classification,feature_engineering,analysis,250,low,1,24973,25743,multi_step,task_003952,repo
task_003954,proj_00436,Fit the fine-tuned ResNet model on the prepared catalogue image dataset.,image_classification,model_training,modelling,203,high,3,25844,26121,standard,task_003953,repo
task_003955,proj_00436,The fine-tuned ResNet model was fine last month and now it isn't.,image_classification,model_evaluation,modelling,141,high,3,26264,26503,ambiguous,task_003954,repo
task_003956,proj_00436,Document the data preparation steps applied to the catalogue image dataset.,image_classification,reporting_documentation,reporting,30,medium,2,26408,26674,standard,task_003955,repo
task_003957,proj_00436,"The catalogue image dataset numbers look stale, find out why.",image_classification,data_pipeline_maintenance,infrastructure,109,high,3,32302,32485,ambiguous,,repo
task_003958,proj_00436,"Check the pipeline logs, then patch the schema change that broke the catalogue image dataset ingestion.",image_classification,data_pipeline_maintenance,infrastructure,107,low,1,25042,26046,multi_step,,repo
task_003959,proj_00437,Pull the latest records and afterwards check the conversion funnel dataset covers the full time range.,ab_testing_analysis,data_collection,data_preparation,42,low,1,35712,36834,multi_step,,repo
task_003960,proj_00437,Resolve inconsistent entries in the conversion funnel dataset without dropping any rows.,ab_testing_analysis,data_cleaning,data_preparation,86,medium,2,35919,36392,negation,task_003959,repo
task_003961,proj_00437,Summarising key findings from the exploratory analysis of the conversion funnel dataset.,ab_testing_analysis,exploratory_data_analysis,analysis,99,medium,2,36470,36891,standard,task_003960,repo
task_003962,proj_00437,Establishing a baseline Bayesian A/B testing model for experiment outcome prediction.,ab_testing_analysis,model_training,modelling,337,high,3,37253,37709,standard,task_003961,repo
task_003963,proj_00437,Produce a confusion matrix summarising Bayesian A/B testing model performance on experiment outcome.,ab_testing_analysis,model_evaluation,modelling,136,high,3,38119,38318,standard,task_003962,repo
task_003964,proj_00437,"Update the README with the new conversion funnel dataset schema, then draft the Bayesian A/B testing model release notes.",ab_testing_analysis,reporting_documentation,reporting,89,low,1,39525,39991,multi_step,task_003963,repo
task_003965,proj_00437,Monitor data quality alerts for the conversion funnel dataset pipeline.,ab_testing_analysis,data_pipeline_maintenance,infrastructure,81,medium,2,44050,44515,standard,,repo
task_003966,proj_00437,Fix a broken scheduled job feeding the conversion funnel dataset.,ab_testing_analysis,data_pipeline_maintenance,infrastructure,22,low,1,54274,55509,standard,,repo
task_003967,proj_00438,Collect raw data for the workforce analytics dataset from the source system.,employee_attrition,data_collection,data_preparation,104,high,3,74478,74705,standard,,repo
task_003968,proj_00438,"First fix the encoding issues in the workforce analytics dataset, then reconcile the mismatched identifiers.",employee_attrition,data_cleaning,data_preparation,38,medium,2,75336,75512,multi_step,task_003967,repo
task_003969,proj_00438,Test whether adding tenure-derived features improves signal for employee attrition.,employee_attrition,feature_engineering,analysis,173,low,1,75817,77100,standard,task_003968,repo
task_003970,proj_00438,"Whatever we did last time to the survival analysis model, do it again with the new data.",employee_attrition,model_training,modelling,185,medium,2,77044,77551,ambiguous,task_003969,repo
task_003971,proj_00438,"First reproduce the reported survival analysis model metrics, then investigate the drop in recall.",employee_attrition,model_evaluation,modelling,84,low,1,78048,79200,multi_step,task_003970,repo
task_003972,proj_00438,Retrain the survival analysis model after incorporating the new features.,employee_attrition,model_training,modelling,340,high,3,79027,79443,standard,task_003971,repo
task_003973,proj_00438,"Evaluate the survival analysis model on the workforce analytics dataset, then check fairness across the main segments.",employee_attrition,model_evaluation,modelling,135,high,3,79417,79703,multi_step,task_003972,repo
task_003974,proj_00438,Debug a training failure encountered while fitting the survival analysis model.,employee_attrition,model_training,modelling,101,high,3,80608,80870,standard,task_003973,repo
task_003975,proj_00438,The survival analysis model was fine last month and now it isn't.,employee_attrition,model_evaluation,modelling,159,medium,2,81548,81938,ambiguous,task_003974,repo
task_003976,proj_00438,Write up the employee attrition results without waiting for the final survival analysis model run.,employee_attrition,reporting_documentation,reporting,41,low,1,82591,83292,negation,task_003975,repo
task_003977,proj_00438,Restore the workforce analytics dataset pipeline without triggering a full historical backfill.,employee_attrition,data_pipeline_maintenance,infrastructure,102,high,3,80371,80634,negation,,repo
task_003978,proj_00438,"The workforce analytics dataset numbers look stale, find out why.",employee_attrition,data_pipeline_maintenance,infrastructure,66,low,1,90180,91130,ambiguous,,repo
task_003979,proj_00438,Investigate a failed run in the workforce analytics dataset ingestion pipeline.,employee_attrition,data_pipeline_maintenance,infrastructure,100,medium,2,84247,84759,standard,,repo
task_003980,proj_00439,"Request access to the new source, then pull an initial extract into the user interaction dataset.",recommendation_system,data_collection,data_preparation,143,low,1,11321,12504,multi_step,,repo
task_003981,proj_00439,Fixing encoding issues in the user interaction dataset before further processing.,recommendation_system,data_cleaning,data_preparation,45,medium,2,11757,12127,standard,task_003980,repo
task_003982,proj_00439,Engineer new features from category preference to improve user click-through rate prediction.,recommendation_system,feature_engineering,analysis,181,low,1,12105,13714,standard,task_003981,repo
task_003983,proj_00439,Training a two-tower neural network from scratch on the updated user interaction dataset.,recommendation_system,model_training,modelling,320,high,3,13310,13680,standard,task_003982,repo
task_003984,proj_00439,Check the two-tower neural network for fairness across segments of the user interaction dataset.,recommendation_system,model_evaluation,modelling,155,low,1,14703,15413,standard,task_003983,repo
task_003985,proj_00439,Write up the user click-through rate results without waiting for the final two-tower neural network run.,recommendation_system,reporting_documentation,reporting,82,medium,2,15575,15896,negation,task_003984,repo
task_003986,proj_00439,The user interaction dataset ingestion job fell over again last night.,recommendation_system,data_pipeline_maintenance,infrastructure,109,high,3,13153,13293,ambiguous,,repo
task_003987,proj_00439,"First add monitoring for the recurring failure, then refactor the user interaction dataset ingestion.",recommendation_system,data_pipeline_maintenance,infrastructure,120,high,3,27684,27901,multi_step,,repo
task_003988,proj_00439,"Check the pipeline logs, then patch the schema change that broke the user interaction dataset ingestion.",recommendation_system,data_pipeline_maintenance,infrastructure,90,low,1,15813,16204,multi_step,,repo
task_003989,proj_00440,Collect raw data for the social media comments dataset from the source system.,sentiment_analysis,data_collection,data_preparation,58,low,1,43472,44928,standard,,repo
task_003990,proj_00440,"First fix the encoding issues in the social media comments dataset, then reconcile the mismatched identifiers.",sentiment_analysis,data_cleaning,data_preparation,145,low,1,44737,45901,multi_step,task_003989,repo
task_003991,proj_00440,Run a first exploratory pass over the social media comments dataset to understand its structure.,sentiment_analysis,exploratory_data_analysis,analysis,61,medium,2,45978,46434,standard,task_003990,repo
task_003992,proj_00440,Set up the training pipeline for the naive Bayes classifier.,sentiment_analysis,model_training,modelling,61,medium,2,46892,47383,standard,task_003991,repo
task_003993,proj_00440,Check the naive Bayes classifier for fairness across segments of the social media comments dataset.,sentiment_analysis,model_evaluation,modelling,99,medium,2,47993,48474,standard,task_003992,repo
task_003994,proj_00440,Prepare a one-page summary of naive Bayes classifier results for management.,sentiment_analysis,reporting_documentation,reporting,43,medium,2,48577,49095,standard,task_003993,repo
task_003995,proj_00441,Merge multiple data extracts into a single borrower repayment dataset.,credit_scoring,data_collection,data_preparation,59,low,1,36903,38282,standard,,repo
task_003996,proj_00441,Handle missing observations in the borrower repayment dataset to prepare it for repayment probability modelling.,credit_scoring,data_cleaning,data_preparation,56,medium,2,38105,38410,standard,task_003995,repo
task_003997,proj_00441,Identify data quality issues that could affect repayment probability prediction.,credit_scoring,exploratory_data_analysis,analysis,212,medium,2,39309,39809,standard,task_003996,repo
task_003998,proj_00441,Generate embeddings to represent loan term for the logistic regression model.,credit_scoring,feature_engineering,analysis,300,medium,2,39327,39770,standard,task_003997,repo
task_003999,proj_00441,Give the logistic regression model another run with the latest borrower repayment dataset.,credit_scoring,model_training,modelling,87,high,3,39576,39732,ambiguous,task_003998,repo
task_004000,proj_00441,Assess the logistic regression model on repayment probability without relying on accuracy as the headline metric.,credit_scoring,model_evaluation,modelling,40,medium,2,40435,40619,negation,task_003999,repo
task_004001,proj_00441,Train a logistic regression model to predict repayment probability using the borrower repayment dataset.,credit_scoring,model_training,modelling,322,high,3,40866,41226,standard,task_004000,repo
task_004002,proj_00441,Assessing whether the logistic regression model meets the required performance threshold.,credit_scoring,model_evaluation,modelling,146,low,1,41941,42634,standard,task_004001,repo
task_004003,proj_00441,Training a logistic regression model from scratch on the updated borrower repayment dataset.,credit_scoring,model_training,modelling,272,medium,2,43038,43763,standard,task_004002,repo
task_004004,proj_00441,Assess the logistic regression model on repayment probability without relying on accuracy as the headline metric.,credit_scoring,model_evaluation,modelling,164,medium,2,43659,43958,negation,task_004003,repo
task_004005,proj_00441,Document the data preparation steps applied to the borrower repayment dataset.,credit_scoring,reporting_documentation,reporting,147,low,1,45026,46452,standard,task_004004,repo
task_004006,proj_00441,Restart and verify the borrower repayment dataset pipeline after a maintenance window.,credit_scoring,data_pipeline_maintenance,infrastructure,97,medium,2,54042,54582,standard,,repo
task_004007,proj_00441,Monitor data quality alerts for the borrower repayment dataset pipeline.,credit_scoring,data_pipeline_maintenance,infrastructure,24,medium,2,44561,44706,standard,,repo
task_004008,proj_00442,Collect raw data for the maintenance records dataset from the source system.,predictive_maintenance,data_collection,data_preparation,172,low,1,51654,52339,standard,,repo
task_004009,proj_00442,Filter out invalid or corrupted rows from the maintenance records dataset.,predictive_maintenance,data_cleaning,data_preparation,189,low,1,51703,52248,standard,task_004008,repo
task_004010,proj_00442,Run a first exploratory pass over the maintenance records dataset to understand its structure.,predictive_maintenance,exploratory_data_analysis,analysis,152,low,1,53019,53952,standard,task_004009,repo
task_004011,proj_00442,Debug a training failure encountered while fitting the random forest classifier.,predictive_maintenance,model_training,modelling,171,medium,2,53608,54203,standard,task_004010,repo
task_004012,proj_00442,Check the random forest classifier for fairness across segments of the maintenance records dataset.,predictive_maintenance,model_evaluation,modelling,94,medium,2,54404,54885,standard,task_004011,repo
task_004013,proj_00442,Nobody knows how the random forest classifier works — fix that.,predictive_maintenance,reporting_documentation,reporting,31,low,1,55812,56105,ambiguous,task_004012,repo
task_004014,proj_00442,Restore the maintenance records dataset pipeline without triggering a full historical backfill.,predictive_maintenance,data_pipeline_maintenance,infrastructure,35,medium,2,56040,56386,negation,,repo
task_004015,proj_00442,"First add monitoring for the recurring failure, then refactor the maintenance records dataset ingestion.",predictive_maintenance,data_pipeline_maintenance,infrastructure,91,low,1,58411,58926,multi_step,,repo
task_004016,proj_00443,"Request access to the new source, then pull an initial extract into the HR records dataset.",employee_attrition,data_collection,data_preparation,45,low,1,75633,76689,multi_step,,repo
task_004017,proj_00443,"The HR records dataset looks messy again, deal with it.",employee_attrition,data_cleaning,data_preparation,30,low,1,76977,77848,ambiguous,task_004016,repo
task_004018,proj_00443,Set up cross-validation and then fit the gradient boosting model on the prepared HR records dataset.,employee_attrition,model_training,modelling,222,low,1,77488,78581,multi_step,task_004017,repo
task_004019,proj_00443,Compare the gradient boosting model against the previous version without retraining either of them.,employee_attrition,model_evaluation,modelling,120,medium,2,77589,78046,negation,task_004018,repo
task_004020,proj_00443,Put together whatever we have on the HR records dataset for the handover.,employee_attrition,reporting_documentation,reporting,50,medium,2,78127,78522,ambiguous,task_004019,repo
task_004021,proj_00443,Investigate a failed run in the HR records dataset ingestion pipeline.,employee_attrition,data_pipeline_maintenance,infrastructure,46,high,3,83816,83961,standard,,repo
task_004022,proj_00443,Reviewing pipeline logs after an unexpected failure.,employee_attrition,data_pipeline_maintenance,infrastructure,30,medium,2,91406,91847,standard,,repo
task_004023,proj_00444,Merge multiple data extracts into a single credit bureau dataset.,credit_scoring,data_collection,data_preparation,139,low,1,26172,27376,standard,,repo
task_004024,proj_00444,Half the rows in the credit bureau dataset don't look right.,credit_scoring,data_cleaning,data_preparation,134,low,1,27136,27660,ambiguous,task_004023,repo
task_004025,proj_00444,Summarise the credit bureau dataset without producing any new visualisations.,credit_scoring,exploratory_data_analysis,analysis,193,low,1,27415,28840,negation,task_004024,repo
task_004026,proj_00444,Build aggregated features summarising repayment history at the project level.,credit_scoring,feature_engineering,analysis,94,medium,2,28795,29140,standard,task_004025,repo
task_004027,proj_00444,"Whatever we did last time to the scorecard model, do it again with the new data.",credit_scoring,model_training,modelling,258,low,1,29190,30529,ambiguous,task_004026,repo
task_004028,proj_00444,Run an error analysis on the scorecard model predictions for loan default risk.,credit_scoring,model_evaluation,modelling,32,medium,2,30359,30714,standard,task_004027,repo
task_004029,proj_00444,They want something on loan default risk for tomorrow.,credit_scoring,reporting_documentation,reporting,175,medium,2,30522,30907,ambiguous,task_004028,repo
task_004030,proj_00444,"Check the pipeline logs, then patch the schema change that broke the credit bureau dataset ingestion.",credit_scoring,data_pipeline_maintenance,infrastructure,93,high,3,37193,37355,multi_step,,repo
task_004031,proj_00445,"The clinical notes dataset doesn't go back far enough, see what you can do.",healthcare_readmission,data_collection,data_preparation,148,medium,2,53557,54055,ambiguous,,repo
task_004032,proj_00445,Fixing encoding issues in the clinical notes dataset before further processing.,healthcare_readmission,data_cleaning,data_preparation,125,high,3,54823,55089,standard,task_004031,repo
task_004033,proj_00445,Improve signal for length of stay without adding features derived from prior admissions.,healthcare_readmission,feature_engineering,analysis,91,low,1,54863,56269,negation,task_004032,repo
task_004034,proj_00445,Fit the survival analysis model on the prepared clinical notes dataset.,healthcare_readmission,model_training,modelling,327,high,3,55231,55652,standard,task_004033,repo
task_004035,proj_00445,Investigate a drop in survival analysis model recall after the last clinical notes dataset update.,healthcare_readmission,model_evaluation,modelling,54,medium,2,56491,56973,standard,task_004034,repo
task_004036,proj_00445,Write handover notes for the clinical notes dataset project.,healthcare_readmission,reporting_documentation,reporting,51,low,1,57587,58136,standard,task_004035,repo
task_004037,proj_00445,Investigate a failed run in the clinical notes dataset ingestion pipeline.,healthcare_readmission,data_pipeline_maintenance,infrastructure,15,high,3,52726,52845,standard,,repo
task_004038,proj_00445,Fix a broken scheduled job feeding the clinical notes dataset.,healthcare_readmission,data_pipeline_maintenance,infrastructure,98,high,3,62152,62399,standard,,repo
task_004039,proj_00445,Reviewing pipeline logs after an unexpected failure.,healthcare_readmission,data_pipeline_maintenance,infrastructure,93,high,3,65475,65615,standard,,repo
task_004040,proj_00446,Requesting access to a new data source needed for the experiment exposure dataset.,ab_testing_analysis,data_collection,data_preparation,106,low,1,74086,74850,standard,,repo
task_004041,proj_00446,Something's wrong with conversion event in the experiment exposure dataset.,ab_testing_analysis,data_cleaning,data_preparation,112,low,1,75158,76623,ambiguous,task_004040,repo
task_004042,proj_00446,Identify data quality issues that could affect experiment outcome prediction.,ab_testing_analysis,exploratory_data_analysis,analysis,53,medium,2,76135,76584,standard,task_004041,repo
task_004043,proj_00446,Reduce the dimensionality of the experiment exposure dataset without discarding conversion event.,ab_testing_analysis,feature_engineering,analysis,273,medium,2,77040,77585,negation,task_004042,repo
task_004044,proj_00446,Run cross-validation while training the difference-in-differences model on the experiment exposure dataset.,ab_testing_analysis,model_training,modelling,211,high,3,77382,77707,standard,task_004043,repo
task_004045,proj_00446,Run an error analysis on the difference-in-differences model predictions for experiment outcome.,ab_testing_analysis,model_evaluation,modelling,44,medium,2,78668,78951,standard,task_004044,repo
task_004046,proj_00446,Prepare a one-page summary of difference-in-differences model results for management.,ab_testing_analysis,reporting_documentation,reporting,37,medium,2,79372,79777,standard,task_004045,repo
task_004047,proj_00446,Patch a schema change that broke the experiment exposure dataset pipeline.,ab_testing_analysis,data_pipeline_maintenance,infrastructure,94,high,3,87955,88222,standard,,repo
task_004048,proj_00446,Reviewing pipeline logs after an unexpected failure.,ab_testing_analysis,data_pipeline_maintenance,infrastructure,87,high,3,87056,87312,standard,,repo
task_004049,proj_00446,Resolve the freshness issue in the experiment exposure dataset without changing the ingestion schedule.,ab_testing_analysis,data_pipeline_maintenance,infrastructure,66,medium,2,75039,75227,negation,,repo
task_004050,proj_00447,"The credit card transactions dataset doesn't go back far enough, see what you can do.",fraud_detection,data_collection,data_preparation,140,medium,2,53833,54338,ambiguous,,repo
task_004051,proj_00447,Resolve inconsistent entries in the credit card transactions dataset without dropping any rows.,fraud_detection,data_cleaning,data_preparation,31,medium,2,54161,54469,negation,task_004050,repo
task_004052,proj_00447,Summarising key findings from the exploratory analysis of the credit card transactions dataset.,fraud_detection,exploratory_data_analysis,analysis,75,medium,2,55181,55538,standard,task_004051,repo
task_004053,proj_00447,Establishing a baseline gradient boosting model for fraud risk prediction.,fraud_detection,model_training,modelling,159,medium,2,55657,56252,standard,task_004052,repo
task_004054,proj_00447,"Score the gradient boosting model on the held-out split, then run an error analysis on the failures.",fraud_detection,model_evaluation,modelling,54,low,1,56318,57628,multi_step,task_004053,repo
task_004055,proj_00447,Nobody knows how the gradient boosting model works — fix that.,fraud_detection,reporting_documentation,reporting,80,medium,2,57336,57573,ambiguous,task_004054,repo
task_004056,proj_00447,Fix a broken scheduled job feeding the credit card transactions dataset.,fraud_detection,data_pipeline_maintenance,infrastructure,43,medium,2,65069,65526,standard,,repo
task_004057,proj_00447,Fix a broken scheduled job feeding the credit card transactions dataset.,fraud_detection,data_pipeline_maintenance,infrastructure,33,medium,2,59489,59960,standard,,repo
task_004058,proj_00447,Monitor data quality alerts for the credit card transactions dataset pipeline.,fraud_detection,data_pipeline_maintenance,infrastructure,90,low,1,72743,74064,standard,,repo
task_004059,proj_00448,Extract records for the product review dataset without pulling any personally identifiable fields.,sentiment_analysis,data_collection,data_preparation,170,medium,2,36985,37413,negation,,repo
task_004060,proj_00448,"First fix the encoding issues in the product review dataset, then reconcile the mismatched identifiers.",sentiment_analysis,data_cleaning,data_preparation,36,medium,2,38010,38439,multi_step,task_004059,repo
task_004061,proj_00448,Identify data quality issues that could affect customer satisfaction prediction.,sentiment_analysis,exploratory_data_analysis,analysis,102,low,1,38876,39352,standard,task_004060,repo
task_004062,proj_00448,Give the fine-tuned transformer model another run with the latest product review dataset.,sentiment_analysis,model_training,modelling,271,medium,2,38901,39603,ambiguous,task_004061,repo
task_004063,proj_00448,Check whether the fine-tuned transformer model is actually any good on customer satisfaction.,sentiment_analysis,model_evaluation,modelling,38,high,3,39062,39272,ambiguous,task_004062,repo
task_004064,proj_00448,Establishing a baseline fine-tuned transformer model for customer satisfaction prediction.,sentiment_analysis,model_training,modelling,307,high,3,39808,40187,standard,task_004063,repo
task_004065,proj_00448,Compare the fine-tuned transformer model against the previous version without retraining either of them.,sentiment_analysis,model_evaluation,modelling,50,medium,2,40925,41291,negation,task_004064,repo
task_004066,proj_00448,Debug a training failure encountered while fitting the fine-tuned transformer model.,sentiment_analysis,model_training,modelling,78,high,3,41334,41460,standard,task_004065,repo
task_004067,proj_00448,Compare the fine-tuned transformer model against the previous version without retraining either of them.,sentiment_analysis,model_evaluation,modelling,160,low,1,42492,43601,negation,task_004066,repo
task_004068,proj_00448,Updating the project README with the latest product review dataset schema.,sentiment_analysis,reporting_documentation,reporting,54,low,1,43622,44841,standard,task_004067,repo
task_004069,proj_00448,"Check the pipeline logs, then patch the schema change that broke the product review dataset ingestion.",sentiment_analysis,data_pipeline_maintenance,infrastructure,100,medium,2,44940,45468,multi_step,,repo
task_004070,proj_00448,"Check the pipeline logs, then patch the schema change that broke the product review dataset ingestion.",sentiment_analysis,data_pipeline_maintenance,infrastructure,21,medium,2,39884,40267,multi_step,,repo
task_004071,proj_00449,Set up an automated pipeline to pull new records into the customer churn dataset.,customer_churn,data_collection,data_preparation,168,low,1,42456,42901,standard,,repo
task_004072,proj_00449,Standardise column formats across the customer churn dataset.,customer_churn,data_cleaning,data_preparation,75,low,1,42980,44400,standard,task_004071,repo
task_004073,proj_00449,Compare monthly charges distributions across different segments of the customer churn dataset.,customer_churn,exploratory_data_analysis,analysis,195,low,1,43044,43807,standard,task_004072,repo
task_004074,proj_00449,Test whether adding monthly charges-derived features improves signal for subscription cancellation.,customer_churn,feature_engineering,analysis,191,medium,2,43140,43729,standard,task_004073,repo
task_004075,proj_00449,Set up cross-validation and then fit the logistic regression model on the prepared customer churn dataset.,customer_churn,model_training,modelling,202,high,3,44290,44527,multi_step,task_004074,repo
task_004076,proj_00449,"First reproduce the reported logistic regression model metrics, then investigate the drop in recall.",customer_churn,model_evaluation,modelling,166,medium,2,45656,46019,multi_step,task_004075,repo
task_004077,proj_00449,Write up the subscription cancellation results without waiting for the final logistic regression model run.,customer_churn,reporting_documentation,reporting,70,medium,2,46473,46836,negation,task_004076,repo
task_004078,proj_00450,Retrieving additional records is required to complete the employee survey dataset.,employee_attrition,data_collection,data_preparation,81,low,1,45768,46477,standard,,repo
task_004079,proj_00450,"The employee survey dataset looks messy again, deal with it.",employee_attrition,data_cleaning,data_preparation,106,low,1,47021,47409,ambiguous,task_004078,repo
task_004080,proj_00450,"There's something odd in the employee survey dataset, can't put my finger on it.",employee_attrition,exploratory_data_analysis,analysis,58,medium,2,48066,48465,ambiguous,task_004079,repo
task_004081,proj_00450,Fit the survival analysis model on the prepared employee survey dataset.,employee_attrition,model_training,modelling,318,high,3,49079,49569,standard,task_004080,repo
task_004082,proj_00450,"Compute precision, recall and F1 for engagement score predictions.",employee_attrition,model_evaluation,modelling,73,low,1,50083,50636,standard,task_004081,repo
task_004083,proj_00450,Establishing a baseline survival analysis model for engagement score prediction.,employee_attrition,model_training,modelling,336,high,3,51325,51763,standard,task_004082,repo
task_004084,proj_00450,Assessing whether the survival analysis model meets the required performance threshold.,employee_attrition,model_evaluation,modelling,53,low,1,51795,52385,standard,task_004083,repo
task_004085,proj_00450,"Update the README with the new employee survey dataset schema, then draft the survival analysis model release notes.",employee_attrition,reporting_documentation,reporting,55,low,1,52608,54003,multi_step,task_004084,repo
task_004086,proj_00450,Fix the failing employee survey dataset job without taking the pipeline offline.,employee_attrition,data_pipeline_maintenance,infrastructure,86,low,1,63036,63695,negation,,repo
task_004087,proj_00450,Resolve a data freshness issue affecting the employee survey dataset.,employee_attrition,data_pipeline_maintenance,infrastructure,38,medium,2,57983,58198,standard,,repo
task_004088,proj_00451,Collect raw data for the clinical notes dataset from the source system.,healthcare_readmission,data_collection,data_preparation,110,low,1,21146,22459,standard,,repo
task_004089,proj_00451,Clean missing values in the clinical notes dataset before training the gradient boosting model.,healthcare_readmission,data_cleaning,data_preparation,151,medium,2,22549,22959,standard,task_004088,repo
task_004090,proj_00451,Summarising key findings from the exploratory analysis of the clinical notes dataset.,healthcare_readmission,exploratory_data_analysis,analysis,120,medium,2,23308,23905,standard,task_004089,repo
task_004091,proj_00451,Reduce dimensionality of the clinical notes dataset using feature selection.,healthcare_readmission,feature_engineering,analysis,295,medium,2,23439,23954,standard,task_004090,repo
task_004092,proj_00451,"The gradient boosting model isn't picking anything up, have a go at it.",healthcare_readmission,model_training,modelling,92,medium,2,23617,23866,ambiguous,task_004091,repo
task_004093,proj_00451,Validate the gradient boosting model without touching the held-out test split.,healthcare_readmission,model_evaluation,modelling,92,medium,2,24896,25323,negation,task_004092,repo
task_004094,proj_00451,"Update the README with the new clinical notes dataset schema, then draft the gradient boosting model release notes.",healthcare_readmission,reporting_documentation,reporting,134,low,1,25906,27114,multi_step,task_004093,repo
task_004095,proj_00451,Fix the failing clinical notes dataset job without taking the pipeline offline.,healthcare_readmission,data_pipeline_maintenance,infrastructure,104,high,3,28963,29193,negation,,repo
task_004096,proj_00452,Retrieving additional records is required to complete the HR records dataset.,employee_attrition,data_collection,data_preparation,125,low,1,39527,41029,standard,,repo
task_004097,proj_00452,Clean missing values in the HR records dataset before training the logistic regression model.,employee_attrition,data_cleaning,data_preparation,85,high,3,40460,40707,standard,task_004096,repo
task_004098,proj_00452,Encode categorical variables in the HR records dataset for the logistic regression model.,employee_attrition,feature_engineering,analysis,144,high,3,41296,41483,standard,task_004097,repo
task_004099,proj_00452,Fine-tune the logistic regression model on a recent snapshot of the HR records dataset.,employee_attrition,model_training,modelling,81,medium,2,42116,42439,standard,task_004098,repo
task_004100,proj_00452,Evaluate the logistic regression model on a held-out split of the HR records dataset.,employee_attrition,model_evaluation,modelling,124,low,1,43019,44470,standard,task_004099,repo
task_004101,proj_00452,Updating the project README with the latest HR records dataset schema.,employee_attrition,reporting_documentation,reporting,139,low,1,44346,44741,standard,task_004100,repo
task_004102,proj_00453,"First query the production database, then consolidate the extracts into the customer churn dataset.",customer_churn,data_collection,data_preparation,64,low,1,4084,4925,multi_step,,repo
task_004103,proj_00453,Fixing encoding issues in the customer churn dataset before further processing.,customer_churn,data_cleaning,data_preparation,206,low,1,4793,6181,standard,task_004102,repo
task_004104,proj_00453,Segment the customer churn dataset first and afterwards compare tenure across the segments.,customer_churn,exploratory_data_analysis,analysis,223,medium,2,5567,6028,multi_step,task_004103,repo
task_004105,proj_00453,Training a logistic regression model from scratch on the updated customer churn dataset.,customer_churn,model_training,modelling,260,low,1,5811,7403,standard,task_004104,repo
task_004106,proj_00453,"Compute precision, recall and F1 for customer attrition predictions.",customer_churn,model_evaluation,modelling,64,high,3,6707,6919,standard,task_004105,repo
task_004107,proj_00453,Nobody knows how the logistic regression model works — fix that.,customer_churn,reporting_documentation,reporting,105,medium,2,7436,7792,ambiguous,task_004106,repo
task_004108,proj_00453,Reviewing pipeline logs after an unexpected failure.,customer_churn,data_pipeline_maintenance,infrastructure,20,medium,2,23126,23551,standard,,repo
task_004109,proj_00453,Restore the customer churn dataset pipeline without triggering a full historical backfill.,customer_churn,data_pipeline_maintenance,infrastructure,103,low,1,23599,24616,negation,,repo
task_004110,proj_00454,"First query the production database, then consolidate the extracts into the social media comments dataset.",sentiment_analysis,data_collection,data_preparation,165,low,1,51751,52735,multi_step,,repo
task_004111,proj_00454,Deduplicate the social media comments dataset and then standardise the review length column formats.,sentiment_analysis,data_cleaning,data_preparation,133,low,1,52442,53158,multi_step,task_004110,repo
task_004112,proj_00454,Summarise the social media comments dataset without producing any new visualisations.,sentiment_analysis,exploratory_data_analysis,analysis,83,low,1,53679,55015,negation,task_004111,repo
task_004113,proj_00454,Fit the fine-tuned transformer model on the social media comments dataset without using the review length column.,sentiment_analysis,model_training,modelling,268,medium,2,53801,54309,negation,task_004112,repo
task_004114,proj_00454,Compare the fine-tuned transformer model against a previous version on the social media comments dataset.,sentiment_analysis,model_evaluation,modelling,137,high,3,54652,54898,standard,task_004113,repo
task_004115,proj_00454,"First collect the fine-tuned transformer model results, then prepare a one-page summary for management.",sentiment_analysis,reporting_documentation,reporting,37,low,1,55776,56659,multi_step,task_004114,repo
task_004116,proj_00454,"First add monitoring for the recurring failure, then refactor the social media comments dataset ingestion.",sentiment_analysis,data_pipeline_maintenance,infrastructure,66,low,1,56078,56786,multi_step,,repo
task_004117,proj_00454,Monitor data quality alerts for the social media comments dataset pipeline.,sentiment_analysis,data_pipeline_maintenance,infrastructure,61,medium,2,62601,62795,standard,,repo
task_004118,proj_00454,Resolve the freshness issue in the social media comments dataset without changing the ingestion schedule.,sentiment_analysis,data_pipeline_maintenance,infrastructure,40,medium,2,53350,53544,negation,,repo
task_004119,proj_00455,We're short on records for the loan applications dataset — sort it out.,credit_scoring,data_collection,data_preparation,176,low,1,46556,47236,ambiguous,,repo
task_004120,proj_00455,Reconcile mismatched identifiers between two versions of the loan applications dataset.,credit_scoring,data_cleaning,data_preparation,107,low,1,46938,47787,standard,task_004119,repo
task_004121,proj_00455,Assess class imbalance in repayment probability without resampling the loan applications dataset at this stage.,credit_scoring,exploratory_data_analysis,analysis,123,medium,2,48162,48540,negation,task_004120,repo
task_004122,proj_00455,"Create the lagged variables from credit utilisation, then aggregate them at project level.",credit_scoring,feature_engineering,analysis,127,medium,2,48292,48726,multi_step,task_004121,repo
task_004123,proj_00455,Retrain the scorecard model after incorporating the new features.,credit_scoring,model_training,modelling,223,high,3,48744,49116,standard,task_004122,repo
task_004124,proj_00455,"Compute precision, recall and F1 for repayment probability predictions.",credit_scoring,model_evaluation,modelling,111,high,3,49954,50126,standard,task_004123,repo
task_004125,proj_00455,Establishing a baseline scorecard model for repayment probability prediction.,credit_scoring,model_training,modelling,328,high,3,51141,51635,standard,task_004124,repo
task_004126,proj_00455,"Evaluate the scorecard model on the loan applications dataset, then check fairness across the main segments.",credit_scoring,model_evaluation,modelling,106,high,3,51970,52209,multi_step,task_004125,repo
task_004127,proj_00455,Write handover notes for the loan applications dataset project.,credit_scoring,reporting_documentation,reporting,139,low,1,53174,53805,standard,task_004126,repo
task_004128,proj_00455,Fix the failing loan applications dataset job without taking the pipeline offline.,credit_scoring,data_pipeline_maintenance,infrastructure,106,medium,2,51846,52207,negation,,repo
task_004129,proj_00456,Merge multiple data extracts into a single grid load dataset.,energy_consumption,data_collection,data_preparation,152,medium,2,6840,7157,standard,,repo
task_004130,proj_00456,Reconcile mismatched identifiers between two versions of the grid load dataset.,energy_consumption,data_cleaning,data_preparation,92,high,3,7965,8112,standard,task_004129,repo
task_004131,proj_00456,Run a first exploratory pass over the grid load dataset to understand its structure.,energy_consumption,exploratory_data_analysis,analysis,86,low,1,9134,10197,standard,task_004130,repo
task_004132,proj_00456,Give the LSTM forecasting model another run with the latest grid load dataset.,energy_consumption,model_training,modelling,183,medium,2,10034,10410,ambiguous,task_004131,repo
task_004133,proj_00456,Check whether the LSTM forecasting model is actually any good on energy anomalies.,energy_consumption,model_evaluation,modelling,84,high,3,11462,11610,ambiguous,task_004132,repo
task_004134,proj_00456,"Update the README with the new grid load dataset schema, then draft the LSTM forecasting model release notes.",energy_consumption,reporting_documentation,reporting,104,low,1,11907,12632,multi_step,task_004133,repo
task_004135,proj_00456,Resolve a data freshness issue affecting the grid load dataset.,energy_consumption,data_pipeline_maintenance,infrastructure,112,low,1,17001,18161,standard,,repo
task_004136,proj_00457,Gather the missing records for the employee survey dataset without hitting production directly.,employee_attrition,data_collection,data_preparation,66,low,1,21372,22166,negation,,repo
task_004137,proj_00457,Fixing encoding issues in the employee survey dataset before further processing.,employee_attrition,data_cleaning,data_preparation,35,medium,2,22791,23074,standard,task_004136,repo
task_004138,proj_00457,Explore the distribution of performance rating in the employee survey dataset.,employee_attrition,exploratory_data_analysis,analysis,61,medium,2,24216,24493,standard,task_004137,repo
task_004139,proj_00457,Build aggregated features summarising performance rating at the project level.,employee_attrition,feature_engineering,analysis,192,low,1,24697,25412,standard,task_004138,repo
task_004140,proj_00457,Retrain the survival analysis model on the employee survey dataset without changing the current hyperparameters.,employee_attrition,model_training,modelling,313,high,3,25147,25624,negation,task_004139,repo
task_004141,proj_00457,Evaluate the survival analysis model on a held-out split of the employee survey dataset.,employee_attrition,model_evaluation,modelling,153,medium,2,25467,25904,standard,task_004140,repo
task_004142,proj_00457,Write up the engagement score results without waiting for the final survival analysis model run.,employee_attrition,reporting_documentation,reporting,98,medium,2,25654,25936,negation,task_004141,repo
task_004143,proj_00457,The employee survey dataset ingestion job fell over again last night.,employee_attrition,data_pipeline_maintenance,infrastructure,56,medium,2,22785,23314,ambiguous,,repo
task_004144,proj_00457,Monitor data quality alerts for the employee survey dataset pipeline.,employee_attrition,data_pipeline_maintenance,infrastructure,40,medium,2,40866,41139,standard,,repo
task_004145,proj_00457,Investigate a failed run in the employee survey dataset ingestion pipeline.,employee_attrition,data_pipeline_maintenance,infrastructure,15,high,3,24972,25117,standard,,repo
task_004146,proj_00458,Check where the experiment exposure dataset is actually coming from.,ab_testing_analysis,data_collection,data_preparation,145,low,1,20009,20841,ambiguous,,repo
task_004147,proj_00458,Remove duplicate records from the experiment exposure dataset.,ab_testing_analysis,data_cleaning,data_preparation,136,high,3,20441,20736,standard,task_004146,repo
task_004148,proj_00458,"Create the lagged variables from conversion event, then aggregate them at project level.",ab_testing_analysis,feature_engineering,analysis,162,high,3,20525,20839,multi_step,task_004147,repo
task_004149,proj_00458,"The Bayesian A/B testing model isn't picking anything up, have a go at it.",ab_testing_analysis,model_training,modelling,61,medium,2,20597,20963,ambiguous,task_004148,repo
task_004150,proj_00458,Investigate a drop in Bayesian A/B testing model recall after the last experiment exposure dataset update.,ab_testing_analysis,model_evaluation,modelling,126,high,3,20719,20960,standard,task_004149,repo
task_004151,proj_00458,Write up the conversion rate uplift results without waiting for the final Bayesian A/B testing model run.,ab_testing_analysis,reporting_documentation,reporting,73,medium,2,21992,22340,negation,task_004150,repo
task_004152,proj_00458,Monitor data quality alerts for the experiment exposure dataset pipeline.,ab_testing_analysis,data_pipeline_maintenance,infrastructure,108,high,3,29158,29417,standard,,repo
task_004153,proj_00459,"The conversion funnel dataset doesn't go back far enough, see what you can do.",ab_testing_analysis,data_collection,data_preparation,72,low,1,62794,63966,ambiguous,,repo
task_004154,proj_00459,Clean the conversion funnel dataset for statistical significance modelling without altering the original source files.,ab_testing_analysis,data_cleaning,data_preparation,175,high,3,63091,63406,negation,task_004153,repo
task_004155,proj_00459,Engineer new features from exposure group to improve statistical significance prediction.,ab_testing_analysis,feature_engineering,analysis,275,low,1,63433,64777,standard,task_004154,repo
task_004156,proj_00459,"Whatever we did last time to the difference-in-differences model, do it again with the new data.",ab_testing_analysis,model_training,modelling,242,high,3,63838,64213,ambiguous,task_004155,repo
task_004157,proj_00459,"Evaluate the difference-in-differences model on the conversion funnel dataset, then check fairness across the main segments.",ab_testing_analysis,model_evaluation,modelling,48,medium,2,64390,64787,multi_step,task_004156,repo
task_004158,proj_00459,Fit the difference-in-differences model on the conversion funnel dataset without using the exposure group column.,ab_testing_analysis,model_training,modelling,308,high,3,64952,65343,negation,task_004157,repo
task_004159,proj_00459,The difference-in-differences model was fine last month and now it isn't.,ab_testing_analysis,model_evaluation,modelling,85,high,3,65180,65441,ambiguous,task_004158,repo
task_004160,proj_00459,Give the difference-in-differences model another run with the latest conversion funnel dataset.,ab_testing_analysis,model_training,modelling,354,high,3,66586,67041,ambiguous,task_004159,repo
task_004161,proj_00459,Assessing whether the difference-in-differences model meets the required performance threshold.,ab_testing_analysis,model_evaluation,modelling,95,medium,2,67826,68300,standard,task_004160,repo
task_004162,proj_00459,Prepare slides presenting the difference-in-differences model performance to stakeholders.,ab_testing_analysis,reporting_documentation,reporting,180,medium,2,68716,69177,standard,task_004161,repo
task_004163,proj_00459,Restore the conversion funnel dataset pipeline without triggering a full historical backfill.,ab_testing_analysis,data_pipeline_maintenance,infrastructure,91,high,3,62493,62667,negation,,repo
task_004164,proj_00459,"First add monitoring for the recurring failure, then refactor the conversion funnel dataset ingestion.",ab_testing_analysis,data_pipeline_maintenance,infrastructure,114,high,3,66711,66930,multi_step,,repo
task_004165,proj_00460,Query the production database to extract data for the product review dataset.,sentiment_analysis,data_collection,data_preparation,56,low,1,13553,14439,standard,,repo
task_004166,proj_00460,Treat the outliers in word embeddings without imputing any values.,sentiment_analysis,data_cleaning,data_preparation,88,low,1,14719,15055,negation,task_004165,repo
task_004167,proj_00460,Run a first exploratory pass over the product review dataset to understand its structure.,sentiment_analysis,exploratory_data_analysis,analysis,220,medium,2,14883,15580,standard,task_004166,repo
task_004168,proj_00460,Reduce dimensionality of the product review dataset using feature selection.,sentiment_analysis,feature_engineering,analysis,292,low,1,15232,16851,standard,task_004167,repo
task_004169,proj_00460,Give the naive Bayes classifier another run with the latest product review dataset.,sentiment_analysis,model_training,modelling,213,low,1,15869,16652,ambiguous,task_004168,repo
task_004170,proj_00460,"Score the naive Bayes classifier on the held-out split, then run an error analysis on the failures.",sentiment_analysis,model_evaluation,modelling,148,high,3,16582,16885,multi_step,task_004169,repo
task_004171,proj_00460,"Whatever we did last time to the naive Bayes classifier, do it again with the new data.",sentiment_analysis,model_training,modelling,316,medium,2,16728,17229,ambiguous,task_004170,repo
task_004172,proj_00460,"First reproduce the reported naive Bayes classifier metrics, then investigate the drop in recall.",sentiment_analysis,model_evaluation,modelling,164,high,3,17162,17479,multi_step,task_004171,repo
task_004173,proj_00460,Write up the review sentiment results without waiting for the final naive Bayes classifier run.,sentiment_analysis,reporting_documentation,reporting,169,high,3,17295,17568,negation,task_004172,repo
task_004174,proj_00461,"First query the production database, then consolidate the extracts into the maintenance records dataset.",predictive_maintenance,data_collection,data_preparation,132,low,1,76766,78315,multi_step,,repo
task_004175,proj_00461,Reconcile mismatched identifiers between two versions of the maintenance records dataset.,predictive_maintenance,data_cleaning,data_preparation,130,low,1,78008,79042,standard,task_004174,repo
task_004176,proj_00461,"Compute summary statistics for the maintenance records dataset, then visualise how equipment failure moves over time.",predictive_maintenance,exploratory_data_analysis,analysis,220,medium,2,79078,79555,multi_step,task_004175,repo
task_004177,proj_00461,Set up cross-validation and then fit the gradient boosting model on the prepared maintenance records dataset.,predictive_maintenance,model_training,modelling,158,high,3,80254,80580,multi_step,task_004176,repo
task_004178,proj_00461,Evaluate the gradient boosting model on a held-out split of the maintenance records dataset.,predictive_maintenance,model_evaluation,modelling,143,low,1,80763,81954,standard,task_004177,repo
task_004179,proj_00461,Prepare slides presenting the gradient boosting model performance to stakeholders.,predictive_maintenance,reporting_documentation,reporting,169,low,1,81022,81719,standard,task_004178,repo
task_004180,proj_00461,"Check the pipeline logs, then patch the schema change that broke the maintenance records dataset ingestion.",predictive_maintenance,data_pipeline_maintenance,infrastructure,66,low,1,78177,78685,multi_step,,repo
task_004181,proj_00461,Fix the failing maintenance records dataset job without taking the pipeline offline.,predictive_maintenance,data_pipeline_maintenance,infrastructure,60,high,3,89155,89360,negation,,repo
task_004182,proj_00461,"First add monitoring for the recurring failure, then refactor the maintenance records dataset ingestion.",predictive_maintenance,data_pipeline_maintenance,infrastructure,50,medium,2,92035,92545,multi_step,,repo
task_004183,proj_00462,Validate that the workforce analytics dataset covers the full required time range.,employee_attrition,data_collection,data_preparation,150,low,1,13457,13858,standard,,repo
task_004184,proj_00462,Handle missing observations in the workforce analytics dataset to prepare it for engagement score modelling.,employee_attrition,data_cleaning,data_preparation,128,medium,2,13486,13906,standard,task_004183,repo
task_004185,proj_00462,"Compute summary statistics for the workforce analytics dataset, then visualise how engagement score moves over time.",employee_attrition,exploratory_data_analysis,analysis,180,high,3,14568,14852,multi_step,task_004184,repo
task_004186,proj_00462,Encode categorical variables in the workforce analytics dataset for the gradient boosting model.,employee_attrition,feature_engineering,analysis,151,low,1,15982,17156,standard,task_004185,repo
task_004187,proj_00462,Debug a training failure encountered while fitting the gradient boosting model.,employee_attrition,model_training,modelling,226,low,1,16719,17543,standard,task_004186,repo
task_004188,proj_00462,Assess the gradient boosting model on engagement score without relying on accuracy as the headline metric.,employee_attrition,model_evaluation,modelling,96,low,1,17259,18644,negation,task_004187,repo
task_004189,proj_00462,Nobody knows how the gradient boosting model works — fix that.,employee_attrition,reporting_documentation,reporting,105,low,1,18479,19237,ambiguous,task_004188,repo
task_004190,proj_00462,"First add monitoring for the recurring failure, then refactor the workforce analytics dataset ingestion.",employee_attrition,data_pipeline_maintenance,infrastructure,83,high,3,30433,30550,multi_step,,repo
task_004191,proj_00463,Gather historical records to build the logistics dataset.,supply_chain_optimisation,data_collection,data_preparation,106,medium,2,53916,54279,standard,,repo
task_004192,proj_00463,Impute missing values for lead time using an appropriate strategy.,supply_chain_optimisation,data_cleaning,data_preparation,161,medium,2,54246,54558,standard,task_004191,repo
task_004193,proj_00463,Analyse correlations between lead time and stock-out risk in the logistics dataset.,supply_chain_optimisation,exploratory_data_analysis,analysis,222,low,1,54616,55177,standard,task_004192,repo
task_004194,proj_00463,Test whether adding lead time-derived features improves signal for stock-out risk.,supply_chain_optimisation,feature_engineering,analysis,67,high,3,55738,55906,standard,task_004193,repo
task_004195,proj_00463,Set up the training pipeline for the mixed-integer optimisation model.,supply_chain_optimisation,model_training,modelling,197,high,3,55894,56124,standard,task_004194,repo
task_004196,proj_00463,"Evaluate the mixed-integer optimisation model on the logistics dataset, then check fairness across the main segments.",supply_chain_optimisation,model_evaluation,modelling,46,high,3,57104,57301,multi_step,task_004195,repo
task_004197,proj_00463,Nobody knows how the mixed-integer optimisation model works — fix that.,supply_chain_optimisation,reporting_documentation,reporting,177,medium,2,58340,58706,ambiguous,task_004196,repo
task_004198,proj_00463,Reviewing pipeline logs after an unexpected failure.,supply_chain_optimisation,data_pipeline_maintenance,infrastructure,86,low,1,64534,65289,standard,,repo
task_004199,proj_00463,"Check the pipeline logs, then patch the schema change that broke the logistics dataset ingestion.",supply_chain_optimisation,data_pipeline_maintenance,infrastructure,93,low,1,65384,65743,multi_step,,repo
task_004200,proj_00464,"The defect inspection image dataset doesn't go back far enough, see what you can do.",image_classification,data_collection,data_preparation,33,medium,2,65133,65541,ambiguous,,repo
task_004201,proj_00464,Filter out invalid or corrupted rows from the defect inspection image dataset.,image_classification,data_cleaning,data_preparation,176,low,1,66459,66913,standard,task_004200,repo
task_004202,proj_00464,Analyse correlations between image resolution and product category in the defect inspection image dataset.,image_classification,exploratory_data_analysis,analysis,80,medium,2,67163,67584,standard,task_004201,repo
task_004203,proj_00464,Build aggregated features summarising image resolution at the project level.,image_classification,feature_engineering,analysis,243,medium,2,67180,67681,standard,task_004202,repo
task_004204,proj_00464,Fit the fine-tuned ResNet model on the prepared defect inspection image dataset.,image_classification,model_training,modelling,179,high,3,67496,67795,standard,task_004203,repo
task_004205,proj_00464,Run an error analysis on the fine-tuned ResNet model predictions for product category.,image_classification,model_evaluation,modelling,115,medium,2,68597,69144,standard,task_004204,repo
task_004206,proj_00464,They want something on product category for tomorrow.,image_classification,reporting_documentation,reporting,78,medium,2,68647,68923,ambiguous,task_004205,repo
task_004207,proj_00465,"First query the production database, then consolidate the extracts into the product review dataset.",sentiment_analysis,data_collection,data_preparation,59,medium,2,61086,61299,multi_step,,repo
task_004208,proj_00465,"First fix the encoding issues in the product review dataset, then reconcile the mismatched identifiers.",sentiment_analysis,data_cleaning,data_preparation,218,low,1,62152,63680,multi_step,task_004207,repo
task_004209,proj_00465,Compare topic distribution distributions across different segments of the product review dataset.,sentiment_analysis,exploratory_data_analysis,analysis,45,medium,2,62492,62723,standard,task_004208,repo
task_004210,proj_00465,Reduce the dimensionality of the product review dataset without discarding topic distribution.,sentiment_analysis,feature_engineering,analysis,261,medium,2,63748,64331,negation,task_004209,repo
task_004211,proj_00465,Debug a training failure encountered while fitting the naive Bayes classifier.,sentiment_analysis,model_training,modelling,114,medium,2,64816,65131,standard,task_004210,repo
task_004212,proj_00465,Investigate a drop in naive Bayes classifier recall after the last product review dataset update.,sentiment_analysis,model_evaluation,modelling,73,high,3,65332,65544,standard,task_004211,repo
task_004213,proj_00465,"Draft the complaint category findings first, then turn them into slides for stakeholders.",sentiment_analysis,reporting_documentation,reporting,170,low,1,65410,66393,multi_step,task_004212,repo
task_004214,proj_00465,"First add monitoring for the recurring failure, then refactor the product review dataset ingestion.",sentiment_analysis,data_pipeline_maintenance,infrastructure,76,low,1,75377,76750,multi_step,,repo
task_004215,proj_00466,Query the production database to extract data for the product review dataset.,sentiment_analysis,data_collection,data_preparation,165,high,3,12106,12324,standard,,repo
task_004216,proj_00466,Half the rows in the product review dataset don't look right.,sentiment_analysis,data_cleaning,data_preparation,68,low,1,13080,13688,ambiguous,task_004215,repo
task_004217,proj_00466,Summarise the product review dataset without producing any new visualisations.,sentiment_analysis,exploratory_data_analysis,analysis,132,medium,2,13876,14340,negation,task_004216,repo
task_004218,proj_00466,Train a fine-tuned transformer model to predict customer satisfaction using the product review dataset.,sentiment_analysis,model_training,modelling,275,high,3,15166,15531,standard,task_004217,repo
task_004219,proj_00466,"First reproduce the reported fine-tuned transformer model metrics, then investigate the drop in recall.",sentiment_analysis,model_evaluation,modelling,66,medium,2,15454,15882,multi_step,task_004218,repo
task_004220,proj_00466,They want something on customer satisfaction for tomorrow.,sentiment_analysis,reporting_documentation,reporting,158,high,3,15712,15906,ambiguous,task_004219,repo
task_004221,proj_00466,Resolve a data freshness issue affecting the product review dataset.,sentiment_analysis,data_pipeline_maintenance,infrastructure,75,medium,2,16942,17430,standard,,repo
task_004222,proj_00467,Validate that the customer churn dataset covers the full required time range.,customer_churn,data_collection,data_preparation,149,high,3,58851,59178,standard,,repo
task_004223,proj_00467,Reconcile mismatched identifiers between two versions of the customer churn dataset.,customer_churn,data_cleaning,data_preparation,48,medium,2,59527,59922,standard,task_004222,repo
task_004224,proj_00467,Not sure what's driving customer attrition — dig into it.,customer_churn,exploratory_data_analysis,analysis,125,low,1,60403,61842,ambiguous,task_004223,repo
task_004225,proj_00467,Encode categorical variables in the customer churn dataset for the gradient boosting model.,customer_churn,feature_engineering,analysis,275,medium,2,60576,61078,standard,task_004224,repo
task_004226,proj_00467,"Whatever we did last time to the gradient boosting model, do it again with the new data.",customer_churn,model_training,modelling,93,medium,2,61538,61784,ambiguous,task_004225,repo
task_004227,proj_00467,Check whether the gradient boosting model is actually any good on customer attrition.,customer_churn,model_evaluation,modelling,44,medium,2,62209,62527,ambiguous,task_004226,repo
task_004228,proj_00467,Put together whatever we have on the customer churn dataset for the handover.,customer_churn,reporting_documentation,reporting,129,low,1,62980,64475,ambiguous,task_004227,repo
task_004229,proj_00467,Refactor the ingestion pipeline for the customer churn dataset to reduce runtime.,customer_churn,data_pipeline_maintenance,infrastructure,85,medium,2,75288,75703,standard,,repo
task_004230,proj_00468,Set up an automated pipeline to pull new records into the social media comments dataset.,sentiment_analysis,data_collection,data_preparation,37,medium,2,14641,14968,standard,,repo
task_004231,proj_00468,Detect and treat outliers in review length within the social media comments dataset.,sentiment_analysis,data_cleaning,data_preparation,69,high,3,14836,15073,standard,task_004230,repo
task_004232,proj_00468,"Profile the social media comments dataset first, then investigate how review length relates to review sentiment.",sentiment_analysis,exploratory_data_analysis,analysis,212,medium,2,15922,16304,multi_step,task_004231,repo
task_004233,proj_00468,Reduce dimensionality of the social media comments dataset using feature selection.,sentiment_analysis,feature_engineering,analysis,268,high,3,16983,17406,standard,task_004232,repo
task_004234,proj_00468,Set up cross-validation and then fit the fine-tuned transformer model on the prepared social media comments dataset.,sentiment_analysis,model_training,modelling,258,high,3,17012,17309,multi_step,task_004233,repo
task_004235,proj_00468,"Compute precision, recall and F1 for review sentiment predictions.",sentiment_analysis,model_evaluation,modelling,146,medium,2,17269,17647,standard,task_004234,repo
task_004236,proj_00468,Run cross-validation while training the fine-tuned transformer model on the social media comments dataset.,sentiment_analysis,model_training,modelling,344,low,1,18269,19986,standard,task_004235,repo
task_004237,proj_00468,Investigate a drop in fine-tuned transformer model recall after the last social media comments dataset update.,sentiment_analysis,model_evaluation,modelling,87,medium,2,19526,19994,standard,task_004236,repo
task_004238,proj_00468,"First fit the fine-tuned transformer model on a sample, then run the full training on the social media comments dataset.",sentiment_analysis,model_training,modelling,215,high,3,20898,21259,multi_step,task_004237,repo
task_004239,proj_00468,Investigate a drop in fine-tuned transformer model recall after the last social media comments dataset update.,sentiment_analysis,model_evaluation,modelling,110,low,1,21007,22362,standard,task_004238,repo
task_004240,proj_00468,They want something on review sentiment for tomorrow.,sentiment_analysis,reporting_documentation,reporting,160,medium,2,21693,22238,ambiguous,task_004239,repo
task_004241,proj_00468,Fix the failing social media comments dataset job without taking the pipeline offline.,sentiment_analysis,data_pipeline_maintenance,infrastructure,60,medium,2,20515,20701,negation,,repo
task_004242,proj_00469,Gather the missing records for the experiment exposure dataset without hitting production directly.,ab_testing_analysis,data_collection,data_preparation,114,low,1,28796,29237,negation,,repo
task_004243,proj_00469,Treat the outliers in exposure group without imputing any values.,ab_testing_analysis,data_cleaning,data_preparation,142,medium,2,30206,30484,negation,task_004242,repo
task_004244,proj_00469,Identify data quality issues that could affect statistical significance prediction.,ab_testing_analysis,exploratory_data_analysis,analysis,209,low,1,30953,32381,standard,task_004243,repo
task_004245,proj_00469,Test whether adding exposure group-derived features improves signal for statistical significance.,ab_testing_analysis,feature_engineering,analysis,192,low,1,32233,33238,standard,task_004244,repo
task_004246,proj_00469,Fit the Bayesian A/B testing model on the prepared experiment exposure dataset.,ab_testing_analysis,model_training,modelling,219,medium,2,32787,33386,standard,task_004245,repo
task_004247,proj_00469,Validate the Bayesian A/B testing model on out-of-time data before deployment.,ab_testing_analysis,model_evaluation,modelling,56,high,3,33902,34067,standard,task_004246,repo
task_004248,proj_00469,Summarise the Bayesian A/B testing model results for management without including technical detail.,ab_testing_analysis,reporting_documentation,reporting,153,high,3,34047,34256,negation,task_004247,repo
task_004249,proj_00469,Fix the failing experiment exposure dataset job without taking the pipeline offline.,ab_testing_analysis,data_pipeline_maintenance,infrastructure,21,low,1,36008,37366,negation,,repo
task_004250,proj_00470,We're short on records for the loan applications dataset — sort it out.,credit_scoring,data_collection,data_preparation,145,medium,2,6119,6659,ambiguous,,repo
task_004251,proj_00470,Standardise column formats across the loan applications dataset.,credit_scoring,data_cleaning,data_preparation,89,medium,2,6243,6606,standard,task_004250,repo
task_004252,proj_00470,Summarising key findings from the exploratory analysis of the loan applications dataset.,credit_scoring,exploratory_data_analysis,analysis,136,medium,2,7543,7948,standard,task_004251,repo
task_004253,proj_00470,"First scale loan term, then check whether the scorecard model still needs the interaction terms.",credit_scoring,feature_engineering,analysis,181,medium,2,8097,8548,multi_step,task_004252,repo
task_004254,proj_00470,Fine-tune the scorecard model on a recent snapshot of the loan applications dataset.,credit_scoring,model_training,modelling,276,high,3,8162,8577,standard,task_004253,repo
task_004255,proj_00470,Evaluate the scorecard model on a held-out split of the loan applications dataset.,credit_scoring,model_evaluation,modelling,46,medium,2,8787,9021,standard,task_004254,repo
task_004256,proj_00470,Write up the creditworthiness results without waiting for the final scorecard model run.,credit_scoring,reporting_documentation,reporting,152,low,1,10057,11470,negation,task_004255,repo
task_004257,proj_00470,Resolve the freshness issue in the loan applications dataset without changing the ingestion schedule.,credit_scoring,data_pipeline_maintenance,infrastructure,89,high,3,8811,9023,negation,,repo
task_004258,proj_00471,Gather historical records to build the borrower repayment dataset.,credit_scoring,data_collection,data_preparation,64,medium,2,73783,74012,standard,,repo
task_004259,proj_00471,Clean the borrower repayment dataset for loan default risk modelling without altering the original source files.,credit_scoring,data_cleaning,data_preparation,210,medium,2,74476,75134,negation,task_004258,repo
task_004260,proj_00471,Visualise trends in loan default risk over time using the borrower repayment dataset.,credit_scoring,exploratory_data_analysis,analysis,103,low,1,74826,75354,standard,task_004259,repo
task_004261,proj_00471,Get a first loan default risk baseline without tuning the scorecard model at all.,credit_scoring,model_training,modelling,95,medium,2,75610,76145,negation,task_004260,repo
task_004262,proj_00471,Investigate a drop in scorecard model recall after the last borrower repayment dataset update.,credit_scoring,model_evaluation,modelling,179,medium,2,76145,76643,standard,task_004261,repo
task_004263,proj_00471,They want something on loan default risk for tomorrow.,credit_scoring,reporting_documentation,reporting,83,low,1,76209,77319,ambiguous,task_004262,repo
task_004264,proj_00471,"Check the pipeline logs, then patch the schema change that broke the borrower repayment dataset ingestion.",credit_scoring,data_pipeline_maintenance,infrastructure,37,high,3,81684,81839,multi_step,,repo
task_004265,proj_00471,Resolve the freshness issue in the borrower repayment dataset without changing the ingestion schedule.,credit_scoring,data_pipeline_maintenance,infrastructure,84,low,1,92095,92587,negation,,repo
task_004266,proj_00471,Refactor the ingestion pipeline for the borrower repayment dataset to reduce runtime.,credit_scoring,data_pipeline_maintenance,infrastructure,109,high,3,89301,89469,standard,,repo
task_004267,proj_00472,Query the production database to extract data for the sensor telemetry dataset.,predictive_maintenance,data_collection,data_preparation,103,medium,2,54188,54461,standard,,repo
task_004268,proj_00472,Resolve inconsistent entries in the sensor telemetry dataset without dropping any rows.,predictive_maintenance,data_cleaning,data_preparation,100,medium,2,54669,55086,negation,task_004267,repo
task_004269,proj_00472,Debug a training failure encountered while fitting the random forest classifier.,predictive_maintenance,model_training,modelling,347,medium,2,54803,55519,standard,task_004268,repo
task_004270,proj_00472,Assess the random forest classifier on remaining useful life without relying on accuracy as the headline metric.,predictive_maintenance,model_evaluation,modelling,36,high,3,55739,55837,negation,task_004269,repo
task_004271,proj_00472,Run cross-validation while training the random forest classifier on the sensor telemetry dataset.,predictive_maintenance,model_training,modelling,334,medium,2,56965,57759,standard,task_004270,repo
task_004272,proj_00472,Investigate a drop in random forest classifier recall after the last sensor telemetry dataset update.,predictive_maintenance,model_evaluation,modelling,81,high,3,58284,58402,standard,task_004271,repo
task_004273,proj_00472,"First collect the random forest classifier results, then prepare a one-page summary for management.",predictive_maintenance,reporting_documentation,reporting,119,high,3,58609,58765,multi_step,task_004272,repo
task_004274,proj_00472,Patch a schema change that broke the sensor telemetry dataset pipeline.,predictive_maintenance,data_pipeline_maintenance,infrastructure,86,high,3,59150,59372,standard,,repo
task_004275,proj_00472,The sensor telemetry dataset ingestion job fell over again last night.,predictive_maintenance,data_pipeline_maintenance,infrastructure,73,low,1,65374,66460,ambiguous,,repo
task_004276,proj_00472,"First add monitoring for the recurring failure, then refactor the sensor telemetry dataset ingestion.",predictive_maintenance,data_pipeline_maintenance,infrastructure,70,high,3,66631,66731,multi_step,,repo
task_004277,proj_00473,Retrieving additional records is required to complete the clickstream dataset.,recommendation_system,data_collection,data_preparation,86,low,1,17896,19336,standard,,repo
task_004278,proj_00473,Remove duplicate records from the clickstream dataset.,recommendation_system,data_cleaning,data_preparation,83,medium,2,17992,18411,standard,task_004277,repo
task_004279,proj_00473,Visualise trends in item relevance over time using the clickstream dataset.,recommendation_system,exploratory_data_analysis,analysis,152,medium,2,19141,19729,standard,task_004278,repo
task_004280,proj_00473,Deriving interaction terms between user embeddings and other variables.,recommendation_system,feature_engineering,analysis,181,high,3,19189,19418,standard,task_004279,repo
task_004281,proj_00473,Run cross-validation while training the matrix factorisation model on the clickstream dataset.,recommendation_system,model_training,modelling,215,medium,2,19874,20415,standard,task_004280,repo
task_004282,proj_00473,Produce a confusion matrix summarising matrix factorisation model performance on item relevance.,recommendation_system,model_evaluation,modelling,105,low,1,20135,20816,standard,task_004281,repo
task_004283,proj_00473,Prepare a one-page summary of matrix factorisation model results for management.,recommendation_system,reporting_documentation,reporting,119,low,1,20582,21563,standard,task_004282,repo
task_004284,proj_00473,"First add monitoring for the recurring failure, then refactor the clickstream dataset ingestion.",recommendation_system,data_pipeline_maintenance,infrastructure,54,low,1,29431,30496,multi_step,,repo
task_004285,proj_00473,Patch a schema change that broke the clickstream dataset pipeline.,recommendation_system,data_pipeline_maintenance,infrastructure,85,medium,2,19340,19795,standard,,repo
task_004286,proj_00473,"Check the pipeline logs, then patch the schema change that broke the clickstream dataset ingestion.",recommendation_system,data_pipeline_maintenance,infrastructure,42,low,1,21821,23300,multi_step,,repo
task_004287,proj_00474,We're short on records for the experiment exposure dataset — sort it out.,ab_testing_analysis,data_collection,data_preparation,126,medium,2,24957,25337,ambiguous,,repo
task_004288,proj_00474,Resolve inconsistent entries in the experiment exposure dataset without dropping any rows.,ab_testing_analysis,data_cleaning,data_preparation,185,low,1,25161,26029,negation,task_004287,repo
task_004289,proj_00474,Assess class imbalance in experiment outcome without resampling the experiment exposure dataset at this stage.,ab_testing_analysis,exploratory_data_analysis,analysis,45,high,3,26297,26457,negation,task_004288,repo
task_004290,proj_00474,Normalise and scale variance reduction covariate ahead of model training.,ab_testing_analysis,feature_engineering,analysis,246,medium,2,27015,27487,standard,task_004289,repo
task_004291,proj_00474,Retrain the difference-in-differences model on the experiment exposure dataset without changing the current hyperparameters.,ab_testing_analysis,model_training,modelling,190,high,3,27585,27907,negation,task_004290,repo
task_004292,proj_00474,Run an error analysis on the difference-in-differences model predictions for experiment outcome.,ab_testing_analysis,model_evaluation,modelling,76,medium,2,28585,29055,standard,task_004291,repo
task_004293,proj_00474,Train a difference-in-differences model to predict experiment outcome using the experiment exposure dataset.,ab_testing_analysis,model_training,modelling,213,medium,2,29068,29524,standard,task_004292,repo
task_004294,proj_00474,Assessing whether the difference-in-differences model meets the required performance threshold.,ab_testing_analysis,model_evaluation,modelling,94,high,3,29561,29755,standard,task_004293,repo
task_004295,proj_00474,Updating the project README with the latest experiment exposure dataset schema.,ab_testing_analysis,reporting_documentation,reporting,125,medium,2,30350,30744,standard,task_004294,repo
task_004296,proj_00474,Resolve the freshness issue in the experiment exposure dataset without changing the ingestion schedule.,ab_testing_analysis,data_pipeline_maintenance,infrastructure,26,low,1,28823,30026,negation,,repo
task_004297,proj_00475,Gather the missing records for the shipment tracking dataset without hitting production directly.,supply_chain_optimisation,data_collection,data_preparation,103,low,1,37990,39347,negation,,repo
task_004298,proj_00475,"First fix the encoding issues in the shipment tracking dataset, then reconcile the mismatched identifiers.",supply_chain_optimisation,data_cleaning,data_preparation,138,low,1,39337,40112,multi_step,task_004297,repo
task_004299,proj_00475,"Whatever we did last time to the random forest regressor, do it again with the new data.",supply_chain_optimisation,model_training,modelling,251,medium,2,39458,39859,ambiguous,task_004298,repo
task_004300,proj_00475,Check whether the random forest regressor is actually any good on stock-out risk.,supply_chain_optimisation,model_evaluation,modelling,92,low,1,39677,40431,ambiguous,task_004299,repo
task_004301,proj_00475,Updating the project README with the latest shipment tracking dataset schema.,supply_chain_optimisation,reporting_documentation,reporting,113,low,1,40884,41369,standard,task_004300,repo
task_004302,proj_00475,"First add monitoring for the recurring failure, then refactor the shipment tracking dataset ingestion.",supply_chain_optimisation,data_pipeline_maintenance,infrastructure,76,medium,2,45445,45728,multi_step,,repo
task_004303,proj_00475,Investigate a failed run in the shipment tracking dataset ingestion pipeline.,supply_chain_optimisation,data_pipeline_maintenance,infrastructure,77,high,3,41351,41477,standard,,repo
task_004304,proj_00476,Pull the latest records and afterwards check the warehouse inventory dataset covers the full time range.,supply_chain_optimisation,data_collection,data_preparation,170,medium,2,59648,59939,multi_step,,repo
task_004305,proj_00476,"First fix the encoding issues in the warehouse inventory dataset, then reconcile the mismatched identifiers.",supply_chain_optimisation,data_cleaning,data_preparation,240,medium,2,59955,60416,multi_step,task_004304,repo
task_004306,proj_00476,Produce summary statistics and visualisations for the warehouse inventory dataset.,supply_chain_optimisation,exploratory_data_analysis,analysis,140,high,3,60470,60685,standard,task_004305,repo
task_004307,proj_00476,Engineer new features from supplier reliability to improve delivery delay prediction.,supply_chain_optimisation,feature_engineering,analysis,163,low,1,60886,61667,standard,task_004306,repo
task_004308,proj_00476,Fit the gradient boosting regressor on the prepared warehouse inventory dataset.,supply_chain_optimisation,model_training,modelling,154,high,3,61300,61594,standard,task_004307,repo
task_004309,proj_00476,Validate the gradient boosting regressor without touching the held-out test split.,supply_chain_optimisation,model_evaluation,modelling,34,high,3,62001,62100,negation,task_004308,repo
task_004310,proj_00476,Retrain the gradient boosting regressor on the warehouse inventory dataset without changing the current hyperparameters.,supply_chain_optimisation,model_training,modelling,108,low,1,62360,63022,negation,task_004309,repo
task_004311,proj_00476,"Score the gradient boosting regressor on the held-out split, then run an error analysis on the failures.",supply_chain_optimisation,model_evaluation,modelling,134,medium,2,62430,62736,multi_step,task_004310,repo
task_004312,proj_00476,Establishing a baseline gradient boosting regressor for delivery delay prediction.,supply_chain_optimisation,model_training,modelling,191,medium,2,63090,63702,standard,task_004311,repo
task_004313,proj_00476,Run an error analysis on the gradient boosting regressor predictions for delivery delay.,supply_chain_optimisation,model_evaluation,modelling,34,low,1,64264,65360,standard,task_004312,repo
task_004314,proj_00476,Prepare a one-page summary of gradient boosting regressor results for management.,supply_chain_optimisation,reporting_documentation,reporting,82,medium,2,65148,65615,standard,task_004313,repo
task_004315,proj_00476,Reviewing pipeline logs after an unexpected failure.,supply_chain_optimisation,data_pipeline_maintenance,infrastructure,32,low,1,63743,64079,standard,,repo
task_004316,proj_00477,Gather historical records to build the historical sales dataset.,sales_forecasting,data_collection,data_preparation,49,low,1,13904,14618,standard,,repo
task_004317,proj_00477,Resolve inconsistent entries in the historical sales dataset without dropping any rows.,sales_forecasting,data_cleaning,data_preparation,83,low,1,14443,14972,negation,task_004316,repo
task_004318,proj_00477,Visualise trends in inventory requirements over time using the historical sales dataset.,sales_forecasting,exploratory_data_analysis,analysis,209,low,1,14852,15672,standard,task_004317,repo
task_004319,proj_00477,Set up cross-validation and then fit the gradient boosting regressor on the prepared historical sales dataset.,sales_forecasting,model_training,modelling,119,high,3,15925,16114,multi_step,task_004318,repo
task_004320,proj_00477,Produce a confusion matrix summarising gradient boosting regressor performance on inventory requirements.,sales_forecasting,model_evaluation,modelling,115,high,3,16438,16688,standard,task_004319,repo
task_004321,proj_00477,Retrain the gradient boosting regressor on the historical sales dataset without changing the current hyperparameters.,sales_forecasting,model_training,modelling,230,low,1,17844,18937,negation,task_004320,repo
task_004322,proj_00477,The gradient boosting regressor was fine last month and now it isn't.,sales_forecasting,model_evaluation,modelling,132,medium,2,18239,18643,ambiguous,task_004321,repo
task_004323,proj_00477,They want something on inventory requirements for tomorrow.,sales_forecasting,reporting_documentation,reporting,139,medium,2,19502,19849,ambiguous,task_004322,repo
task_004324,proj_00477,The historical sales dataset pipeline has been flaky all week.,sales_forecasting,data_pipeline_maintenance,infrastructure,70,medium,2,31656,31983,ambiguous,,repo
task_004325,proj_00477,Fix a broken scheduled job feeding the historical sales dataset.,sales_forecasting,data_pipeline_maintenance,infrastructure,108,high,3,18228,18457,standard,,repo
task_004326,proj_00478,Check where the customer feedback dataset is actually coming from.,sentiment_analysis,data_collection,data_preparation,89,low,1,24533,25050,ambiguous,,repo
task_004327,proj_00478,Fixing encoding issues in the customer feedback dataset before further processing.,sentiment_analysis,data_cleaning,data_preparation,128,high,3,25233,25494,standard,task_004326,repo
task_004328,proj_00478,Assess class imbalance in customer satisfaction without resampling the customer feedback dataset at this stage.,sentiment_analysis,exploratory_data_analysis,analysis,189,high,3,26007,26294,negation,task_004327,repo
task_004329,proj_00478,"Create the lagged variables from topic distribution, then aggregate them at project level.",sentiment_analysis,feature_engineering,analysis,100,medium,2,27021,27367,multi_step,task_004328,repo
task_004330,proj_00478,"Whatever we did last time to the naive Bayes classifier, do it again with the new data.",sentiment_analysis,model_training,modelling,91,high,3,28345,28572,ambiguous,task_004329,repo
task_004331,proj_00478,Assess the naive Bayes classifier on customer satisfaction without relying on accuracy as the headline metric.,sentiment_analysis,model_evaluation,modelling,56,medium,2,29212,29577,negation,task_004330,repo
task_004332,proj_00478,Fine-tune the naive Bayes classifier on a recent snapshot of the customer feedback dataset.,sentiment_analysis,model_training,modelling,267,high,3,29675,30066,standard,task_004331,repo
task_004333,proj_00478,Assess the naive Bayes classifier on customer satisfaction without relying on accuracy as the headline metric.,sentiment_analysis,model_evaluation,modelling,143,high,3,30016,30258,negation,task_004332,repo
task_004334,proj_00478,"First fit the naive Bayes classifier on a sample, then run the full training on the customer feedback dataset.",sentiment_analysis,model_training,modelling,222,high,3,30837,31175,multi_step,task_004333,repo
task_004335,proj_00478,"Evaluate the naive Bayes classifier on the customer feedback dataset, then check fairness across the main segments.",sentiment_analysis,model_evaluation,modelling,62,high,3,31278,31517,multi_step,task_004334,repo
task_004336,proj_00478,Write up the customer satisfaction results without waiting for the final naive Bayes classifier run.,sentiment_analysis,reporting_documentation,reporting,93,low,1,32422,33169,negation,task_004335,repo
task_004337,proj_00478,Reviewing pipeline logs after an unexpected failure.,sentiment_analysis,data_pipeline_maintenance,infrastructure,53,low,1,39427,40692,standard,,repo
task_004338,proj_00478,Restart and verify the customer feedback dataset pipeline after a maintenance window.,sentiment_analysis,data_pipeline_maintenance,infrastructure,97,medium,2,25925,26472,standard,,repo
task_004339,proj_00478,Add monitoring for a recurring failure in the customer feedback dataset pipeline.,sentiment_analysis,data_pipeline_maintenance,infrastructure,110,medium,2,36953,37297,standard,,repo
task_004340,proj_00479,Collect raw data for the store-level sales dataset from the source system.,sales_forecasting,data_collection,data_preparation,135,medium,2,33673,34129,standard,,repo
task_004341,proj_00479,Standardise column formats across the store-level sales dataset.,sales_forecasting,data_cleaning,data_preparation,105,medium,2,34790,35317,standard,task_004340,repo
task_004342,proj_00479,Visualise trends in weekly sales volume over time using the store-level sales dataset.,sales_forecasting,exploratory_data_analysis,analysis,202,medium,2,36113,36714,standard,task_004341,repo
task_004343,proj_00479,Normalise and scale store location ahead of model training.,sales_forecasting,feature_engineering,analysis,166,low,1,37474,38339,standard,task_004342,repo
task_004344,proj_00479,"Whatever we did last time to the temporal fusion transformer, do it again with the new data.",sales_forecasting,model_training,modelling,102,low,1,38868,40265,ambiguous,task_004343,repo
task_004345,proj_00479,Validate the temporal fusion transformer on out-of-time data before deployment.,sales_forecasting,model_evaluation,modelling,148,low,1,40226,41115,standard,task_004344,repo
task_004346,proj_00479,Nobody knows how the temporal fusion transformer works — fix that.,sales_forecasting,reporting_documentation,reporting,83,low,1,40288,41388,ambiguous,task_004345,repo
task_004347,proj_00480,Retrieving additional records is required to complete the borrower repayment dataset.,credit_scoring,data_collection,data_preparation,128,medium,2,72653,73194,standard,,repo
task_004348,proj_00480,Detect and treat outliers in credit utilisation within the borrower repayment dataset.,credit_scoring,data_cleaning,data_preparation,63,high,3,73093,73259,standard,task_004347,repo
task_004349,proj_00480,Compare credit utilisation distributions across different segments of the borrower repayment dataset.,credit_scoring,exploratory_data_analysis,analysis,196,medium,2,73923,74465,standard,task_004348,repo
task_004350,proj_00480,Build aggregated features summarising credit utilisation at the project level.,credit_scoring,feature_engineering,analysis,142,medium,2,74750,75085,standard,task_004349,repo
task_004351,proj_00480,Training a logistic regression model from scratch on the updated borrower repayment dataset.,credit_scoring,model_training,modelling,258,high,3,75949,76312,standard,task_004350,repo
task_004352,proj_00480,"Score the logistic regression model on the held-out split, then run an error analysis on the failures.",credit_scoring,model_evaluation,modelling,82,high,3,76669,76829,multi_step,task_004351,repo
task_004353,proj_00480,Draft release notes describing changes to the logistic regression model pipeline.,credit_scoring,reporting_documentation,reporting,147,low,1,77908,79493,standard,task_004352,repo
task_004354,proj_00480,Add monitoring for a recurring failure in the borrower repayment dataset pipeline.,credit_scoring,data_pipeline_maintenance,infrastructure,65,high,3,72970,73132,standard,,repo
task_004355,proj_00480,Monitor data quality alerts for the borrower repayment dataset pipeline.,credit_scoring,data_pipeline_maintenance,infrastructure,100,low,1,89167,90354,standard,,repo
task_004356,proj_00481,Merge multiple data extracts into a single news articles dataset.,text_summarisation,data_collection,data_preparation,85,low,1,4210,4762,standard,,repo
task_004357,proj_00481,Detect and treat outliers in topic coherence within the news articles dataset.,text_summarisation,data_cleaning,data_preparation,129,low,1,4292,5377,standard,task_004356,repo
task_004358,proj_00481,Engineer new features from topic coherence to improve document category prediction.,text_summarisation,feature_engineering,analysis,89,medium,2,5476,5811,standard,task_004357,repo
task_004359,proj_00481,Debug a training failure encountered while fitting the extractive summarisation pipeline.,text_summarisation,model_training,modelling,359,low,1,6653,7418,standard,task_004358,repo
task_004360,proj_00481,Investigate a drop in extractive summarisation pipeline recall after the last news articles dataset update.,text_summarisation,model_evaluation,modelling,89,medium,2,7066,7414,standard,task_004359,repo
task_004361,proj_00481,Nobody knows how the extractive summarisation pipeline works — fix that.,text_summarisation,reporting_documentation,reporting,137,medium,2,7522,8115,ambiguous,task_004360,repo
task_004362,proj_00481,Patch a schema change that broke the news articles dataset pipeline.,text_summarisation,data_pipeline_maintenance,infrastructure,51,low,1,12318,13762,standard,,repo
task_004363,proj_00482,Query the production database to extract data for the shipment tracking dataset.,supply_chain_optimisation,data_collection,data_preparation,94,high,3,28470,28617,standard,,repo
task_004364,proj_00482,Deduplicate the shipment tracking dataset and then standardise the lead time column formats.,supply_chain_optimisation,data_cleaning,data_preparation,32,high,3,28697,28907,multi_step,task_004363,repo
task_004365,proj_00482,Produce summary statistics and visualisations for the shipment tracking dataset.,supply_chain_optimisation,exploratory_data_analysis,analysis,51,low,1,30052,30981,standard,task_004364,repo
task_004366,proj_00482,Build aggregated features summarising lead time at the project level.,supply_chain_optimisation,feature_engineering,analysis,288,high,3,31410,31766,standard,task_004365,repo
task_004367,proj_00482,"First fit the gradient boosting regressor on a sample, then run the full training on the shipment tracking dataset.",supply_chain_optimisation,model_training,modelling,273,high,3,32509,32915,multi_step,task_004366,repo
task_004368,proj_00482,"Compute precision, recall and F1 for stock-out risk predictions.",supply_chain_optimisation,model_evaluation,modelling,48,high,3,33638,33726,standard,task_004367,repo
task_004369,proj_00482,Summarise the gradient boosting regressor results for management without including technical detail.,supply_chain_optimisation,reporting_documentation,reporting,66,low,1,34157,34873,negation,task_004368,repo
task_004370,proj_00482,Fix the failing shipment tracking dataset job without taking the pipeline offline.,supply_chain_optimisation,data_pipeline_maintenance,infrastructure,53,medium,2,44825,45077,negation,,repo
task_004371,proj_00482,Add monitoring for a recurring failure in the shipment tracking dataset pipeline.,supply_chain_optimisation,data_pipeline_maintenance,infrastructure,55,low,1,30341,31507,standard,,repo
task_004372,proj_00483,"Request access to the new source, then pull an initial extract into the customer retention dataset.",customer_churn,data_collection,data_preparation,45,low,1,28051,29320,multi_step,,repo
task_004373,proj_00483,Remove duplicate records from the customer retention dataset.,customer_churn,data_cleaning,data_preparation,232,medium,2,28268,28724,standard,task_004372,repo
task_004374,proj_00483,Check for seasonality patterns related to tenure in the customer retention dataset.,customer_churn,exploratory_data_analysis,analysis,194,medium,2,28559,28881,standard,task_004373,repo
task_004375,proj_00483,Improve signal for subscription cancellation without adding features derived from tenure.,customer_churn,feature_engineering,analysis,291,medium,2,28851,29264,negation,task_004374,repo
task_004376,proj_00483,"Whatever we did last time to the random forest classifier, do it again with the new data.",customer_churn,model_training,modelling,344,high,3,29196,29592,ambiguous,task_004375,repo
task_004377,proj_00483,Assessing whether the random forest classifier meets the required performance threshold.,customer_churn,model_evaluation,modelling,60,low,1,29803,31195,standard,task_004376,repo
task_004378,proj_00483,Summarise the random forest classifier results for management without including technical detail.,customer_churn,reporting_documentation,reporting,111,low,1,30758,32101,negation,task_004377,repo
task_004379,proj_00484,Query the production database to extract data for the conversion funnel dataset.,ab_testing_analysis,data_collection,data_preparation,91,medium,2,25832,26083,standard,,repo
task_004380,proj_00484,Something's wrong with variance reduction covariate in the conversion funnel dataset.,ab_testing_analysis,data_cleaning,data_preparation,107,medium,2,25923,26206,ambiguous,task_004379,repo
task_004381,proj_00484,"Profile the conversion funnel dataset first, then investigate how variance reduction covariate relates to conversion rate uplift.",ab_testing_analysis,exploratory_data_analysis,analysis,76,medium,2,27284,27626,multi_step,task_004380,repo
task_004382,proj_00484,Test whether adding variance reduction covariate-derived features improves signal for conversion rate uplift.,ab_testing_analysis,feature_engineering,analysis,224,low,1,27645,28822,standard,task_004381,repo
task_004383,proj_00484,Fit the causal inference model on the prepared conversion funnel dataset.,ab_testing_analysis,model_training,modelling,98,high,3,28241,28390,standard,task_004382,repo
task_004384,proj_00484,Validate the causal inference model on out-of-time data before deployment.,ab_testing_analysis,model_evaluation,modelling,114,low,1,28943,30184,standard,task_004383,repo
task_004385,proj_00484,Training a causal inference model from scratch on the updated conversion funnel dataset.,ab_testing_analysis,model_training,modelling,258,low,1,30313,31933,standard,task_004384,repo
task_004386,proj_00484,Compare the causal inference model against the previous version without retraining either of them.,ab_testing_analysis,model_evaluation,modelling,116,low,1,30846,31863,negation,task_004385,repo
task_004387,proj_00484,Give the causal inference model another run with the latest conversion funnel dataset.,ab_testing_analysis,model_training,modelling,219,high,3,31220,31469,ambiguous,task_004386,repo
task_004388,proj_00484,Compare the causal inference model against the previous version without retraining either of them.,ab_testing_analysis,model_evaluation,modelling,102,medium,2,31519,31774,negation,task_004387,repo
task_004389,proj_00484,Finalise documentation before closing out the conversion rate uplift project.,ab_testing_analysis,reporting_documentation,reporting,163,medium,2,32489,32955,standard,task_004388,repo
task_004390,proj_00484,Restore the conversion funnel dataset pipeline without triggering a full historical backfill.,ab_testing_analysis,data_pipeline_maintenance,infrastructure,79,medium,2,37371,37876,negation,,repo
task_004391,proj_00484,Fix a broken scheduled job feeding the conversion funnel dataset.,ab_testing_analysis,data_pipeline_maintenance,infrastructure,18,medium,2,31816,32256,standard,,repo
task_004392,proj_00484,"First add monitoring for the recurring failure, then refactor the conversion funnel dataset ingestion.",ab_testing_analysis,data_pipeline_maintenance,infrastructure,72,medium,2,35743,36274,multi_step,,repo
task_004393,proj_00485,Query the production database to extract data for the employee survey dataset.,employee_attrition,data_collection,data_preparation,146,low,1,60074,61287,standard,,repo
task_004394,proj_00485,Clean the employee survey dataset for employee attrition modelling without altering the original source files.,employee_attrition,data_cleaning,data_preparation,133,medium,2,60361,60746,negation,task_004393,repo
task_004395,proj_00485,Explore the distribution of compensation band in the employee survey dataset.,employee_attrition,exploratory_data_analysis,analysis,166,low,1,61159,61652,standard,task_004394,repo
task_004396,proj_00485,Improve signal for employee attrition without adding features derived from compensation band.,employee_attrition,feature_engineering,analysis,279,high,3,61343,61722,negation,task_004395,repo
task_004397,proj_00485,Fine-tune the gradient boosting model on a recent snapshot of the employee survey dataset.,employee_attrition,model_training,modelling,62,high,3,61585,61773,standard,task_004396,repo
task_004398,proj_00485,"Evaluate the gradient boosting model on the employee survey dataset, then check fairness across the main segments.",employee_attrition,model_evaluation,modelling,76,medium,2,62642,63196,multi_step,task_004397,repo
task_004399,proj_00485,"The gradient boosting model isn't picking anything up, have a go at it.",employee_attrition,model_training,modelling,112,high,3,63705,63847,ambiguous,task_004398,repo
task_004400,proj_00485,"Evaluate the gradient boosting model on the employee survey dataset, then check fairness across the main segments.",employee_attrition,model_evaluation,modelling,134,medium,2,65026,65310,multi_step,task_004399,repo
task_004401,proj_00485,Finalise documentation before closing out the employee attrition project.,employee_attrition,reporting_documentation,reporting,55,low,1,66417,67810,standard,task_004400,repo
task_004402,proj_00485,"The employee survey dataset numbers look stale, find out why.",employee_attrition,data_pipeline_maintenance,infrastructure,67,low,1,59005,60339,ambiguous,,repo
task_004403,proj_00486,Extract records for the internal reports dataset without pulling any personally identifiable fields.,text_summarisation,data_collection,data_preparation,33,medium,2,73216,73610,negation,,repo
task_004404,proj_00486,Standardise column formats across the internal reports dataset.,text_summarisation,data_cleaning,data_preparation,164,low,1,73900,74912,standard,task_004403,repo
task_004405,proj_00486,Train a extractive summarisation pipeline to predict summary quality using the internal reports dataset.,text_summarisation,model_training,modelling,199,low,1,73980,75554,standard,task_004404,repo
task_004406,proj_00486,"First reproduce the reported extractive summarisation pipeline metrics, then investigate the drop in recall.",text_summarisation,model_evaluation,modelling,59,medium,2,74543,74774,multi_step,task_004405,repo
task_004407,proj_00486,Fine-tune the extractive summarisation pipeline on a recent snapshot of the internal reports dataset.,text_summarisation,model_training,modelling,237,high,3,74794,75141,standard,task_004406,repo
task_004408,proj_00486,Validate the extractive summarisation pipeline without touching the held-out test split.,text_summarisation,model_evaluation,modelling,143,high,3,75206,75421,negation,task_004407,repo
task_004409,proj_00486,Put together whatever we have on the internal reports dataset for the handover.,text_summarisation,reporting_documentation,reporting,63,high,3,76538,76632,ambiguous,task_004408,repo
task_004410,proj_00486,Patch a schema change that broke the internal reports dataset pipeline.,text_summarisation,data_pipeline_maintenance,infrastructure,96,high,3,82362,82580,standard,,repo
task_004411,proj_00486,Fix a broken scheduled job feeding the internal reports dataset.,text_summarisation,data_pipeline_maintenance,infrastructure,91,high,3,88919,89174,standard,,repo
task_004412,proj_00486,Investigate a failed run in the internal reports dataset ingestion pipeline.,text_summarisation,data_pipeline_maintenance,infrastructure,31,high,3,80756,80821,standard,,repo
task_004413,proj_00487,Extract records for the network traffic dataset without pulling any personally identifiable fields.,network_intrusion_detection,data_collection,data_preparation,49,medium,2,43689,43922,negation,,repo
task_004414,proj_00487,Detect and treat outliers in packet size within the network traffic dataset.,network_intrusion_detection,data_cleaning,data_preparation,197,low,1,44749,46147,standard,task_004413,repo
task_004415,proj_00487,"Compute summary statistics for the network traffic dataset, then visualise how malicious traffic moves over time.",network_intrusion_detection,exploratory_data_analysis,analysis,161,low,1,45902,46566,multi_step,task_004414,repo
task_004416,proj_00487,Encode categorical variables in the network traffic dataset for the autoencoder model.,network_intrusion_detection,feature_engineering,analysis,104,low,1,47044,48432,standard,task_004415,repo
task_004417,proj_00487,Fine-tune the autoencoder model on a recent snapshot of the network traffic dataset.,network_intrusion_detection,model_training,modelling,71,medium,2,48439,48806,standard,task_004416,repo
task_004418,proj_00487,Evaluate the autoencoder model on a held-out split of the network traffic dataset.,network_intrusion_detection,model_evaluation,modelling,88,medium,2,49473,49980,standard,task_004417,repo
task_004419,proj_00487,Summarise key findings from the malicious traffic analysis for the team.,network_intrusion_detection,reporting_documentation,reporting,54,low,1,49724,50928,standard,task_004418,repo
task_004420,proj_00487,"Check the pipeline logs, then patch the schema change that broke the network traffic dataset ingestion.",network_intrusion_detection,data_pipeline_maintenance,infrastructure,91,medium,2,51027,51401,multi_step,,repo
task_004421,proj_00487,Fix the failing network traffic dataset job without taking the pipeline offline.,network_intrusion_detection,data_pipeline_maintenance,infrastructure,59,high,3,54054,54238,negation,,repo
task_004422,proj_00488,Pull the latest records and afterwards check the clinical notes dataset covers the full time range.,healthcare_readmission,data_collection,data_preparation,175,medium,2,959,1607,multi_step,,repo
task_004423,proj_00488,Clean the clinical notes dataset for patient risk score modelling without altering the original source files.,healthcare_readmission,data_cleaning,data_preparation,69,medium,2,1584,2051,negation,task_004422,repo
task_004424,proj_00488,Explore the distribution of comorbidity count in the clinical notes dataset.,healthcare_readmission,exploratory_data_analysis,analysis,141,low,1,2477,2957,standard,task_004423,repo
task_004425,proj_00488,Reduce the dimensionality of the clinical notes dataset without discarding comorbidity count.,healthcare_readmission,feature_engineering,analysis,167,medium,2,3287,3693,negation,task_004424,repo
task_004426,proj_00488,Debug a training failure encountered while fitting the survival analysis model.,healthcare_readmission,model_training,modelling,250,medium,2,4228,4620,standard,task_004425,repo
task_004427,proj_00488,"Score the survival analysis model on the held-out split, then run an error analysis on the failures.",healthcare_readmission,model_evaluation,modelling,111,low,1,4412,5611,multi_step,task_004426,repo
task_004428,proj_00488,Prepare a one-page summary of survival analysis model results for management.,healthcare_readmission,reporting_documentation,reporting,137,medium,2,4617,4909,standard,task_004427,repo
task_004429,proj_00488,Fix a broken scheduled job feeding the clinical notes dataset.,healthcare_readmission,data_pipeline_maintenance,infrastructure,32,medium,2,19345,19822,standard,,repo
task_004430,proj_00488,The clinical notes dataset pipeline has been flaky all week.,healthcare_readmission,data_pipeline_maintenance,infrastructure,50,low,1,757,1863,ambiguous,,repo
task_004431,proj_00489,Gather the missing records for the clinical notes dataset without hitting production directly.,healthcare_readmission,data_collection,data_preparation,32,medium,2,65775,66272,negation,,repo
task_004432,proj_00489,Filter out invalid or corrupted rows from the clinical notes dataset.,healthcare_readmission,data_cleaning,data_preparation,220,low,1,66167,67140,standard,task_004431,repo
task_004433,proj_00489,Compare discharge disposition distributions across different segments of the clinical notes dataset.,healthcare_readmission,exploratory_data_analysis,analysis,122,medium,2,66538,66796,standard,task_004432,repo
task_004434,proj_00489,Normalise and scale discharge disposition ahead of model training.,healthcare_readmission,feature_engineering,analysis,176,medium,2,67113,67566,standard,task_004433,repo
task_004435,proj_00489,Fit the survival analysis model on the clinical notes dataset without using the discharge disposition column.,healthcare_readmission,model_training,modelling,235,medium,2,67354,67912,negation,task_004434,repo
task_004436,proj_00489,Compare the survival analysis model against a previous version on the clinical notes dataset.,healthcare_readmission,model_evaluation,modelling,113,medium,2,68598,68992,standard,task_004435,repo
task_004437,proj_00489,Summarise the survival analysis model results for management without including technical detail.,healthcare_readmission,reporting_documentation,reporting,179,high,3,69552,69859,negation,task_004436,repo
task_004438,proj_00489,"Check the pipeline logs, then patch the schema change that broke the clinical notes dataset ingestion.",healthcare_readmission,data_pipeline_maintenance,infrastructure,16,low,1,81741,82333,multi_step,,repo
task_004439,proj_00490,Scrape supplementary records to enrich the store-level sales dataset.,sales_forecasting,data_collection,data_preparation,86,medium,2,38906,39276,standard,,repo
task_004440,proj_00490,Standardise column formats across the store-level sales dataset.,sales_forecasting,data_cleaning,data_preparation,164,medium,2,40231,40538,standard,task_004439,repo
task_004441,proj_00490,Train a gradient boosting regressor to predict weekly sales volume using the store-level sales dataset.,sales_forecasting,model_training,modelling,131,high,3,40818,41079,standard,task_004440,repo
task_004442,proj_00490,Assessing whether the gradient boosting regressor meets the required performance threshold.,sales_forecasting,model_evaluation,modelling,143,low,1,41209,42586,standard,task_004441,repo
task_004443,proj_00490,Document known limitations of the current gradient boosting regressor.,sales_forecasting,reporting_documentation,reporting,65,medium,2,41829,42027,standard,task_004442,repo
task_004444,proj_00490,"First add monitoring for the recurring failure, then refactor the store-level sales dataset ingestion.",sales_forecasting,data_pipeline_maintenance,infrastructure,74,medium,2,41008,41292,multi_step,,repo
task_004445,proj_00490,Resolve the freshness issue in the store-level sales dataset without changing the ingestion schedule.,sales_forecasting,data_pipeline_maintenance,infrastructure,102,low,1,42063,42765,negation,,repo
task_004446,proj_00491,Gather historical records to build the employee survey dataset.,employee_attrition,data_collection,data_preparation,85,low,1,17282,18079,standard,,repo
task_004447,proj_00491,Fixing encoding issues in the employee survey dataset before further processing.,employee_attrition,data_cleaning,data_preparation,158,low,1,18497,19983,standard,task_004446,repo
task_004448,proj_00491,Explore the distribution of performance rating in the employee survey dataset.,employee_attrition,exploratory_data_analysis,analysis,92,low,1,19245,20433,standard,task_004447,repo
task_004449,proj_00491,Encode categorical variables in the employee survey dataset for the survival analysis model.,employee_attrition,feature_engineering,analysis,87,medium,2,19455,19991,standard,task_004448,repo
task_004450,proj_00491,Set up the training pipeline for the survival analysis model.,employee_attrition,model_training,modelling,251,high,3,19968,20374,standard,task_004449,repo
task_004451,proj_00491,Check whether the survival analysis model is actually any good on engagement score.,employee_attrition,model_evaluation,modelling,51,high,3,21220,21301,ambiguous,task_004450,repo
task_004452,proj_00491,Train a survival analysis model to predict engagement score using the employee survey dataset.,employee_attrition,model_training,modelling,154,high,3,21354,21625,standard,task_004451,repo
task_004453,proj_00491,Compare the survival analysis model against a previous version on the employee survey dataset.,employee_attrition,model_evaluation,modelling,126,low,1,22250,23313,standard,task_004452,repo
task_004454,proj_00491,Finalise documentation before closing out the engagement score project.,employee_attrition,reporting_documentation,reporting,156,low,1,23036,24186,standard,task_004453,repo
task_004455,proj_00491,Restore the employee survey dataset pipeline without triggering a full historical backfill.,employee_attrition,data_pipeline_maintenance,infrastructure,15,high,3,36192,36385,negation,,repo
task_004456,proj_00491,Resolve a data freshness issue affecting the employee survey dataset.,employee_attrition,data_pipeline_maintenance,infrastructure,15,low,1,21214,22173,standard,,repo
task_004457,proj_00492,Query the production database to extract data for the internal reports dataset.,text_summarisation,data_collection,data_preparation,102,low,1,62119,63054,standard,,repo
task_004458,proj_00492,Resolve inconsistent entries in the internal reports dataset without dropping any rows.,text_summarisation,data_cleaning,data_preparation,92,medium,2,63037,63309,negation,task_004457,repo
task_004459,proj_00492,Improve signal for summary quality without adding features derived from sentence embeddings.,text_summarisation,feature_engineering,analysis,253,medium,2,64311,65030,negation,task_004458,repo
task_004460,proj_00492,Retrain the topic model after incorporating the new features.,text_summarisation,model_training,modelling,101,high,3,65584,65842,standard,task_004459,repo
task_004461,proj_00492,"Evaluate the topic model on the internal reports dataset, then check fairness across the main segments.",text_summarisation,model_evaluation,modelling,139,medium,2,66475,66910,multi_step,task_004460,repo
task_004462,proj_00492,Nobody knows how the topic model works — fix that.,text_summarisation,reporting_documentation,reporting,137,low,1,66852,67283,ambiguous,task_004461,repo
task_004463,proj_00492,Monitor data quality alerts for the internal reports dataset pipeline.,text_summarisation,data_pipeline_maintenance,infrastructure,120,high,3,79156,79388,standard,,repo
task_004464,proj_00493,Set up an automated pipeline to pull new records into the borrower repayment dataset.,credit_scoring,data_collection,data_preparation,130,low,1,10473,11963,standard,,repo
task_004465,proj_00493,"The borrower repayment dataset looks messy again, deal with it.",credit_scoring,data_cleaning,data_preparation,36,medium,2,11880,12280,ambiguous,task_004464,repo
task_004466,proj_00493,"Compute summary statistics for the borrower repayment dataset, then visualise how loan default risk moves over time.",credit_scoring,exploratory_data_analysis,analysis,97,low,1,13190,13804,multi_step,task_004465,repo
task_004467,proj_00493,Generate embeddings to represent credit utilisation for the XGBoost model.,credit_scoring,feature_engineering,analysis,235,medium,2,13514,14145,standard,task_004466,repo
task_004468,proj_00493,Run cross-validation while training the XGBoost model on the borrower repayment dataset.,credit_scoring,model_training,modelling,96,high,3,14257,14479,standard,task_004467,repo
task_004469,proj_00493,The XGBoost model was fine last month and now it isn't.,credit_scoring,model_evaluation,modelling,102,high,3,15574,15800,ambiguous,task_004468,repo
task_004470,proj_00493,Fine-tune the XGBoost model on a recent snapshot of the borrower repayment dataset.,credit_scoring,model_training,modelling,314,low,1,16437,17576,standard,task_004469,repo
task_004471,proj_00493,Assess the XGBoost model on loan default risk without relying on accuracy as the headline metric.,credit_scoring,model_evaluation,modelling,79,low,1,16763,17141,negation,task_004470,repo
task_004472,proj_00493,They want something on loan default risk for tomorrow.,credit_scoring,reporting_documentation,reporting,116,medium,2,17279,17640,ambiguous,task_004471,repo
task_004473,proj_00493,Monitor data quality alerts for the borrower repayment dataset pipeline.,credit_scoring,data_pipeline_maintenance,infrastructure,41,low,1,17048,18224,standard,,repo
task_004474,proj_00494,Set up an automated pipeline to pull new records into the demand forecasting dataset.,sales_forecasting,data_collection,data_preparation,155,medium,2,70715,71093,standard,,repo
task_004475,proj_00494,Something's wrong with lag features in the demand forecasting dataset.,sales_forecasting,data_cleaning,data_preparation,135,medium,2,72128,72419,ambiguous,task_004474,repo
task_004476,proj_00494,Compare lag features distributions across different segments of the demand forecasting dataset.,sales_forecasting,exploratory_data_analysis,analysis,179,low,1,72841,73453,standard,task_004475,repo
task_004477,proj_00494,Debug a training failure encountered while fitting the temporal fusion transformer.,sales_forecasting,model_training,modelling,75,high,3,73057,73252,standard,task_004476,repo
task_004478,proj_00494,"Evaluate the temporal fusion transformer on the demand forecasting dataset, then check fairness across the main segments.",sales_forecasting,model_evaluation,modelling,130,medium,2,73407,73877,multi_step,task_004477,repo
task_004479,proj_00494,Prepare a one-page summary of temporal fusion transformer results for management.,sales_forecasting,reporting_documentation,reporting,124,low,1,74333,74992,standard,task_004478,repo
task_004480,proj_00494,Refactor the ingestion pipeline for the demand forecasting dataset to reduce runtime.,sales_forecasting,data_pipeline_maintenance,infrastructure,55,high,3,76171,76312,standard,,repo
task_004481,proj_00494,"The demand forecasting dataset numbers look stale, find out why.",sales_forecasting,data_pipeline_maintenance,infrastructure,61,medium,2,78328,78669,ambiguous,,repo
task_004482,proj_00494,"The demand forecasting dataset numbers look stale, find out why.",sales_forecasting,data_pipeline_maintenance,infrastructure,67,low,1,82817,84027,ambiguous,,repo
task_004483,proj_00495,Collect raw data for the warehouse inventory dataset from the source system.,supply_chain_optimisation,data_collection,data_preparation,108,low,1,48444,49074,standard,,repo
task_004484,proj_00495,Clean missing values in the warehouse inventory dataset before training the mixed-integer optimisation model.,supply_chain_optimisation,data_cleaning,data_preparation,135,medium,2,49103,49648,standard,task_004483,repo
task_004485,proj_00495,Reduce the dimensionality of the warehouse inventory dataset without discarding warehouse capacity.,supply_chain_optimisation,feature_engineering,analysis,158,medium,2,49975,50423,negation,task_004484,repo
task_004486,proj_00495,Run cross-validation while training the mixed-integer optimisation model on the warehouse inventory dataset.,supply_chain_optimisation,model_training,modelling,87,high,3,50214,50363,standard,task_004485,repo
task_004487,proj_00495,"Evaluate the mixed-integer optimisation model on the warehouse inventory dataset, then check fairness across the main segments.",supply_chain_optimisation,model_evaluation,modelling,156,low,1,51145,52014,multi_step,task_004486,repo
task_004488,proj_00495,Document the data preparation steps applied to the warehouse inventory dataset.,supply_chain_optimisation,reporting_documentation,reporting,142,medium,2,51814,52186,standard,task_004487,repo
task_004489,proj_00495,Reviewing pipeline logs after an unexpected failure.,supply_chain_optimisation,data_pipeline_maintenance,infrastructure,24,low,1,57007,57496,standard,,repo
task_004490,proj_00495,"First add monitoring for the recurring failure, then refactor the warehouse inventory dataset ingestion.",supply_chain_optimisation,data_pipeline_maintenance,infrastructure,115,medium,2,58051,58288,multi_step,,repo
task_004491,proj_00496,"First query the production database, then consolidate the extracts into the user interaction dataset.",recommendation_system,data_collection,data_preparation,156,medium,2,1421,1934,multi_step,,repo
task_004492,proj_00496,Clean the user interaction dataset for user click-through rate modelling without altering the original source files.,recommendation_system,data_cleaning,data_preparation,59,high,3,1716,1879,negation,task_004491,repo
task_004493,proj_00496,Analyse correlations between category preference and user click-through rate in the user interaction dataset.,recommendation_system,exploratory_data_analysis,analysis,162,low,1,3073,3946,standard,task_004492,repo
task_004494,proj_00496,"category preference on its own isn't telling us much, work on it.",recommendation_system,feature_engineering,analysis,94,low,1,4418,5679,ambiguous,task_004493,repo
task_004495,proj_00496,Run cross-validation while training the matrix factorisation model on the user interaction dataset.,recommendation_system,model_training,modelling,184,low,1,5570,6313,standard,task_004494,repo
task_004496,proj_00496,"Compute precision, recall and F1 for user click-through rate predictions.",recommendation_system,model_evaluation,modelling,175,high,3,7005,7279,standard,task_004495,repo
task_004497,proj_00496,Updating the project README with the latest user interaction dataset schema.,recommendation_system,reporting_documentation,reporting,131,low,1,7668,8950,standard,task_004496,repo
task_004498,proj_00497,Requesting access to a new data source needed for the sensor telemetry dataset.,predictive_maintenance,data_collection,data_preparation,31,low,1,69074,69628,standard,,repo
task_004499,proj_00497,Clean missing values in the sensor telemetry dataset before training the LSTM survival model.,predictive_maintenance,data_cleaning,data_preparation,240,high,3,69399,69681,standard,task_004498,repo
task_004500,proj_00497,"There's something odd in the sensor telemetry dataset, can't put my finger on it.",predictive_maintenance,exploratory_data_analysis,analysis,119,medium,2,70798,71174,ambiguous,task_004499,repo
